   1              	 .cpu cortex-m4
   2              	 .eabi_attribute 20,1
   3              	 .eabi_attribute 21,1
   4              	 .eabi_attribute 23,3
   5              	 .eabi_attribute 24,1
   6              	 .eabi_attribute 25,1
   7              	 .eabi_attribute 26,1
   8              	 .eabi_attribute 30,4
   9              	 .eabi_attribute 34,1
  10              	 .eabi_attribute 18,4
  11              	 .file "sam4s_hal.c"
  12              	 .text
  13              	.Ltext0:
  14              	 .cfi_sections .debug_frame
  15              	 .section .text.platform_init,"ax",%progbits
  16              	 .align 1
  17              	 .global platform_init
  18              	 .arch armv7e-m
  19              	 .syntax unified
  20              	 .thumb
  21              	 .thumb_func
  22              	 .fpu softvfp
  24              	platform_init:
  25              	.LFB165:
  26              	 .file 1 ".././hal//sam4s/sam4s_hal.c"
   1:.././hal//sam4s/sam4s_hal.c **** #include "sam4s_hal.h"
   2:.././hal//sam4s/sam4s_hal.c **** #include "genclk.h"
   3:.././hal//sam4s/sam4s_hal.c **** #include "osc.h"
   4:.././hal//sam4s/sam4s_hal.c **** #include "pio.h"
   5:.././hal//sam4s/sam4s_hal.c **** #include "uart.h"
   6:.././hal//sam4s/sam4s_hal.c **** #include "sysclk.h"
   7:.././hal//sam4s/sam4s_hal.c **** #include "gpio.h"
   8:.././hal//sam4s/sam4s_hal.c **** 
   9:.././hal//sam4s/sam4s_hal.c **** void platform_init(void)
  10:.././hal//sam4s/sam4s_hal.c **** {
  27              	 .loc 1 10 1 view-0
  28              	 .cfi_startproc
  29              	 
  30              	 
  11:.././hal//sam4s/sam4s_hal.c **** 	WDT->WDT_MR = WDT_MR_WDDIS;
  31              	 .loc 1 11 2 view .LVU1
  32              	 .loc 1 11 14 is_stmt 0 view .LVU2
  33 0000 184B     	 ldr r3,.L5
  34 0002 4FF40042 	 mov r2,#32768
  10:.././hal//sam4s/sam4s_hal.c **** 	WDT->WDT_MR = WDT_MR_WDDIS;
  35              	 .loc 1 10 1 view .LVU3
  36 0006 70B5     	 push {r4,r5,r6,lr}
  37              	.LCFI0:
  38              	 .cfi_def_cfa_offset 16
  39              	 .cfi_offset 4,-16
  40              	 .cfi_offset 5,-12
  41              	 .cfi_offset 6,-8
  42              	 .cfi_offset 14,-4
  43              	.LBB28:
  44              	.LBB29:
  45              	 .file 2 ".././hal//sam4s/inc/sam4s/sysclk.h"
   1:.././hal//sam4s/inc/sam4s/sysclk.h **** /**
   2:.././hal//sam4s/inc/sam4s/sysclk.h ****  * \file
   3:.././hal//sam4s/inc/sam4s/sysclk.h ****  *
   4:.././hal//sam4s/inc/sam4s/sysclk.h ****  * \brief Chip-specific system clock management functions.
   5:.././hal//sam4s/inc/sam4s/sysclk.h ****  *
   6:.././hal//sam4s/inc/sam4s/sysclk.h ****  * Copyright (c) 2011-2018 Microchip Technology Inc. and its subsidiaries.
   7:.././hal//sam4s/inc/sam4s/sysclk.h ****  *
   8:.././hal//sam4s/inc/sam4s/sysclk.h ****  * \asf_license_start
   9:.././hal//sam4s/inc/sam4s/sysclk.h ****  *
  10:.././hal//sam4s/inc/sam4s/sysclk.h ****  * \page License
  11:.././hal//sam4s/inc/sam4s/sysclk.h ****  *
  12:.././hal//sam4s/inc/sam4s/sysclk.h ****  * Subject to your compliance with these terms, you may use Microchip
  13:.././hal//sam4s/inc/sam4s/sysclk.h ****  * software and any derivatives exclusively with Microchip products.
  14:.././hal//sam4s/inc/sam4s/sysclk.h ****  * It is your responsibility to comply with third party license terms applicable
  15:.././hal//sam4s/inc/sam4s/sysclk.h ****  * to your use of third party software (including open source software) that
  16:.././hal//sam4s/inc/sam4s/sysclk.h ****  * may accompany Microchip software.
  17:.././hal//sam4s/inc/sam4s/sysclk.h ****  *
  18:.././hal//sam4s/inc/sam4s/sysclk.h ****  * THIS SOFTWARE IS SUPPLIED BY MICROCHIP "AS IS". NO WARRANTIES,
  19:.././hal//sam4s/inc/sam4s/sysclk.h ****  * WHETHER EXPRESS, IMPLIED OR STATUTORY, APPLY TO THIS SOFTWARE,
  20:.././hal//sam4s/inc/sam4s/sysclk.h ****  * INCLUDING ANY IMPLIED WARRANTIES OF NON-INFRINGEMENT, MERCHANTABILITY,
  21:.././hal//sam4s/inc/sam4s/sysclk.h ****  * AND FITNESS FOR A PARTICULAR PURPOSE. IN NO EVENT WILL MICROCHIP BE
  22:.././hal//sam4s/inc/sam4s/sysclk.h ****  * LIABLE FOR ANY INDIRECT, SPECIAL, PUNITIVE, INCIDENTAL OR CONSEQUENTIAL
  23:.././hal//sam4s/inc/sam4s/sysclk.h ****  * LOSS, DAMAGE, COST OR EXPENSE OF ANY KIND WHATSOEVER RELATED TO THE
  24:.././hal//sam4s/inc/sam4s/sysclk.h ****  * SOFTWARE, HOWEVER CAUSED, EVEN IF MICROCHIP HAS BEEN ADVISED OF THE
  25:.././hal//sam4s/inc/sam4s/sysclk.h ****  * POSSIBILITY OR THE DAMAGES ARE FORESEEABLE.  TO THE FULLEST EXTENT
  26:.././hal//sam4s/inc/sam4s/sysclk.h ****  * ALLOWED BY LAW, MICROCHIP'S TOTAL LIABILITY ON ALL CLAIMS IN ANY WAY
  27:.././hal//sam4s/inc/sam4s/sysclk.h ****  * RELATED TO THIS SOFTWARE WILL NOT EXCEED THE AMOUNT OF FEES, IF ANY,
  28:.././hal//sam4s/inc/sam4s/sysclk.h ****  * THAT YOU HAVE PAID DIRECTLY TO MICROCHIP FOR THIS SOFTWARE.
  29:.././hal//sam4s/inc/sam4s/sysclk.h ****  *
  30:.././hal//sam4s/inc/sam4s/sysclk.h ****  * \asf_license_stop
  31:.././hal//sam4s/inc/sam4s/sysclk.h ****  *
  32:.././hal//sam4s/inc/sam4s/sysclk.h ****  */
  33:.././hal//sam4s/inc/sam4s/sysclk.h **** /*
  34:.././hal//sam4s/inc/sam4s/sysclk.h ****  * Support and FAQ: visit <a href="https://www.microchip.com/support/">Microchip Support</a>
  35:.././hal//sam4s/inc/sam4s/sysclk.h ****  */
  36:.././hal//sam4s/inc/sam4s/sysclk.h **** 
  37:.././hal//sam4s/inc/sam4s/sysclk.h **** #ifndef CHIP_SYSCLK_H_INCLUDED
  38:.././hal//sam4s/inc/sam4s/sysclk.h **** #define CHIP_SYSCLK_H_INCLUDED
  39:.././hal//sam4s/inc/sam4s/sysclk.h **** 
  40:.././hal//sam4s/inc/sam4s/sysclk.h **** #include <osc.h>
  41:.././hal//sam4s/inc/sam4s/sysclk.h **** #include <pll.h>
  42:.././hal//sam4s/inc/sam4s/sysclk.h **** 
  43:.././hal//sam4s/inc/sam4s/sysclk.h **** /**
  44:.././hal//sam4s/inc/sam4s/sysclk.h ****  * \page sysclk_quickstart Quick Start Guide for the System Clock Management service (SAM4S)
  45:.././hal//sam4s/inc/sam4s/sysclk.h ****  *
  46:.././hal//sam4s/inc/sam4s/sysclk.h ****  * This is the quick start guide for the \ref sysclk_group "System Clock Management"
  47:.././hal//sam4s/inc/sam4s/sysclk.h ****  * service, with step-by-step instructions on how to configure and use the service for
  48:.././hal//sam4s/inc/sam4s/sysclk.h ****  * specific use cases.
  49:.././hal//sam4s/inc/sam4s/sysclk.h ****  *
  50:.././hal//sam4s/inc/sam4s/sysclk.h ****  * \section sysclk_quickstart_usecases System Clock Management use cases
  51:.././hal//sam4s/inc/sam4s/sysclk.h ****  * - \ref sysclk_quickstart_basic
  52:.././hal//sam4s/inc/sam4s/sysclk.h ****  * - \ref sysclk_quickstart_use_case_2
  53:.././hal//sam4s/inc/sam4s/sysclk.h ****  *
  54:.././hal//sam4s/inc/sam4s/sysclk.h ****  * \section sysclk_quickstart_basic Basic usage of the System Clock Management service
  55:.././hal//sam4s/inc/sam4s/sysclk.h ****  * This section will present a basic use case for the System Clock Management service.
  56:.././hal//sam4s/inc/sam4s/sysclk.h ****  * This use case will configure the main system clock to 120MHz, using an internal PLL
  57:.././hal//sam4s/inc/sam4s/sysclk.h ****  * module to multiply the frequency of a crystal attached to the microcontroller.
  58:.././hal//sam4s/inc/sam4s/sysclk.h ****  *
  59:.././hal//sam4s/inc/sam4s/sysclk.h ****  * \subsection sysclk_quickstart_use_case_1_prereq Prerequisites
  60:.././hal//sam4s/inc/sam4s/sysclk.h ****  *  - None
  61:.././hal//sam4s/inc/sam4s/sysclk.h ****  *
  62:.././hal//sam4s/inc/sam4s/sysclk.h ****  * \subsection sysclk_quickstart_use_case_1_setup_steps Initialization code
  63:.././hal//sam4s/inc/sam4s/sysclk.h ****  * Add to the application initialization code:
  64:.././hal//sam4s/inc/sam4s/sysclk.h ****  * \code
  65:.././hal//sam4s/inc/sam4s/sysclk.h **** 	sysclk_init();
  66:.././hal//sam4s/inc/sam4s/sysclk.h **** \endcode
  67:.././hal//sam4s/inc/sam4s/sysclk.h ****  *
  68:.././hal//sam4s/inc/sam4s/sysclk.h ****  * \subsection sysclk_quickstart_use_case_1_setup_steps_workflow Workflow
  69:.././hal//sam4s/inc/sam4s/sysclk.h ****  * -# Configure the system clocks according to the settings in conf_clock.h:
  70:.././hal//sam4s/inc/sam4s/sysclk.h ****  *    \code sysclk_init(); \endcode
  71:.././hal//sam4s/inc/sam4s/sysclk.h ****  *
  72:.././hal//sam4s/inc/sam4s/sysclk.h ****  * \subsection sysclk_quickstart_use_case_1_example_code Example code
  73:.././hal//sam4s/inc/sam4s/sysclk.h ****  *   Add or uncomment the following in your conf_clock.h header file, commenting out all other
  74:.././hal//sam4s/inc/sam4s/sysclk.h ****  *   definitions of the same symbol(s):
  75:.././hal//sam4s/inc/sam4s/sysclk.h ****  *   \code
  76:.././hal//sam4s/inc/sam4s/sysclk.h **** 	   #define CONFIG_SYSCLK_SOURCE        SYSCLK_SRC_PLLACK
  77:.././hal//sam4s/inc/sam4s/sysclk.h **** 
  78:.././hal//sam4s/inc/sam4s/sysclk.h **** 	   // Fpll0 = (Fclk * PLL_mul) / PLL_div
  79:.././hal//sam4s/inc/sam4s/sysclk.h **** 	   #define CONFIG_PLL0_SOURCE          PLL_SRC_MAINCK_XTAL
  80:.././hal//sam4s/inc/sam4s/sysclk.h **** 	   #define CONFIG_PLL0_MUL             (120000000UL / BOARD_FREQ_MAINCK_XTAL)
  81:.././hal//sam4s/inc/sam4s/sysclk.h **** 	   #define CONFIG_PLL0_DIV             1
  82:.././hal//sam4s/inc/sam4s/sysclk.h **** 
  83:.././hal//sam4s/inc/sam4s/sysclk.h **** 	   // Fbus = Fsys / BUS_div
  84:.././hal//sam4s/inc/sam4s/sysclk.h **** 	   #define CONFIG_SYSCLK_PRES          SYSCLK_PRES_1
  85:.././hal//sam4s/inc/sam4s/sysclk.h **** \endcode
  86:.././hal//sam4s/inc/sam4s/sysclk.h ****  *
  87:.././hal//sam4s/inc/sam4s/sysclk.h ****  * \subsection sysclk_quickstart_use_case_1_example_workflow Workflow
  88:.././hal//sam4s/inc/sam4s/sysclk.h ****  *  -# Configure the main system clock to use the output of the PLL module as its source:
  89:.././hal//sam4s/inc/sam4s/sysclk.h ****  *   \code #define CONFIG_SYSCLK_SOURCE          SYSCLK_SRC_PLLACK \endcode
  90:.././hal//sam4s/inc/sam4s/sysclk.h ****  *  -# Configure the PLL module to use the fast external fast crystal oscillator as its source:
  91:.././hal//sam4s/inc/sam4s/sysclk.h ****  *   \code #define CONFIG_PLL0_SOURCE            PLL_SRC_MAINCK_XTAL \endcode
  92:.././hal//sam4s/inc/sam4s/sysclk.h ****  *  -# Configure the PLL module to multiply the external fast crystal oscillator frequency up to 12
  93:.././hal//sam4s/inc/sam4s/sysclk.h ****  *   \code
  94:.././hal//sam4s/inc/sam4s/sysclk.h **** 	#define CONFIG_PLL0_MUL             (120000000UL / BOARD_FREQ_MAINCK_XTAL)
  95:.././hal//sam4s/inc/sam4s/sysclk.h **** 	#define CONFIG_PLL0_DIV             1
  96:.././hal//sam4s/inc/sam4s/sysclk.h **** \endcode
  97:.././hal//sam4s/inc/sam4s/sysclk.h ****  *   \note For user boards, \c BOARD_FREQ_MAINCK_XTAL should be defined in the board \c conf_board.
  98:.././hal//sam4s/inc/sam4s/sysclk.h ****  *         file as the frequency of the fast crystal attached to the microcontroller.
  99:.././hal//sam4s/inc/sam4s/sysclk.h ****  *  -# Configure the main clock to run at the full 120MHz, disable scaling of the main system clock
 100:.././hal//sam4s/inc/sam4s/sysclk.h ****  *    \code
 101:.././hal//sam4s/inc/sam4s/sysclk.h **** 	#define CONFIG_SYSCLK_PRES         SYSCLK_PRES_1
 102:.././hal//sam4s/inc/sam4s/sysclk.h **** \endcode
 103:.././hal//sam4s/inc/sam4s/sysclk.h ****  *    \note Some dividers are powers of two, while others are integer division factors. Refer to th
 104:.././hal//sam4s/inc/sam4s/sysclk.h ****  *          formulas in the conf_clock.h template commented above each division define.
 105:.././hal//sam4s/inc/sam4s/sysclk.h ****  */
 106:.././hal//sam4s/inc/sam4s/sysclk.h **** 
 107:.././hal//sam4s/inc/sam4s/sysclk.h **** /**
 108:.././hal//sam4s/inc/sam4s/sysclk.h ****  * \page sysclk_quickstart_use_case_2 Advanced use case - Peripheral Bus Clock Management (SAM4S)
 109:.././hal//sam4s/inc/sam4s/sysclk.h ****  *
 110:.././hal//sam4s/inc/sam4s/sysclk.h ****  * \section sysclk_quickstart_use_case_2 Advanced use case - Peripheral Bus Clock Management
 111:.././hal//sam4s/inc/sam4s/sysclk.h ****  * This section will present a more advanced use case for the System Clock Management service.
 112:.././hal//sam4s/inc/sam4s/sysclk.h ****  * This use case will configure the main system clock to 120MHz, using an internal PLL
 113:.././hal//sam4s/inc/sam4s/sysclk.h ****  * module to multiply the frequency of a crystal attached to the microcontroller. The USB clock
 114:.././hal//sam4s/inc/sam4s/sysclk.h ****  * will be configured via a separate PLL module.
 115:.././hal//sam4s/inc/sam4s/sysclk.h ****  *
 116:.././hal//sam4s/inc/sam4s/sysclk.h ****  * \subsection sysclk_quickstart_use_case_2_prereq Prerequisites
 117:.././hal//sam4s/inc/sam4s/sysclk.h ****  *  - None
 118:.././hal//sam4s/inc/sam4s/sysclk.h ****  *
 119:.././hal//sam4s/inc/sam4s/sysclk.h ****  * \subsection sysclk_quickstart_use_case_2_setup_steps Initialization code
 120:.././hal//sam4s/inc/sam4s/sysclk.h ****  * Add to the application initialization code:
 121:.././hal//sam4s/inc/sam4s/sysclk.h ****  * \code
 122:.././hal//sam4s/inc/sam4s/sysclk.h **** 	sysclk_init();
 123:.././hal//sam4s/inc/sam4s/sysclk.h **** \endcode
 124:.././hal//sam4s/inc/sam4s/sysclk.h ****  *
 125:.././hal//sam4s/inc/sam4s/sysclk.h ****  * \subsection sysclk_quickstart_use_case_2_setup_steps_workflow Workflow
 126:.././hal//sam4s/inc/sam4s/sysclk.h ****  * -# Configure the system clocks according to the settings in conf_clock.h:
 127:.././hal//sam4s/inc/sam4s/sysclk.h ****  *    \code sysclk_init(); \endcode
 128:.././hal//sam4s/inc/sam4s/sysclk.h ****  *
 129:.././hal//sam4s/inc/sam4s/sysclk.h ****  * \subsection sysclk_quickstart_use_case_2_example_code Example code
 130:.././hal//sam4s/inc/sam4s/sysclk.h ****  *   Add or uncomment the following in your conf_clock.h header file, commenting out all other
 131:.././hal//sam4s/inc/sam4s/sysclk.h ****  *   definitions of the same symbol(s):
 132:.././hal//sam4s/inc/sam4s/sysclk.h ****  *   \code
 133:.././hal//sam4s/inc/sam4s/sysclk.h **** 	   #define CONFIG_SYSCLK_SOURCE        SYSCLK_SRC_PLLACK
 134:.././hal//sam4s/inc/sam4s/sysclk.h **** 
 135:.././hal//sam4s/inc/sam4s/sysclk.h **** 	   // Fpll0 = (Fclk * PLL_mul) / PLL_div
 136:.././hal//sam4s/inc/sam4s/sysclk.h **** 	   #define CONFIG_PLL0_SOURCE          PLL_SRC_MAINCK_XTAL
 137:.././hal//sam4s/inc/sam4s/sysclk.h **** 	   #define CONFIG_PLL0_MUL             (120000000UL / BOARD_FREQ_MAINCK_XTAL)
 138:.././hal//sam4s/inc/sam4s/sysclk.h **** 	   #define CONFIG_PLL0_DIV             1
 139:.././hal//sam4s/inc/sam4s/sysclk.h **** 
 140:.././hal//sam4s/inc/sam4s/sysclk.h **** 	   // Fbus = Fsys / BUS_div
 141:.././hal//sam4s/inc/sam4s/sysclk.h **** 	   #define CONFIG_SYSCLK_PRES          SYSCLK_PRES_1
 142:.././hal//sam4s/inc/sam4s/sysclk.h **** 
 143:.././hal//sam4s/inc/sam4s/sysclk.h **** 	   // Fusb = Fsys / USB_div
 144:.././hal//sam4s/inc/sam4s/sysclk.h **** 	   #define CONFIG_USBCLK_SOURCE        USBCLK_SRC_PLL1
 145:.././hal//sam4s/inc/sam4s/sysclk.h **** 	   #define CONFIG_USBCLK_DIV           1
 146:.././hal//sam4s/inc/sam4s/sysclk.h **** 
 147:.././hal//sam4s/inc/sam4s/sysclk.h **** 	   // Fpll1 = (Fclk * PLL_mul) / PLL_div
 148:.././hal//sam4s/inc/sam4s/sysclk.h **** 	   #define CONFIG_PLL1_SOURCE          PLL_SRC_MAINCK_XTAL
 149:.././hal//sam4s/inc/sam4s/sysclk.h **** 	   #define CONFIG_PLL1_MUL             (48000000UL / BOARD_FREQ_MAINCK_XTAL)
 150:.././hal//sam4s/inc/sam4s/sysclk.h **** 	   #define CONFIG_PLL1_DIV             1
 151:.././hal//sam4s/inc/sam4s/sysclk.h **** \endcode
 152:.././hal//sam4s/inc/sam4s/sysclk.h ****  *
 153:.././hal//sam4s/inc/sam4s/sysclk.h ****  * \subsection sysclk_quickstart_use_case_2_example_workflow Workflow
 154:.././hal//sam4s/inc/sam4s/sysclk.h ****  *  -# Configure the main system clock to use the output of the PLL0 module as its source:
 155:.././hal//sam4s/inc/sam4s/sysclk.h ****  *   \code #define CONFIG_SYSCLK_SOURCE          SYSCLK_SRC_PLLACK \endcode
 156:.././hal//sam4s/inc/sam4s/sysclk.h ****  *  -# Configure the PLL0 module to use the fast external fast crystal oscillator as its source:
 157:.././hal//sam4s/inc/sam4s/sysclk.h ****  *   \code #define CONFIG_PLL0_SOURCE            PLL_SRC_MAINCK_XTAL \endcode
 158:.././hal//sam4s/inc/sam4s/sysclk.h ****  *  -# Configure the PLL0 module to multiply the external fast crystal oscillator frequency up to 1
 159:.././hal//sam4s/inc/sam4s/sysclk.h ****  *   \code
 160:.././hal//sam4s/inc/sam4s/sysclk.h **** 	#define CONFIG_PLL0_MUL             (120000000UL / BOARD_FREQ_MAINCK_XTAL)
 161:.././hal//sam4s/inc/sam4s/sysclk.h **** 	#define CONFIG_PLL0_DIV             1
 162:.././hal//sam4s/inc/sam4s/sysclk.h **** \endcode
 163:.././hal//sam4s/inc/sam4s/sysclk.h ****  *   \note For user boards, \c BOARD_FREQ_MAINCK_XTAL should be defined in the board \c conf_board.
 164:.././hal//sam4s/inc/sam4s/sysclk.h ****  *         file as the frequency of the fast crystal attached to the microcontroller.
 165:.././hal//sam4s/inc/sam4s/sysclk.h ****  *  -# Configure the main clock to run at the full 120MHz, disable scaling of the main system clock
 166:.././hal//sam4s/inc/sam4s/sysclk.h ****  *    \code
 167:.././hal//sam4s/inc/sam4s/sysclk.h **** 	#define CONFIG_SYSCLK_PRES         SYSCLK_PRES_1
 168:.././hal//sam4s/inc/sam4s/sysclk.h **** \endcode
 169:.././hal//sam4s/inc/sam4s/sysclk.h ****  *    \note Some dividers are powers of two, while others are integer division factors. Refer to th
 170:.././hal//sam4s/inc/sam4s/sysclk.h ****  *          formulas in the conf_clock.h template commented above each division define.
 171:.././hal//sam4s/inc/sam4s/sysclk.h ****  *  -# Configure the USB module clock to use the output of the PLL1 module as its source:
 172:.././hal//sam4s/inc/sam4s/sysclk.h ****  *   \code #define CONFIG_SYSCLK_SOURCE          USBCLK_SRC_PLL1 \endcode
 173:.././hal//sam4s/inc/sam4s/sysclk.h ****  *  -# Configure the PLL1 module to use the fast external fast crystal oscillator as its source:
 174:.././hal//sam4s/inc/sam4s/sysclk.h ****  *   \code #define CONFIG_PLL1_SOURCE            PLL_SRC_MAINCK_XTAL \endcode
 175:.././hal//sam4s/inc/sam4s/sysclk.h ****  *  -# Configure the PLL1 module to multiply the external fast crystal oscillator frequency up to 4
 176:.././hal//sam4s/inc/sam4s/sysclk.h ****  *   \code
 177:.././hal//sam4s/inc/sam4s/sysclk.h **** 	#define CONFIG_PLL1_MUL             (48000000UL / BOARD_FREQ_MAINCK_XTAL)
 178:.././hal//sam4s/inc/sam4s/sysclk.h **** 	#define CONFIG_PLL1_DIV             1
 179:.././hal//sam4s/inc/sam4s/sysclk.h **** \endcode
 180:.././hal//sam4s/inc/sam4s/sysclk.h ****  */
 181:.././hal//sam4s/inc/sam4s/sysclk.h **** 
 182:.././hal//sam4s/inc/sam4s/sysclk.h **** /// @cond 0
 183:.././hal//sam4s/inc/sam4s/sysclk.h **** /**INDENT-OFF**/
 184:.././hal//sam4s/inc/sam4s/sysclk.h **** #ifdef __cplusplus
 185:.././hal//sam4s/inc/sam4s/sysclk.h **** extern "C" {
 186:.././hal//sam4s/inc/sam4s/sysclk.h **** #endif
 187:.././hal//sam4s/inc/sam4s/sysclk.h **** /**INDENT-ON**/
 188:.././hal//sam4s/inc/sam4s/sysclk.h **** /// @endcond
 189:.././hal//sam4s/inc/sam4s/sysclk.h **** 
 190:.././hal//sam4s/inc/sam4s/sysclk.h **** /**
 191:.././hal//sam4s/inc/sam4s/sysclk.h ****  * \weakgroup sysclk_group
 192:.././hal//sam4s/inc/sam4s/sysclk.h ****  * @{
 193:.././hal//sam4s/inc/sam4s/sysclk.h ****  */
 194:.././hal//sam4s/inc/sam4s/sysclk.h **** 
 195:.././hal//sam4s/inc/sam4s/sysclk.h **** //! \name Configuration Symbols
 196:.././hal//sam4s/inc/sam4s/sysclk.h **** //@{
 197:.././hal//sam4s/inc/sam4s/sysclk.h **** /**
 198:.././hal//sam4s/inc/sam4s/sysclk.h ****  * \def CONFIG_SYSCLK_SOURCE
 199:.././hal//sam4s/inc/sam4s/sysclk.h ****  * \brief Initial/static main system clock source
 200:.././hal//sam4s/inc/sam4s/sysclk.h ****  *
 201:.././hal//sam4s/inc/sam4s/sysclk.h ****  * The main system clock will be configured to use this clock during
 202:.././hal//sam4s/inc/sam4s/sysclk.h ****  * initialization.
 203:.././hal//sam4s/inc/sam4s/sysclk.h ****  */
 204:.././hal//sam4s/inc/sam4s/sysclk.h **** #ifndef CONFIG_SYSCLK_SOURCE
 205:.././hal//sam4s/inc/sam4s/sysclk.h **** # define CONFIG_SYSCLK_SOURCE   SYSCLK_SRC_MAINCK_4M_RC
 206:.././hal//sam4s/inc/sam4s/sysclk.h **** #endif
 207:.././hal//sam4s/inc/sam4s/sysclk.h **** /**
 208:.././hal//sam4s/inc/sam4s/sysclk.h ****  * \def CONFIG_SYSCLK_PRES
 209:.././hal//sam4s/inc/sam4s/sysclk.h ****  * \brief Initial CPU clock divider (mck)
 210:.././hal//sam4s/inc/sam4s/sysclk.h ****  *
 211:.././hal//sam4s/inc/sam4s/sysclk.h ****  * The MCK will run at
 212:.././hal//sam4s/inc/sam4s/sysclk.h ****  * \f[
 213:.././hal//sam4s/inc/sam4s/sysclk.h ****  *   f_{MCK} = \frac{f_{sys}}{\mathrm{CONFIG\_SYSCLK\_PRES}}\,\mbox{Hz}
 214:.././hal//sam4s/inc/sam4s/sysclk.h ****  * \f]
 215:.././hal//sam4s/inc/sam4s/sysclk.h ****  * after initialization.
 216:.././hal//sam4s/inc/sam4s/sysclk.h ****  */
 217:.././hal//sam4s/inc/sam4s/sysclk.h **** #ifndef CONFIG_SYSCLK_PRES
 218:.././hal//sam4s/inc/sam4s/sysclk.h **** # define CONFIG_SYSCLK_PRES  0
 219:.././hal//sam4s/inc/sam4s/sysclk.h **** #endif
 220:.././hal//sam4s/inc/sam4s/sysclk.h **** 
 221:.././hal//sam4s/inc/sam4s/sysclk.h **** //@}
 222:.././hal//sam4s/inc/sam4s/sysclk.h **** 
 223:.././hal//sam4s/inc/sam4s/sysclk.h **** //! \name Master Clock Sources (MCK)
 224:.././hal//sam4s/inc/sam4s/sysclk.h **** //@{
 225:.././hal//sam4s/inc/sam4s/sysclk.h **** #define SYSCLK_SRC_SLCK_RC              0       //!< Internal 32kHz RC oscillator as master source 
 226:.././hal//sam4s/inc/sam4s/sysclk.h **** #define SYSCLK_SRC_SLCK_XTAL            1       //!< External 32kHz crystal oscillator as master so
 227:.././hal//sam4s/inc/sam4s/sysclk.h **** #define SYSCLK_SRC_SLCK_BYPASS          2       //!< External 32kHz bypass oscillator as master sou
 228:.././hal//sam4s/inc/sam4s/sysclk.h **** #define SYSCLK_SRC_MAINCK_4M_RC         3       //!< Internal 4MHz RC oscillator as master source c
 229:.././hal//sam4s/inc/sam4s/sysclk.h **** #define SYSCLK_SRC_MAINCK_8M_RC         4       //!< Internal 8MHz RC oscillator as master source c
 230:.././hal//sam4s/inc/sam4s/sysclk.h **** #define SYSCLK_SRC_MAINCK_12M_RC        5       //!< Internal 12MHz RC oscillator as master source 
 231:.././hal//sam4s/inc/sam4s/sysclk.h **** #define SYSCLK_SRC_MAINCK_XTAL          6       //!< External crystal oscillator as master source c
 232:.././hal//sam4s/inc/sam4s/sysclk.h **** #define SYSCLK_SRC_MAINCK_BYPASS        7       //!< External bypass oscillator as master source cl
 233:.././hal//sam4s/inc/sam4s/sysclk.h **** #define SYSCLK_SRC_PLLACK               8       //!< Use PLLACK as master source clock
 234:.././hal//sam4s/inc/sam4s/sysclk.h **** #define SYSCLK_SRC_PLLBCK               9       //!< Use PLLBCK as master source clock
 235:.././hal//sam4s/inc/sam4s/sysclk.h **** //@}
 236:.././hal//sam4s/inc/sam4s/sysclk.h **** 
 237:.././hal//sam4s/inc/sam4s/sysclk.h **** //! \name Master Clock Prescalers (MCK)
 238:.././hal//sam4s/inc/sam4s/sysclk.h **** //@{
 239:.././hal//sam4s/inc/sam4s/sysclk.h **** #define SYSCLK_PRES_1           PMC_MCKR_PRES_CLK_1     //!< Set master clock prescaler to 1
 240:.././hal//sam4s/inc/sam4s/sysclk.h **** #define SYSCLK_PRES_2           PMC_MCKR_PRES_CLK_2     //!< Set master clock prescaler to 2
 241:.././hal//sam4s/inc/sam4s/sysclk.h **** #define SYSCLK_PRES_4           PMC_MCKR_PRES_CLK_4     //!< Set master clock prescaler to 4
 242:.././hal//sam4s/inc/sam4s/sysclk.h **** #define SYSCLK_PRES_8           PMC_MCKR_PRES_CLK_8     //!< Set master clock prescaler to 8
 243:.././hal//sam4s/inc/sam4s/sysclk.h **** #define SYSCLK_PRES_16          PMC_MCKR_PRES_CLK_16    //!< Set master clock prescaler to 16
 244:.././hal//sam4s/inc/sam4s/sysclk.h **** #define SYSCLK_PRES_32          PMC_MCKR_PRES_CLK_32    //!< Set master clock prescaler to 32
 245:.././hal//sam4s/inc/sam4s/sysclk.h **** #define SYSCLK_PRES_64          PMC_MCKR_PRES_CLK_64    //!< Set master clock prescaler to 64
 246:.././hal//sam4s/inc/sam4s/sysclk.h **** #define SYSCLK_PRES_3           PMC_MCKR_PRES_CLK_3     //!< Set master clock prescaler to 3
 247:.././hal//sam4s/inc/sam4s/sysclk.h **** //@}
 248:.././hal//sam4s/inc/sam4s/sysclk.h **** 
 249:.././hal//sam4s/inc/sam4s/sysclk.h **** //! \name USB Clock Sources
 250:.././hal//sam4s/inc/sam4s/sysclk.h **** //@{
 251:.././hal//sam4s/inc/sam4s/sysclk.h **** #define USBCLK_SRC_PLL0       0     //!< Use PLLA
 252:.././hal//sam4s/inc/sam4s/sysclk.h **** #define USBCLK_SRC_PLL1       1     //!< Use PLLB
 253:.././hal//sam4s/inc/sam4s/sysclk.h **** //@}
 254:.././hal//sam4s/inc/sam4s/sysclk.h **** 
 255:.././hal//sam4s/inc/sam4s/sysclk.h **** /**
 256:.././hal//sam4s/inc/sam4s/sysclk.h ****  * \def CONFIG_USBCLK_SOURCE
 257:.././hal//sam4s/inc/sam4s/sysclk.h ****  * \brief Configuration symbol for the USB generic clock source
 258:.././hal//sam4s/inc/sam4s/sysclk.h ****  *
 259:.././hal//sam4s/inc/sam4s/sysclk.h ****  * Sets the clock source to use for the USB. The source must also be properly
 260:.././hal//sam4s/inc/sam4s/sysclk.h ****  * configured.
 261:.././hal//sam4s/inc/sam4s/sysclk.h ****  *
 262:.././hal//sam4s/inc/sam4s/sysclk.h ****  * Define this to one of the \c USBCLK_SRC_xxx settings. Leave it undefined if
 263:.././hal//sam4s/inc/sam4s/sysclk.h ****  * USB is not required.
 264:.././hal//sam4s/inc/sam4s/sysclk.h ****  */
 265:.././hal//sam4s/inc/sam4s/sysclk.h ****  #ifdef __DOXYGEN__
 266:.././hal//sam4s/inc/sam4s/sysclk.h **** # define CONFIG_USBCLK_SOURCE
 267:.././hal//sam4s/inc/sam4s/sysclk.h **** #endif
 268:.././hal//sam4s/inc/sam4s/sysclk.h **** 
 269:.././hal//sam4s/inc/sam4s/sysclk.h **** /**
 270:.././hal//sam4s/inc/sam4s/sysclk.h ****  * \def CONFIG_USBCLK_DIV
 271:.././hal//sam4s/inc/sam4s/sysclk.h ****  * \brief Configuration symbol for the USB generic clock divider setting
 272:.././hal//sam4s/inc/sam4s/sysclk.h ****  *
 273:.././hal//sam4s/inc/sam4s/sysclk.h ****  * Sets the clock division for the USB generic clock. If a USB clock source is
 274:.././hal//sam4s/inc/sam4s/sysclk.h ****  * selected with CONFIG_USBCLK_SOURCE, this configuration symbol must also be
 275:.././hal//sam4s/inc/sam4s/sysclk.h ****  * defined.
 276:.././hal//sam4s/inc/sam4s/sysclk.h ****  */
 277:.././hal//sam4s/inc/sam4s/sysclk.h **** #ifdef __DOXYGEN__
 278:.././hal//sam4s/inc/sam4s/sysclk.h **** # define CONFIG_USBCLK_DIV
 279:.././hal//sam4s/inc/sam4s/sysclk.h **** #endif
 280:.././hal//sam4s/inc/sam4s/sysclk.h **** 
 281:.././hal//sam4s/inc/sam4s/sysclk.h **** /**
 282:.././hal//sam4s/inc/sam4s/sysclk.h ****  * \name Querying the system clock
 283:.././hal//sam4s/inc/sam4s/sysclk.h ****  *
 284:.././hal//sam4s/inc/sam4s/sysclk.h ****  * The following functions may be used to query the current frequency of
 285:.././hal//sam4s/inc/sam4s/sysclk.h ****  * the system clock and the CPU and bus clocks derived from it.
 286:.././hal//sam4s/inc/sam4s/sysclk.h ****  * sysclk_get_main_hz() and sysclk_get_cpu_hz() can be assumed to be
 287:.././hal//sam4s/inc/sam4s/sysclk.h ****  * available on all platforms, although some platforms may define
 288:.././hal//sam4s/inc/sam4s/sysclk.h ****  * additional accessors for various chip-internal bus clocks. These are
 289:.././hal//sam4s/inc/sam4s/sysclk.h ****  * usually not intended to be queried directly by generic code.
 290:.././hal//sam4s/inc/sam4s/sysclk.h ****  */
 291:.././hal//sam4s/inc/sam4s/sysclk.h **** //@{
 292:.././hal//sam4s/inc/sam4s/sysclk.h **** 
 293:.././hal//sam4s/inc/sam4s/sysclk.h **** /**
 294:.././hal//sam4s/inc/sam4s/sysclk.h ****  * \brief Return the current rate in Hz of the main system clock
 295:.././hal//sam4s/inc/sam4s/sysclk.h ****  *
 296:.././hal//sam4s/inc/sam4s/sysclk.h ****  * \todo This function assumes that the main clock source never changes
 297:.././hal//sam4s/inc/sam4s/sysclk.h ****  * once it's been set up, and that PLL0 always runs at the compile-time
 298:.././hal//sam4s/inc/sam4s/sysclk.h ****  * configured default rate. While this is probably the most common
 299:.././hal//sam4s/inc/sam4s/sysclk.h ****  * configuration, which we want to support as a special case for
 300:.././hal//sam4s/inc/sam4s/sysclk.h ****  * performance reasons, we will at some point need to support more
 301:.././hal//sam4s/inc/sam4s/sysclk.h ****  * dynamic setups as well.
 302:.././hal//sam4s/inc/sam4s/sysclk.h ****  */
 303:.././hal//sam4s/inc/sam4s/sysclk.h **** #if (defined CONFIG_SYSCLK_DEFAULT_RETURNS_SLOW_OSC)
 304:.././hal//sam4s/inc/sam4s/sysclk.h **** extern uint32_t sysclk_initialized;
 305:.././hal//sam4s/inc/sam4s/sysclk.h **** #endif
 306:.././hal//sam4s/inc/sam4s/sysclk.h **** static inline uint32_t sysclk_get_main_hz(void)
 307:.././hal//sam4s/inc/sam4s/sysclk.h **** {
 308:.././hal//sam4s/inc/sam4s/sysclk.h **** #if (defined CONFIG_SYSCLK_DEFAULT_RETURNS_SLOW_OSC)
 309:.././hal//sam4s/inc/sam4s/sysclk.h **** 	if (!sysclk_initialized ) {
 310:.././hal//sam4s/inc/sam4s/sysclk.h **** 		return OSC_MAINCK_4M_RC_HZ;
 311:.././hal//sam4s/inc/sam4s/sysclk.h **** 	}
 312:.././hal//sam4s/inc/sam4s/sysclk.h **** #endif
 313:.././hal//sam4s/inc/sam4s/sysclk.h **** 
 314:.././hal//sam4s/inc/sam4s/sysclk.h **** 	/* Config system clock setting */
 315:.././hal//sam4s/inc/sam4s/sysclk.h **** 	if (CONFIG_SYSCLK_SOURCE == SYSCLK_SRC_SLCK_RC) {
 316:.././hal//sam4s/inc/sam4s/sysclk.h **** 		return OSC_SLCK_32K_RC_HZ;
 317:.././hal//sam4s/inc/sam4s/sysclk.h **** 	} else if (CONFIG_SYSCLK_SOURCE == SYSCLK_SRC_SLCK_XTAL) {
 318:.././hal//sam4s/inc/sam4s/sysclk.h **** 		return OSC_SLCK_32K_XTAL_HZ;
 319:.././hal//sam4s/inc/sam4s/sysclk.h **** 	} else if (CONFIG_SYSCLK_SOURCE == SYSCLK_SRC_SLCK_BYPASS) {
 320:.././hal//sam4s/inc/sam4s/sysclk.h **** 		return OSC_SLCK_32K_BYPASS_HZ;
 321:.././hal//sam4s/inc/sam4s/sysclk.h **** 	} else if (CONFIG_SYSCLK_SOURCE == SYSCLK_SRC_MAINCK_4M_RC) {
 322:.././hal//sam4s/inc/sam4s/sysclk.h **** 		return OSC_MAINCK_4M_RC_HZ;
 323:.././hal//sam4s/inc/sam4s/sysclk.h **** 	} else if (CONFIG_SYSCLK_SOURCE == SYSCLK_SRC_MAINCK_8M_RC) {
 324:.././hal//sam4s/inc/sam4s/sysclk.h **** 		return OSC_MAINCK_8M_RC_HZ;
 325:.././hal//sam4s/inc/sam4s/sysclk.h **** 	} else if (CONFIG_SYSCLK_SOURCE == SYSCLK_SRC_MAINCK_12M_RC) {
 326:.././hal//sam4s/inc/sam4s/sysclk.h **** 		return OSC_MAINCK_12M_RC_HZ;
 327:.././hal//sam4s/inc/sam4s/sysclk.h **** 	} else if (CONFIG_SYSCLK_SOURCE == SYSCLK_SRC_MAINCK_XTAL) {
 328:.././hal//sam4s/inc/sam4s/sysclk.h **** 		return OSC_MAINCK_XTAL_HZ;
 329:.././hal//sam4s/inc/sam4s/sysclk.h **** 	} else if (CONFIG_SYSCLK_SOURCE == SYSCLK_SRC_MAINCK_BYPASS) {
 330:.././hal//sam4s/inc/sam4s/sysclk.h **** 		return OSC_MAINCK_BYPASS_HZ;
 331:.././hal//sam4s/inc/sam4s/sysclk.h **** 	}
 332:.././hal//sam4s/inc/sam4s/sysclk.h **** #ifdef CONFIG_PLL0_SOURCE
 333:.././hal//sam4s/inc/sam4s/sysclk.h **** 	else if (CONFIG_SYSCLK_SOURCE == SYSCLK_SRC_PLLACK) {
 334:.././hal//sam4s/inc/sam4s/sysclk.h **** 		return pll_get_default_rate(0);
 335:.././hal//sam4s/inc/sam4s/sysclk.h **** 	}
 336:.././hal//sam4s/inc/sam4s/sysclk.h **** #endif
 337:.././hal//sam4s/inc/sam4s/sysclk.h **** 
 338:.././hal//sam4s/inc/sam4s/sysclk.h **** #ifdef CONFIG_PLL1_SOURCE
 339:.././hal//sam4s/inc/sam4s/sysclk.h **** 	else if (CONFIG_SYSCLK_SOURCE == SYSCLK_SRC_PLLBCK) {
 340:.././hal//sam4s/inc/sam4s/sysclk.h **** 		return pll_get_default_rate(1);
 341:.././hal//sam4s/inc/sam4s/sysclk.h **** 	}
 342:.././hal//sam4s/inc/sam4s/sysclk.h **** #endif
 343:.././hal//sam4s/inc/sam4s/sysclk.h **** 
 344:.././hal//sam4s/inc/sam4s/sysclk.h **** 	else {
 345:.././hal//sam4s/inc/sam4s/sysclk.h **** 		/* unhandled_case(CONFIG_SYSCLK_SOURCE); */
 346:.././hal//sam4s/inc/sam4s/sysclk.h **** 		return 0;
 347:.././hal//sam4s/inc/sam4s/sysclk.h **** 	}
 348:.././hal//sam4s/inc/sam4s/sysclk.h **** }
 349:.././hal//sam4s/inc/sam4s/sysclk.h **** 
 350:.././hal//sam4s/inc/sam4s/sysclk.h **** /**
 351:.././hal//sam4s/inc/sam4s/sysclk.h ****  * \brief Return the current rate in Hz of the CPU clock
 352:.././hal//sam4s/inc/sam4s/sysclk.h ****  *
 353:.././hal//sam4s/inc/sam4s/sysclk.h ****  * \todo This function assumes that the CPU always runs at the system
 354:.././hal//sam4s/inc/sam4s/sysclk.h ****  * clock frequency. We want to support at least two more scenarios:
 355:.././hal//sam4s/inc/sam4s/sysclk.h ****  * Fixed CPU/bus clock dividers (config symbols) and dynamic CPU/bus
 356:.././hal//sam4s/inc/sam4s/sysclk.h ****  * clock dividers (which may change at run time). Ditto for all the bus
 357:.././hal//sam4s/inc/sam4s/sysclk.h ****  * clocks.
 358:.././hal//sam4s/inc/sam4s/sysclk.h ****  *
 359:.././hal//sam4s/inc/sam4s/sysclk.h ****  * \return Frequency of the CPU clock, in Hz.
 360:.././hal//sam4s/inc/sam4s/sysclk.h ****  */
 361:.././hal//sam4s/inc/sam4s/sysclk.h **** static inline uint32_t sysclk_get_cpu_hz(void)
 362:.././hal//sam4s/inc/sam4s/sysclk.h **** {
 363:.././hal//sam4s/inc/sam4s/sysclk.h **** 	/* CONFIG_SYSCLK_PRES is the register value for setting the expected */
 364:.././hal//sam4s/inc/sam4s/sysclk.h **** 	/* prescaler, not an immediate value. */
 365:.././hal//sam4s/inc/sam4s/sysclk.h **** 	return sysclk_get_main_hz() /
 366:.././hal//sam4s/inc/sam4s/sysclk.h **** 		((CONFIG_SYSCLK_PRES == SYSCLK_PRES_3) ? 3 :
 367:.././hal//sam4s/inc/sam4s/sysclk.h **** 			(1 << (CONFIG_SYSCLK_PRES >> PMC_MCKR_PRES_Pos)));
 368:.././hal//sam4s/inc/sam4s/sysclk.h **** }
 369:.././hal//sam4s/inc/sam4s/sysclk.h **** 
 370:.././hal//sam4s/inc/sam4s/sysclk.h **** /**
 371:.././hal//sam4s/inc/sam4s/sysclk.h ****  * \brief Retrieves the current rate in Hz of the peripheral clocks.
 372:.././hal//sam4s/inc/sam4s/sysclk.h ****  *
 373:.././hal//sam4s/inc/sam4s/sysclk.h ****  * \return Frequency of the peripheral clocks, in Hz.
 374:.././hal//sam4s/inc/sam4s/sysclk.h ****  */
 375:.././hal//sam4s/inc/sam4s/sysclk.h **** static inline uint32_t sysclk_get_peripheral_hz(void)
 376:.././hal//sam4s/inc/sam4s/sysclk.h **** {
 377:.././hal//sam4s/inc/sam4s/sysclk.h **** 	/* CONFIG_SYSCLK_PRES is the register value for setting the expected */
 378:.././hal//sam4s/inc/sam4s/sysclk.h **** 	/* prescaler, not an immediate value. */
 379:.././hal//sam4s/inc/sam4s/sysclk.h **** 	return sysclk_get_main_hz() /
 380:.././hal//sam4s/inc/sam4s/sysclk.h **** 		((CONFIG_SYSCLK_PRES == SYSCLK_PRES_3) ? 3 :
 381:.././hal//sam4s/inc/sam4s/sysclk.h **** 			(1 << (CONFIG_SYSCLK_PRES >> PMC_MCKR_PRES_Pos)));
 382:.././hal//sam4s/inc/sam4s/sysclk.h **** }
 383:.././hal//sam4s/inc/sam4s/sysclk.h **** 
 384:.././hal//sam4s/inc/sam4s/sysclk.h **** /**
 385:.././hal//sam4s/inc/sam4s/sysclk.h ****  * \brief Retrieves the current rate in Hz of the Peripheral Bus clock attached
 386:.././hal//sam4s/inc/sam4s/sysclk.h ****  *        to the specified peripheral.
 387:.././hal//sam4s/inc/sam4s/sysclk.h ****  *
 388:.././hal//sam4s/inc/sam4s/sysclk.h ****  * \param module Pointer to the module's base address.
 389:.././hal//sam4s/inc/sam4s/sysclk.h ****  *
 390:.././hal//sam4s/inc/sam4s/sysclk.h ****  * \return Frequency of the bus attached to the specified peripheral, in Hz.
 391:.././hal//sam4s/inc/sam4s/sysclk.h ****  */
 392:.././hal//sam4s/inc/sam4s/sysclk.h **** static inline uint32_t sysclk_get_peripheral_bus_hz(const volatile void *module)
 393:.././hal//sam4s/inc/sam4s/sysclk.h **** {
 394:.././hal//sam4s/inc/sam4s/sysclk.h **** 	UNUSED(module);
 395:.././hal//sam4s/inc/sam4s/sysclk.h **** 	return sysclk_get_peripheral_hz();
 396:.././hal//sam4s/inc/sam4s/sysclk.h **** }
 397:.././hal//sam4s/inc/sam4s/sysclk.h **** //@}
 398:.././hal//sam4s/inc/sam4s/sysclk.h **** 
 399:.././hal//sam4s/inc/sam4s/sysclk.h **** //! \name Enabling and disabling synchronous clocks
 400:.././hal//sam4s/inc/sam4s/sysclk.h **** //@{
 401:.././hal//sam4s/inc/sam4s/sysclk.h **** 
 402:.././hal//sam4s/inc/sam4s/sysclk.h **** /**
 403:.././hal//sam4s/inc/sam4s/sysclk.h ****  * \brief Enable a peripheral's clock.
 404:.././hal//sam4s/inc/sam4s/sysclk.h ****  *
 405:.././hal//sam4s/inc/sam4s/sysclk.h ****  * \param ul_id Id (number) of the peripheral clock.
 406:.././hal//sam4s/inc/sam4s/sysclk.h ****  */
 407:.././hal//sam4s/inc/sam4s/sysclk.h **** static inline void sysclk_enable_peripheral_clock(uint32_t ul_id)
 408:.././hal//sam4s/inc/sam4s/sysclk.h **** {
 409:.././hal//sam4s/inc/sam4s/sysclk.h **** 	pmc_enable_periph_clk(ul_id);
  46              	 .loc 2 409 2 view .LVU4
  47 0008 0020     	 movs r0,#0
  48              	.LBE29:
  49              	.LBE28:
  50              	 .loc 1 11 14 view .LVU5
  51 000a 5A65     	 str r2,[r3,#84]
  12:.././hal//sam4s/sam4s_hal.c ****     sysclk_enable_peripheral_clock(ID_SUPC);
  52              	 .loc 1 12 5 is_stmt 1 view .LVU6
  53              	.LVL0:
  54              	.LBB32:
  55              	.LBI28:
 407:.././hal//sam4s/inc/sam4s/sysclk.h **** {
  56              	 .loc 2 407 20 view .LVU7
  57              	.LBB30:
  58              	 .loc 2 409 2 view .LVU8
  59 000c 164D     	 ldr r5,.L5+4
  60              	.LBE30:
  61              	.LBE32:
  13:.././hal//sam4s/sam4s_hal.c ****     sysclk_enable_peripheral_clock(ID_RSTC);
  14:.././hal//sam4s/sam4s_hal.c ****     sysclk_enable_peripheral_clock(ID_PMC);
  15:.././hal//sam4s/sam4s_hal.c ****     pmc_set_writeprotect(0);
  16:.././hal//sam4s/sam4s_hal.c ****     system_init_flash(CHIP_FREQ_CPU_MAX);
  62              	 .loc 1 16 5 is_stmt 0 view .LVU9
  63 000e 174C     	 ldr r4,.L5+8
  64              	.LBB33:
  65              	.LBB34:
  66              	.LBB35:
  67              	.LBB36:
  68              	 .file 3 ".././hal//sam4s/inc/sam4s/osc.h"
   1:.././hal//sam4s/inc/sam4s/osc.h **** /**
   2:.././hal//sam4s/inc/sam4s/osc.h ****  * \file
   3:.././hal//sam4s/inc/sam4s/osc.h ****  *
   4:.././hal//sam4s/inc/sam4s/osc.h ****  * \brief Chip-specific oscillator management functions.
   5:.././hal//sam4s/inc/sam4s/osc.h ****  *
   6:.././hal//sam4s/inc/sam4s/osc.h ****  * Copyright (c) 2011-2018 Microchip Technology Inc. and its subsidiaries.
   7:.././hal//sam4s/inc/sam4s/osc.h ****  *
   8:.././hal//sam4s/inc/sam4s/osc.h ****  * \asf_license_start
   9:.././hal//sam4s/inc/sam4s/osc.h ****  *
  10:.././hal//sam4s/inc/sam4s/osc.h ****  * \page License
  11:.././hal//sam4s/inc/sam4s/osc.h ****  *
  12:.././hal//sam4s/inc/sam4s/osc.h ****  * Subject to your compliance with these terms, you may use Microchip
  13:.././hal//sam4s/inc/sam4s/osc.h ****  * software and any derivatives exclusively with Microchip products.
  14:.././hal//sam4s/inc/sam4s/osc.h ****  * It is your responsibility to comply with third party license terms applicable
  15:.././hal//sam4s/inc/sam4s/osc.h ****  * to your use of third party software (including open source software) that
  16:.././hal//sam4s/inc/sam4s/osc.h ****  * may accompany Microchip software.
  17:.././hal//sam4s/inc/sam4s/osc.h ****  *
  18:.././hal//sam4s/inc/sam4s/osc.h ****  * THIS SOFTWARE IS SUPPLIED BY MICROCHIP "AS IS". NO WARRANTIES,
  19:.././hal//sam4s/inc/sam4s/osc.h ****  * WHETHER EXPRESS, IMPLIED OR STATUTORY, APPLY TO THIS SOFTWARE,
  20:.././hal//sam4s/inc/sam4s/osc.h ****  * INCLUDING ANY IMPLIED WARRANTIES OF NON-INFRINGEMENT, MERCHANTABILITY,
  21:.././hal//sam4s/inc/sam4s/osc.h ****  * AND FITNESS FOR A PARTICULAR PURPOSE. IN NO EVENT WILL MICROCHIP BE
  22:.././hal//sam4s/inc/sam4s/osc.h ****  * LIABLE FOR ANY INDIRECT, SPECIAL, PUNITIVE, INCIDENTAL OR CONSEQUENTIAL
  23:.././hal//sam4s/inc/sam4s/osc.h ****  * LOSS, DAMAGE, COST OR EXPENSE OF ANY KIND WHATSOEVER RELATED TO THE
  24:.././hal//sam4s/inc/sam4s/osc.h ****  * SOFTWARE, HOWEVER CAUSED, EVEN IF MICROCHIP HAS BEEN ADVISED OF THE
  25:.././hal//sam4s/inc/sam4s/osc.h ****  * POSSIBILITY OR THE DAMAGES ARE FORESEEABLE.  TO THE FULLEST EXTENT
  26:.././hal//sam4s/inc/sam4s/osc.h ****  * ALLOWED BY LAW, MICROCHIP'S TOTAL LIABILITY ON ALL CLAIMS IN ANY WAY
  27:.././hal//sam4s/inc/sam4s/osc.h ****  * RELATED TO THIS SOFTWARE WILL NOT EXCEED THE AMOUNT OF FEES, IF ANY,
  28:.././hal//sam4s/inc/sam4s/osc.h ****  * THAT YOU HAVE PAID DIRECTLY TO MICROCHIP FOR THIS SOFTWARE.
  29:.././hal//sam4s/inc/sam4s/osc.h ****  *
  30:.././hal//sam4s/inc/sam4s/osc.h ****  * \asf_license_stop
  31:.././hal//sam4s/inc/sam4s/osc.h ****  *
  32:.././hal//sam4s/inc/sam4s/osc.h ****  */
  33:.././hal//sam4s/inc/sam4s/osc.h **** /*
  34:.././hal//sam4s/inc/sam4s/osc.h ****  * Support and FAQ: visit <a href="https://www.microchip.com/support/">Microchip Support</a>
  35:.././hal//sam4s/inc/sam4s/osc.h ****  */
  36:.././hal//sam4s/inc/sam4s/osc.h **** 
  37:.././hal//sam4s/inc/sam4s/osc.h **** #ifndef CHIP_OSC_H_INCLUDED
  38:.././hal//sam4s/inc/sam4s/osc.h **** #define CHIP_OSC_H_INCLUDED
  39:.././hal//sam4s/inc/sam4s/osc.h **** 
  40:.././hal//sam4s/inc/sam4s/osc.h **** #include "board.h"
  41:.././hal//sam4s/inc/sam4s/osc.h **** #include "pmc.h"
  42:.././hal//sam4s/inc/sam4s/osc.h **** 
  43:.././hal//sam4s/inc/sam4s/osc.h **** /// @cond 0
  44:.././hal//sam4s/inc/sam4s/osc.h **** /**INDENT-OFF**/
  45:.././hal//sam4s/inc/sam4s/osc.h **** #ifdef __cplusplus
  46:.././hal//sam4s/inc/sam4s/osc.h **** extern "C" {
  47:.././hal//sam4s/inc/sam4s/osc.h **** #endif
  48:.././hal//sam4s/inc/sam4s/osc.h **** /**INDENT-ON**/
  49:.././hal//sam4s/inc/sam4s/osc.h **** /// @endcond
  50:.././hal//sam4s/inc/sam4s/osc.h **** 
  51:.././hal//sam4s/inc/sam4s/osc.h **** /*
  52:.././hal//sam4s/inc/sam4s/osc.h ****  * Below BOARD_XXX macros are related to the specific board, and
  53:.././hal//sam4s/inc/sam4s/osc.h ****  * should be defined by the board code, otherwise default value are used.
  54:.././hal//sam4s/inc/sam4s/osc.h ****  */
  55:.././hal//sam4s/inc/sam4s/osc.h **** #if !defined(BOARD_FREQ_SLCK_XTAL)
  56:.././hal//sam4s/inc/sam4s/osc.h **** #  warning The board slow clock xtal frequency has not been defined.
  57:.././hal//sam4s/inc/sam4s/osc.h **** #  define BOARD_FREQ_SLCK_XTAL      (32768UL)
  58:.././hal//sam4s/inc/sam4s/osc.h **** #endif
  59:.././hal//sam4s/inc/sam4s/osc.h **** 
  60:.././hal//sam4s/inc/sam4s/osc.h **** #if !defined(BOARD_FREQ_SLCK_BYPASS)
  61:.././hal//sam4s/inc/sam4s/osc.h **** #  warning The board slow clock bypass frequency has not been defined.
  62:.././hal//sam4s/inc/sam4s/osc.h **** #  define BOARD_FREQ_SLCK_BYPASS    (32768UL)
  63:.././hal//sam4s/inc/sam4s/osc.h **** #endif
  64:.././hal//sam4s/inc/sam4s/osc.h **** 
  65:.././hal//sam4s/inc/sam4s/osc.h **** #if !defined(BOARD_FREQ_MAINCK_XTAL)
  66:.././hal//sam4s/inc/sam4s/osc.h **** #  warning The board main clock xtal frequency has not been defined.
  67:.././hal//sam4s/inc/sam4s/osc.h **** #  define BOARD_FREQ_MAINCK_XTAL    (12000000UL)
  68:.././hal//sam4s/inc/sam4s/osc.h **** #endif
  69:.././hal//sam4s/inc/sam4s/osc.h **** 
  70:.././hal//sam4s/inc/sam4s/osc.h **** #if !defined(BOARD_FREQ_MAINCK_BYPASS)
  71:.././hal//sam4s/inc/sam4s/osc.h **** #  warning The board main clock bypass frequency has not been defined.
  72:.././hal//sam4s/inc/sam4s/osc.h **** #  define BOARD_FREQ_MAINCK_BYPASS  (12000000UL)
  73:.././hal//sam4s/inc/sam4s/osc.h **** #endif
  74:.././hal//sam4s/inc/sam4s/osc.h **** 
  75:.././hal//sam4s/inc/sam4s/osc.h **** #if !defined(BOARD_OSC_STARTUP_US)
  76:.././hal//sam4s/inc/sam4s/osc.h **** #  warning The board main clock xtal startup time has not been defined.
  77:.././hal//sam4s/inc/sam4s/osc.h **** #  define BOARD_OSC_STARTUP_US      (15625UL)
  78:.././hal//sam4s/inc/sam4s/osc.h **** #endif
  79:.././hal//sam4s/inc/sam4s/osc.h **** 
  80:.././hal//sam4s/inc/sam4s/osc.h **** /**
  81:.././hal//sam4s/inc/sam4s/osc.h ****  * \weakgroup osc_group
  82:.././hal//sam4s/inc/sam4s/osc.h ****  * @{
  83:.././hal//sam4s/inc/sam4s/osc.h ****  */
  84:.././hal//sam4s/inc/sam4s/osc.h **** 
  85:.././hal//sam4s/inc/sam4s/osc.h **** //! \name Oscillator identifiers
  86:.././hal//sam4s/inc/sam4s/osc.h **** //@{
  87:.././hal//sam4s/inc/sam4s/osc.h **** #define OSC_SLCK_32K_RC             0    //!< Internal 32kHz RC oscillator.
  88:.././hal//sam4s/inc/sam4s/osc.h **** #define OSC_SLCK_32K_XTAL           1    //!< External 32kHz crystal oscillator.
  89:.././hal//sam4s/inc/sam4s/osc.h **** #define OSC_SLCK_32K_BYPASS         2    //!< External 32kHz bypass oscillator.
  90:.././hal//sam4s/inc/sam4s/osc.h **** #define OSC_MAINCK_4M_RC            3    //!< Internal 4MHz RC oscillator.
  91:.././hal//sam4s/inc/sam4s/osc.h **** #define OSC_MAINCK_8M_RC            4    //!< Internal 8MHz RC oscillator.
  92:.././hal//sam4s/inc/sam4s/osc.h **** #define OSC_MAINCK_12M_RC           5    //!< Internal 12MHz RC oscillator.
  93:.././hal//sam4s/inc/sam4s/osc.h **** #define OSC_MAINCK_XTAL             6    //!< External crystal oscillator.
  94:.././hal//sam4s/inc/sam4s/osc.h **** #define OSC_MAINCK_BYPASS           7    //!< External bypass oscillator.
  95:.././hal//sam4s/inc/sam4s/osc.h **** //@}
  96:.././hal//sam4s/inc/sam4s/osc.h **** 
  97:.././hal//sam4s/inc/sam4s/osc.h **** //! \name Oscillator clock speed in hertz
  98:.././hal//sam4s/inc/sam4s/osc.h **** //@{
  99:.././hal//sam4s/inc/sam4s/osc.h **** #define OSC_SLCK_32K_RC_HZ          CHIP_FREQ_SLCK_RC               //!< Internal 32kHz RC oscillat
 100:.././hal//sam4s/inc/sam4s/osc.h **** #define OSC_SLCK_32K_XTAL_HZ        BOARD_FREQ_SLCK_XTAL            //!< External 32kHz crystal osc
 101:.././hal//sam4s/inc/sam4s/osc.h **** #define OSC_SLCK_32K_BYPASS_HZ      BOARD_FREQ_SLCK_BYPASS          //!< External 32kHz bypass osci
 102:.././hal//sam4s/inc/sam4s/osc.h **** #define OSC_MAINCK_4M_RC_HZ         CHIP_FREQ_MAINCK_RC_4MHZ        //!< Internal 4MHz RC oscillato
 103:.././hal//sam4s/inc/sam4s/osc.h **** #define OSC_MAINCK_8M_RC_HZ         CHIP_FREQ_MAINCK_RC_8MHZ        //!< Internal 8MHz RC oscillato
 104:.././hal//sam4s/inc/sam4s/osc.h **** #define OSC_MAINCK_12M_RC_HZ        CHIP_FREQ_MAINCK_RC_12MHZ       //!< Internal 12MHz RC oscillat
 105:.././hal//sam4s/inc/sam4s/osc.h **** #define OSC_MAINCK_XTAL_HZ          BOARD_FREQ_MAINCK_XTAL          //!< External crystal oscillato
 106:.././hal//sam4s/inc/sam4s/osc.h **** #define OSC_MAINCK_BYPASS_HZ        BOARD_FREQ_MAINCK_BYPASS        //!< External bypass oscillator
 107:.././hal//sam4s/inc/sam4s/osc.h **** //@}
 108:.././hal//sam4s/inc/sam4s/osc.h **** 
 109:.././hal//sam4s/inc/sam4s/osc.h **** static inline void osc_enable(uint32_t ul_id)
 110:.././hal//sam4s/inc/sam4s/osc.h **** {
 111:.././hal//sam4s/inc/sam4s/osc.h **** 	switch (ul_id) {
 112:.././hal//sam4s/inc/sam4s/osc.h **** 	case OSC_SLCK_32K_RC:
 113:.././hal//sam4s/inc/sam4s/osc.h **** 		break;
 114:.././hal//sam4s/inc/sam4s/osc.h **** 
 115:.././hal//sam4s/inc/sam4s/osc.h **** 	case OSC_SLCK_32K_XTAL:
 116:.././hal//sam4s/inc/sam4s/osc.h **** 		pmc_switch_sclk_to_32kxtal(PMC_OSC_XTAL);
 117:.././hal//sam4s/inc/sam4s/osc.h **** 		break;
 118:.././hal//sam4s/inc/sam4s/osc.h **** 
 119:.././hal//sam4s/inc/sam4s/osc.h **** 	case OSC_SLCK_32K_BYPASS:
 120:.././hal//sam4s/inc/sam4s/osc.h **** 		pmc_switch_sclk_to_32kxtal(PMC_OSC_BYPASS);
 121:.././hal//sam4s/inc/sam4s/osc.h **** 		break;
 122:.././hal//sam4s/inc/sam4s/osc.h **** 
 123:.././hal//sam4s/inc/sam4s/osc.h **** 
 124:.././hal//sam4s/inc/sam4s/osc.h **** 	case OSC_MAINCK_4M_RC:
 125:.././hal//sam4s/inc/sam4s/osc.h **** 		pmc_switch_mainck_to_fastrc(CKGR_MOR_MOSCRCF_4_MHz);
 126:.././hal//sam4s/inc/sam4s/osc.h **** 		break;
 127:.././hal//sam4s/inc/sam4s/osc.h **** 
 128:.././hal//sam4s/inc/sam4s/osc.h **** 	case OSC_MAINCK_8M_RC:
 129:.././hal//sam4s/inc/sam4s/osc.h **** 		pmc_switch_mainck_to_fastrc(CKGR_MOR_MOSCRCF_8_MHz);
 130:.././hal//sam4s/inc/sam4s/osc.h **** 		break;
 131:.././hal//sam4s/inc/sam4s/osc.h **** 
 132:.././hal//sam4s/inc/sam4s/osc.h **** 	case OSC_MAINCK_12M_RC:
 133:.././hal//sam4s/inc/sam4s/osc.h **** 		pmc_switch_mainck_to_fastrc(CKGR_MOR_MOSCRCF_12_MHz);
 134:.././hal//sam4s/inc/sam4s/osc.h **** 		break;
 135:.././hal//sam4s/inc/sam4s/osc.h **** 
 136:.././hal//sam4s/inc/sam4s/osc.h **** 
 137:.././hal//sam4s/inc/sam4s/osc.h **** 	case OSC_MAINCK_XTAL:
 138:.././hal//sam4s/inc/sam4s/osc.h **** 		pmc_switch_mainck_to_xtal(PMC_OSC_XTAL,
 139:.././hal//sam4s/inc/sam4s/osc.h **** 			pmc_us_to_moscxtst(BOARD_OSC_STARTUP_US,
 140:.././hal//sam4s/inc/sam4s/osc.h **** 				OSC_SLCK_32K_RC_HZ));
 141:.././hal//sam4s/inc/sam4s/osc.h **** 		break;
 142:.././hal//sam4s/inc/sam4s/osc.h **** 
 143:.././hal//sam4s/inc/sam4s/osc.h **** 	case OSC_MAINCK_BYPASS:
 144:.././hal//sam4s/inc/sam4s/osc.h **** 		pmc_switch_mainck_to_xtal(PMC_OSC_BYPASS,
 145:.././hal//sam4s/inc/sam4s/osc.h **** 			pmc_us_to_moscxtst(BOARD_OSC_STARTUP_US,
 146:.././hal//sam4s/inc/sam4s/osc.h **** 				OSC_SLCK_32K_RC_HZ));
 147:.././hal//sam4s/inc/sam4s/osc.h **** 		break;
 148:.././hal//sam4s/inc/sam4s/osc.h **** 	}
 149:.././hal//sam4s/inc/sam4s/osc.h **** }
 150:.././hal//sam4s/inc/sam4s/osc.h **** 
 151:.././hal//sam4s/inc/sam4s/osc.h **** static inline void osc_disable(uint32_t ul_id)
 152:.././hal//sam4s/inc/sam4s/osc.h **** {
 153:.././hal//sam4s/inc/sam4s/osc.h **** 	switch (ul_id) {
 154:.././hal//sam4s/inc/sam4s/osc.h **** 	case OSC_SLCK_32K_RC:
 155:.././hal//sam4s/inc/sam4s/osc.h **** 	case OSC_SLCK_32K_XTAL:
 156:.././hal//sam4s/inc/sam4s/osc.h **** 	case OSC_SLCK_32K_BYPASS:
 157:.././hal//sam4s/inc/sam4s/osc.h **** 		break;
 158:.././hal//sam4s/inc/sam4s/osc.h **** 
 159:.././hal//sam4s/inc/sam4s/osc.h **** 	case OSC_MAINCK_4M_RC:
 160:.././hal//sam4s/inc/sam4s/osc.h **** 	case OSC_MAINCK_8M_RC:
 161:.././hal//sam4s/inc/sam4s/osc.h **** 	case OSC_MAINCK_12M_RC:
 162:.././hal//sam4s/inc/sam4s/osc.h **** 		pmc_osc_disable_fastrc();
 163:.././hal//sam4s/inc/sam4s/osc.h **** 		break;
 164:.././hal//sam4s/inc/sam4s/osc.h **** 
 165:.././hal//sam4s/inc/sam4s/osc.h **** 	case OSC_MAINCK_XTAL:
 166:.././hal//sam4s/inc/sam4s/osc.h **** 		pmc_osc_disable_xtal(PMC_OSC_XTAL);
 167:.././hal//sam4s/inc/sam4s/osc.h **** 		break;
 168:.././hal//sam4s/inc/sam4s/osc.h **** 
 169:.././hal//sam4s/inc/sam4s/osc.h **** 	case OSC_MAINCK_BYPASS:
 170:.././hal//sam4s/inc/sam4s/osc.h **** 		pmc_osc_disable_xtal(PMC_OSC_BYPASS);
 171:.././hal//sam4s/inc/sam4s/osc.h **** 		break;
 172:.././hal//sam4s/inc/sam4s/osc.h **** 	}
 173:.././hal//sam4s/inc/sam4s/osc.h **** }
 174:.././hal//sam4s/inc/sam4s/osc.h **** 
 175:.././hal//sam4s/inc/sam4s/osc.h **** static inline bool osc_is_ready(uint32_t ul_id)
 176:.././hal//sam4s/inc/sam4s/osc.h **** {
 177:.././hal//sam4s/inc/sam4s/osc.h **** 	switch (ul_id) {
 178:.././hal//sam4s/inc/sam4s/osc.h **** 	case OSC_SLCK_32K_RC:
 179:.././hal//sam4s/inc/sam4s/osc.h **** 		return 1;
 180:.././hal//sam4s/inc/sam4s/osc.h **** 
 181:.././hal//sam4s/inc/sam4s/osc.h **** 	case OSC_SLCK_32K_XTAL:
 182:.././hal//sam4s/inc/sam4s/osc.h **** 	case OSC_SLCK_32K_BYPASS:
 183:.././hal//sam4s/inc/sam4s/osc.h **** 		return pmc_osc_is_ready_32kxtal();
 184:.././hal//sam4s/inc/sam4s/osc.h **** 
 185:.././hal//sam4s/inc/sam4s/osc.h **** 	case OSC_MAINCK_4M_RC:
 186:.././hal//sam4s/inc/sam4s/osc.h **** 	case OSC_MAINCK_8M_RC:
 187:.././hal//sam4s/inc/sam4s/osc.h **** 	case OSC_MAINCK_12M_RC:
 188:.././hal//sam4s/inc/sam4s/osc.h **** 	case OSC_MAINCK_XTAL:
 189:.././hal//sam4s/inc/sam4s/osc.h **** 	case OSC_MAINCK_BYPASS:
 190:.././hal//sam4s/inc/sam4s/osc.h **** 		return pmc_osc_is_ready_mainck();
  69              	 .loc 3 190 10 view .LVU10
  70 0010 174E     	 ldr r6,.L5+12
  71              	.LBE36:
  72              	.LBE35:
  73              	.LBE34:
  74              	.LBE33:
  75              	.LBB40:
  76              	.LBB31:
  77              	 .loc 2 409 2 view .LVU11
  78 0012 A847     	 blx r5
  79              	.LVL1:
  80              	 .loc 2 409 2 view .LVU12
  81              	.LBE31:
  82              	.LBE40:
  13:.././hal//sam4s/sam4s_hal.c ****     sysclk_enable_peripheral_clock(ID_RSTC);
  83              	 .loc 1 13 5 is_stmt 1 view .LVU13
  84              	.LBB41:
  85              	.LBI41:
 407:.././hal//sam4s/inc/sam4s/sysclk.h **** {
  86              	 .loc 2 407 20 view .LVU14
  87              	.LBB42:
  88              	 .loc 2 409 2 view .LVU15
  89 0014 0120     	 movs r0,#1
  90 0016 A847     	 blx r5
  91              	.LVL2:
  92              	 .loc 2 409 2 is_stmt 0 view .LVU16
  93              	.LBE42:
  94              	.LBE41:
  14:.././hal//sam4s/sam4s_hal.c ****     pmc_set_writeprotect(0);
  95              	 .loc 1 14 5 is_stmt 1 view .LVU17
  96              	.LBB43:
  97              	.LBI43:
 407:.././hal//sam4s/inc/sam4s/sysclk.h **** {
  98              	 .loc 2 407 20 view .LVU18
  99              	.LBB44:
 100              	 .loc 2 409 2 view .LVU19
 101 0018 0520     	 movs r0,#5
 102 001a A847     	 blx r5
 103              	.LVL3:
 104              	 .loc 2 409 2 is_stmt 0 view .LVU20
 105              	.LBE44:
 106              	.LBE43:
  15:.././hal//sam4s/sam4s_hal.c ****     system_init_flash(CHIP_FREQ_CPU_MAX);
 107              	 .loc 1 15 5 is_stmt 1 view .LVU21
 108 001c 154B     	 ldr r3,.L5+16
 109 001e 0020     	 movs r0,#0
 110 0020 9847     	 blx r3
 111              	.LVL4:
 112              	 .loc 1 16 5 view .LVU22
 113 0022 1548     	 ldr r0,.L5+20
 114 0024 A047     	 blx r4
 115              	.LVL5:
  17:.././hal//sam4s/sam4s_hal.c ****     pmc_switch_mck_to_sclk(SYSCLK_PRES_1);
 116              	 .loc 1 17 5 view .LVU23
 117 0026 154B     	 ldr r3,.L5+24
 118 0028 0020     	 movs r0,#0
 119 002a 9847     	 blx r3
 120              	.LVL6:
  18:.././hal//sam4s/sam4s_hal.c ****     osc_enable(OSC_MAINCK_BYPASS);
 121              	 .loc 1 18 5 view .LVU24
 122              	.LBB45:
 123              	.LBI45:
 109:.././hal//sam4s/inc/sam4s/osc.h **** {
 124              	 .loc 3 109 20 view .LVU25
 125              	.LBB46:
 111:.././hal//sam4s/inc/sam4s/osc.h **** 	case OSC_SLCK_32K_RC:
 126              	 .loc 3 111 2 view .LVU26
 144:.././hal//sam4s/inc/sam4s/osc.h **** 			pmc_us_to_moscxtst(BOARD_OSC_STARTUP_US,
 127              	 .loc 3 144 3 view .LVU27
 128 002c 144B     	 ldr r3,.L5+28
 129 002e 3E21     	 movs r1,#62
 130 0030 0120     	 movs r0,#1
 131 0032 9847     	 blx r3
 132              	.LVL7:
 147:.././hal//sam4s/inc/sam4s/osc.h **** 	}
 133              	 .loc 3 147 3 view .LVU28
 134              	.L2:
 147:.././hal//sam4s/inc/sam4s/osc.h **** 	}
 135              	 .loc 3 147 3 is_stmt 0 view .LVU29
 136              	.LBE46:
 137              	.LBE45:
 138              	.LBB47:
 139              	.LBB39:
 140              	 .file 4 ".././hal//sam4s/inc/osc.h"
   1:.././hal//sam4s/inc/osc.h **** /**
   2:.././hal//sam4s/inc/osc.h ****  * \file
   3:.././hal//sam4s/inc/osc.h ****  *
   4:.././hal//sam4s/inc/osc.h ****  * \brief Oscillator management
   5:.././hal//sam4s/inc/osc.h ****  *
   6:.././hal//sam4s/inc/osc.h ****  * Copyright (c) 2010-2018 Microchip Technology Inc. and its subsidiaries.
   7:.././hal//sam4s/inc/osc.h ****  *
   8:.././hal//sam4s/inc/osc.h ****  * \asf_license_start
   9:.././hal//sam4s/inc/osc.h ****  *
  10:.././hal//sam4s/inc/osc.h ****  * \page License
  11:.././hal//sam4s/inc/osc.h ****  *
  12:.././hal//sam4s/inc/osc.h ****  * Subject to your compliance with these terms, you may use Microchip
  13:.././hal//sam4s/inc/osc.h ****  * software and any derivatives exclusively with Microchip products.
  14:.././hal//sam4s/inc/osc.h ****  * It is your responsibility to comply with third party license terms applicable
  15:.././hal//sam4s/inc/osc.h ****  * to your use of third party software (including open source software) that
  16:.././hal//sam4s/inc/osc.h ****  * may accompany Microchip software.
  17:.././hal//sam4s/inc/osc.h ****  *
  18:.././hal//sam4s/inc/osc.h ****  * THIS SOFTWARE IS SUPPLIED BY MICROCHIP "AS IS". NO WARRANTIES,
  19:.././hal//sam4s/inc/osc.h ****  * WHETHER EXPRESS, IMPLIED OR STATUTORY, APPLY TO THIS SOFTWARE,
  20:.././hal//sam4s/inc/osc.h ****  * INCLUDING ANY IMPLIED WARRANTIES OF NON-INFRINGEMENT, MERCHANTABILITY,
  21:.././hal//sam4s/inc/osc.h ****  * AND FITNESS FOR A PARTICULAR PURPOSE. IN NO EVENT WILL MICROCHIP BE
  22:.././hal//sam4s/inc/osc.h ****  * LIABLE FOR ANY INDIRECT, SPECIAL, PUNITIVE, INCIDENTAL OR CONSEQUENTIAL
  23:.././hal//sam4s/inc/osc.h ****  * LOSS, DAMAGE, COST OR EXPENSE OF ANY KIND WHATSOEVER RELATED TO THE
  24:.././hal//sam4s/inc/osc.h ****  * SOFTWARE, HOWEVER CAUSED, EVEN IF MICROCHIP HAS BEEN ADVISED OF THE
  25:.././hal//sam4s/inc/osc.h ****  * POSSIBILITY OR THE DAMAGES ARE FORESEEABLE.  TO THE FULLEST EXTENT
  26:.././hal//sam4s/inc/osc.h ****  * ALLOWED BY LAW, MICROCHIP'S TOTAL LIABILITY ON ALL CLAIMS IN ANY WAY
  27:.././hal//sam4s/inc/osc.h ****  * RELATED TO THIS SOFTWARE WILL NOT EXCEED THE AMOUNT OF FEES, IF ANY,
  28:.././hal//sam4s/inc/osc.h ****  * THAT YOU HAVE PAID DIRECTLY TO MICROCHIP FOR THIS SOFTWARE.
  29:.././hal//sam4s/inc/osc.h ****  *
  30:.././hal//sam4s/inc/osc.h ****  * \asf_license_stop
  31:.././hal//sam4s/inc/osc.h ****  *
  32:.././hal//sam4s/inc/osc.h ****  */
  33:.././hal//sam4s/inc/osc.h **** /*
  34:.././hal//sam4s/inc/osc.h ****  * Support and FAQ: visit <a href="https://www.microchip.com/support/">Microchip Support</a>
  35:.././hal//sam4s/inc/osc.h ****  */
  36:.././hal//sam4s/inc/osc.h **** #ifndef OSC_H_INCLUDED
  37:.././hal//sam4s/inc/osc.h **** #define OSC_H_INCLUDED
  38:.././hal//sam4s/inc/osc.h **** 
  39:.././hal//sam4s/inc/osc.h **** #include "parts.h"
  40:.././hal//sam4s/inc/osc.h **** #include "conf_clock.h"
  41:.././hal//sam4s/inc/osc.h **** 
  42:.././hal//sam4s/inc/osc.h **** #if SAM3S
  43:.././hal//sam4s/inc/osc.h **** # include "sam3s/osc.h"
  44:.././hal//sam4s/inc/osc.h **** #elif SAM3XA
  45:.././hal//sam4s/inc/osc.h **** # include "sam3x/osc.h"
  46:.././hal//sam4s/inc/osc.h **** #elif SAM3U
  47:.././hal//sam4s/inc/osc.h **** # include "sam3u/osc.h"
  48:.././hal//sam4s/inc/osc.h **** #elif SAM3N
  49:.././hal//sam4s/inc/osc.h **** # include "sam3n/osc.h"
  50:.././hal//sam4s/inc/osc.h **** #elif SAM4S
  51:.././hal//sam4s/inc/osc.h **** # include "sam4s/osc.h"
  52:.././hal//sam4s/inc/osc.h **** #elif SAM4E
  53:.././hal//sam4s/inc/osc.h **** # include "sam4e/osc.h"
  54:.././hal//sam4s/inc/osc.h **** #elif SAM4C
  55:.././hal//sam4s/inc/osc.h **** # include "sam4c/osc.h"
  56:.././hal//sam4s/inc/osc.h **** #elif SAM4CM
  57:.././hal//sam4s/inc/osc.h **** # include "sam4cm/osc.h"
  58:.././hal//sam4s/inc/osc.h **** #elif SAM4CP
  59:.././hal//sam4s/inc/osc.h **** # include "sam4cp/osc.h"
  60:.././hal//sam4s/inc/osc.h **** #elif SAM4L
  61:.././hal//sam4s/inc/osc.h **** # include "sam4l/osc.h"
  62:.././hal//sam4s/inc/osc.h **** #elif SAM4N
  63:.././hal//sam4s/inc/osc.h **** # include "sam4n/osc.h"
  64:.././hal//sam4s/inc/osc.h **** #elif SAMG
  65:.././hal//sam4s/inc/osc.h **** # include "samg/osc.h"
  66:.././hal//sam4s/inc/osc.h **** #elif SAMV71
  67:.././hal//sam4s/inc/osc.h **** # include "samv71/osc.h"
  68:.././hal//sam4s/inc/osc.h **** #elif SAMV70
  69:.././hal//sam4s/inc/osc.h **** # include "samv70/osc.h"
  70:.././hal//sam4s/inc/osc.h **** #elif SAME70
  71:.././hal//sam4s/inc/osc.h **** # include "same70/osc.h"
  72:.././hal//sam4s/inc/osc.h **** #elif SAMS70
  73:.././hal//sam4s/inc/osc.h **** # include "sams70/osc.h"
  74:.././hal//sam4s/inc/osc.h **** #elif (UC3A0 || UC3A1)
  75:.././hal//sam4s/inc/osc.h **** # include "uc3a0_a1/osc.h"
  76:.././hal//sam4s/inc/osc.h **** #elif UC3A3
  77:.././hal//sam4s/inc/osc.h **** # include "uc3a3_a4/osc.h"
  78:.././hal//sam4s/inc/osc.h **** #elif UC3B
  79:.././hal//sam4s/inc/osc.h **** # include "uc3b0_b1/osc.h"
  80:.././hal//sam4s/inc/osc.h **** #elif UC3C
  81:.././hal//sam4s/inc/osc.h **** # include "uc3c/osc.h"
  82:.././hal//sam4s/inc/osc.h **** #elif UC3D
  83:.././hal//sam4s/inc/osc.h **** # include "uc3d/osc.h"
  84:.././hal//sam4s/inc/osc.h **** #elif UC3L
  85:.././hal//sam4s/inc/osc.h **** # include "uc3l/osc.h"
  86:.././hal//sam4s/inc/osc.h **** #elif XMEGA
  87:.././hal//sam4s/inc/osc.h **** # include "xmega/osc.h"
  88:.././hal//sam4s/inc/osc.h **** #else
  89:.././hal//sam4s/inc/osc.h **** # error Unsupported chip type
  90:.././hal//sam4s/inc/osc.h **** #endif
  91:.././hal//sam4s/inc/osc.h **** 
  92:.././hal//sam4s/inc/osc.h **** /**
  93:.././hal//sam4s/inc/osc.h ****  * \ingroup clk_group
  94:.././hal//sam4s/inc/osc.h ****  * \defgroup osc_group Oscillator Management
  95:.././hal//sam4s/inc/osc.h ****  *
  96:.././hal//sam4s/inc/osc.h ****  * This group contains functions and definitions related to configuring
  97:.././hal//sam4s/inc/osc.h ****  * and enabling/disabling on-chip oscillators. Internal RC-oscillators,
  98:.././hal//sam4s/inc/osc.h ****  * external crystal oscillators and external clock generators are
  99:.././hal//sam4s/inc/osc.h ****  * supported by this module. What all of these have in common is that
 100:.././hal//sam4s/inc/osc.h ****  * they swing at a fixed, nominal frequency which is normally not
 101:.././hal//sam4s/inc/osc.h ****  * adjustable.
 102:.././hal//sam4s/inc/osc.h ****  *
 103:.././hal//sam4s/inc/osc.h ****  * \par Example: Enabling an oscillator
 104:.././hal//sam4s/inc/osc.h ****  *
 105:.././hal//sam4s/inc/osc.h ****  * The following example demonstrates how to enable the external
 106:.././hal//sam4s/inc/osc.h ****  * oscillator on XMEGA A and wait for it to be ready to use. The
 107:.././hal//sam4s/inc/osc.h ****  * oscillator identifiers are platform-specific, so while the same
 108:.././hal//sam4s/inc/osc.h ****  * procedure is used on all platforms, the parameter to osc_enable()
 109:.././hal//sam4s/inc/osc.h ****  * will be different from device to device.
 110:.././hal//sam4s/inc/osc.h ****  * \code
 111:.././hal//sam4s/inc/osc.h **** 	osc_enable(OSC_ID_XOSC);
 112:.././hal//sam4s/inc/osc.h **** 	osc_wait_ready(OSC_ID_XOSC); \endcode
 113:.././hal//sam4s/inc/osc.h ****  *
 114:.././hal//sam4s/inc/osc.h ****  * \section osc_group_board Board-specific Definitions
 115:.././hal//sam4s/inc/osc.h ****  * If external oscillators are used, the board code must provide the
 116:.././hal//sam4s/inc/osc.h ****  * following definitions for each of those:
 117:.././hal//sam4s/inc/osc.h ****  *   - \b BOARD_<osc name>_HZ: The nominal frequency of the oscillator.
 118:.././hal//sam4s/inc/osc.h ****  *   - \b BOARD_<osc name>_STARTUP_US: The startup time of the
 119:.././hal//sam4s/inc/osc.h ****  *     oscillator in microseconds.
 120:.././hal//sam4s/inc/osc.h ****  *   - \b BOARD_<osc name>_TYPE: The type of oscillator connected, i.e.
 121:.././hal//sam4s/inc/osc.h ****  *     whether it's a crystal or external clock, and sometimes what kind
 122:.././hal//sam4s/inc/osc.h ****  *     of crystal it is. The meaning of this value is platform-specific.
 123:.././hal//sam4s/inc/osc.h ****  *
 124:.././hal//sam4s/inc/osc.h ****  * @{
 125:.././hal//sam4s/inc/osc.h ****  */
 126:.././hal//sam4s/inc/osc.h **** 
 127:.././hal//sam4s/inc/osc.h **** //! \name Oscillator Management
 128:.././hal//sam4s/inc/osc.h **** //@{
 129:.././hal//sam4s/inc/osc.h **** /**
 130:.././hal//sam4s/inc/osc.h ****  * \fn void osc_enable(uint8_t id)
 131:.././hal//sam4s/inc/osc.h ****  * \brief Enable oscillator \a id
 132:.././hal//sam4s/inc/osc.h ****  *
 133:.././hal//sam4s/inc/osc.h ****  * The startup time and mode value is automatically determined based on
 134:.././hal//sam4s/inc/osc.h ****  * definitions in the board code.
 135:.././hal//sam4s/inc/osc.h ****  */
 136:.././hal//sam4s/inc/osc.h **** /**
 137:.././hal//sam4s/inc/osc.h ****  * \fn void osc_disable(uint8_t id)
 138:.././hal//sam4s/inc/osc.h ****  * \brief Disable oscillator \a id
 139:.././hal//sam4s/inc/osc.h ****  */
 140:.././hal//sam4s/inc/osc.h **** /**
 141:.././hal//sam4s/inc/osc.h ****  * \fn osc_is_ready(uint8_t id)
 142:.././hal//sam4s/inc/osc.h ****  * \brief Determine whether oscillator \a id is ready.
 143:.././hal//sam4s/inc/osc.h ****  * \retval true Oscillator \a id is running and ready to use as a clock
 144:.././hal//sam4s/inc/osc.h ****  * source.
 145:.././hal//sam4s/inc/osc.h ****  * \retval false Oscillator \a id is not running.
 146:.././hal//sam4s/inc/osc.h ****  */
 147:.././hal//sam4s/inc/osc.h **** /**
 148:.././hal//sam4s/inc/osc.h ****  * \fn uint32_t osc_get_rate(uint8_t id)
 149:.././hal//sam4s/inc/osc.h ****  * \brief Return the frequency of oscillator \a id in Hz
 150:.././hal//sam4s/inc/osc.h ****  */
 151:.././hal//sam4s/inc/osc.h **** 
 152:.././hal//sam4s/inc/osc.h **** #ifndef __ASSEMBLY__
 153:.././hal//sam4s/inc/osc.h **** 
 154:.././hal//sam4s/inc/osc.h **** /**
 155:.././hal//sam4s/inc/osc.h ****  * \brief Wait until the oscillator identified by \a id is ready
 156:.././hal//sam4s/inc/osc.h ****  *
 157:.././hal//sam4s/inc/osc.h ****  * This function will busy-wait for the oscillator identified by \a id
 158:.././hal//sam4s/inc/osc.h ****  * to become stable and ready to use as a clock source.
 159:.././hal//sam4s/inc/osc.h ****  *
 160:.././hal//sam4s/inc/osc.h ****  * \param id A number identifying the oscillator to wait for.
 161:.././hal//sam4s/inc/osc.h ****  */
 162:.././hal//sam4s/inc/osc.h **** static inline void osc_wait_ready(uint8_t id)
 163:.././hal//sam4s/inc/osc.h **** {
 164:.././hal//sam4s/inc/osc.h **** 	while (!osc_is_ready(id)) {
 165:.././hal//sam4s/inc/osc.h **** 		/* Do nothing */
 166:.././hal//sam4s/inc/osc.h **** 	}
 141              	 .loc 4 166 2 is_stmt 1 view .LVU30
 164:.././hal//sam4s/inc/osc.h **** 		/* Do nothing */
 142              	 .loc 4 164 8 view .LVU31
 143              	.LBB38:
 144              	.LBI35:
 175:.././hal//sam4s/inc/sam4s/osc.h **** {
 145              	 .loc 3 175 20 view .LVU32
 146              	.LBB37:
 177:.././hal//sam4s/inc/sam4s/osc.h **** 	case OSC_SLCK_32K_RC:
 147              	 .loc 3 177 2 view .LVU33
 148              	 .loc 3 190 3 view .LVU34
 149              	 .loc 3 190 10 is_stmt 0 view .LVU35
 150 0034 B047     	 blx r6
 151              	.LVL8:
 152              	 .loc 3 190 10 view .LVU36
 153              	.LBE37:
 154              	.LBE38:
 164:.././hal//sam4s/inc/osc.h **** 		/* Do nothing */
 155              	 .loc 4 164 8 view .LVU37
 156 0036 0028     	 cmp r0,#0
 157 0038 FCD0     	 beq .L2
 158              	.LBE39:
 159              	.LBE47:
  19:.././hal//sam4s/sam4s_hal.c ****     osc_wait_ready(OSC_MAINCK_BYPASS);
  20:.././hal//sam4s/sam4s_hal.c ****     pmc_switch_mck_to_mainck(SYSCLK_PRES_1);
 160              	 .loc 1 20 5 is_stmt 1 view .LVU38
 161 003a 124B     	 ldr r3,.L5+32
 162 003c 0020     	 movs r0,#0
 163 003e 9847     	 blx r3
 164              	.LVL9:
  21:.././hal//sam4s/sam4s_hal.c ****     SystemCoreClockUpdate();
 165              	 .loc 1 21 5 view .LVU39
 166 0040 114B     	 ldr r3,.L5+36
 167 0042 9847     	 blx r3
 168              	.LVL10:
  22:.././hal//sam4s/sam4s_hal.c ****     system_init_flash(7.37E6);
 169              	 .loc 1 22 5 view .LVU40
 170 0044 1148     	 ldr r0,.L5+40
 171 0046 A047     	 blx r4
 172              	.LVL11:
  23:.././hal//sam4s/sam4s_hal.c ****     EFC0->EEFC_FMR &= ~(0b100 << 24); // disable code loop optimizations (causes trace desyncs)
 173              	 .loc 1 23 5 view .LVU41
 174              	 .loc 1 23 20 is_stmt 0 view .LVU42
 175 0048 114A     	 ldr r2,.L5+44
 176 004a 1368     	 ldr r3,[r2]
 177 004c 23F08063 	 bic r3,r3,#67108864
 178 0050 1360     	 str r3,[r2]
  24:.././hal//sam4s/sam4s_hal.c ****     // EFC0->EEFC_FMR &= ~(0b001 << 16); // disable code loop optimizations (causes trace desyncs)
  25:.././hal//sam4s/sam4s_hal.c **** 
  26:.././hal//sam4s/sam4s_hal.c ****     sysclk_enable_peripheral_clock(ID_PIOA);
 179              	 .loc 1 26 5 is_stmt 1 view .LVU43
 180              	.LVL12:
 181              	.LBB48:
 182              	.LBI48:
 407:.././hal//sam4s/inc/sam4s/sysclk.h **** {
 183              	 .loc 2 407 20 view .LVU44
 184              	.LBB49:
 185              	 .loc 2 409 2 view .LVU45
 186 0052 0B20     	 movs r0,#11
 187 0054 A847     	 blx r5
 188              	.LVL13:
 189              	 .loc 2 409 2 is_stmt 0 view .LVU46
 190              	.LBE49:
 191              	.LBE48:
  27:.././hal//sam4s/sam4s_hal.c ****     gpio_configure_pin(PIO_PA15_IDX, PIO_OUTPUT_1 | PIO_DEFAULT);
 192              	 .loc 1 27 5 is_stmt 1 view .LVU47
  28:.././hal//sam4s/sam4s_hal.c ****     // while (1) {
  29:.././hal//sam4s/sam4s_hal.c ****     //     gpio_configure_pin(PIO_PA16_IDX, PIO_OUTPUT_0 | PIO_DEFAULT);
  30:.././hal//sam4s/sam4s_hal.c ****     //     for (volatile uint32_t i = 0; i < 100000; i++) {
  31:.././hal//sam4s/sam4s_hal.c ****     //     }
  32:.././hal//sam4s/sam4s_hal.c ****     //     gpio_configure_pin(PIO_PA16_IDX, PIO_OUTPUT_1 | PIO_DEFAULT);
  33:.././hal//sam4s/sam4s_hal.c ****     //     for (volatile uint32_t i = 0; i < 100000; i++) {
  34:.././hal//sam4s/sam4s_hal.c ****     //     }
  35:.././hal//sam4s/sam4s_hal.c ****     // }
  36:.././hal//sam4s/sam4s_hal.c ****     // gpio_configure_pin(PIO_PA10_IDX, PIO_PERIPH_A | PIO_DEFAULT);
  37:.././hal//sam4s/sam4s_hal.c **** }
 193              	 .loc 1 37 1 is_stmt 0 view .LVU48
 194 0056 BDE87040 	 pop {r4,r5,r6,lr}
 195              	.LCFI1:
 196              	 .cfi_restore 14
 197              	 .cfi_restore 6
 198              	 .cfi_restore 5
 199              	 .cfi_restore 4
 200              	 .cfi_def_cfa_offset 0
  27:.././hal//sam4s/sam4s_hal.c ****     gpio_configure_pin(PIO_PA15_IDX, PIO_OUTPUT_1 | PIO_DEFAULT);
 201              	 .loc 1 27 5 view .LVU49
 202 005a 0E4B     	 ldr r3,.L5+48
 203 005c 4FF06051 	 mov r1,#939524096
 204 0060 0F20     	 movs r0,#15
 205 0062 1847     	 bx r3
 206              	.LVL14:
 207              	.L6:
 208              	 .align 2
 209              	.L5:
 210 0064 00140E40 	 .word 1074664448
 211 0068 00000000 	 .word pmc_enable_periph_clk
 212 006c 00000000 	 .word system_init_flash
 213 0070 00000000 	 .word pmc_osc_is_ready_mainck
 214 0074 00000000 	 .word pmc_set_writeprotect
 215 0078 000E2707 	 .word 120000000
 216 007c 00000000 	 .word pmc_switch_mck_to_sclk
 217 0080 00000000 	 .word pmc_switch_mainck_to_xtal
 218 0084 00000000 	 .word pmc_switch_mck_to_mainck
 219 0088 00000000 	 .word SystemCoreClockUpdate
 220 008c 10757000 	 .word 7370000
 221 0090 000A0E40 	 .word 1074661888
 222 0094 00000000 	 .word pio_configure_pin
 223              	 .cfi_endproc
 224              	.LFE165:
 226              	 .section .text.init_uart,"ax",%progbits
 227              	 .align 1
 228              	 .global init_uart
 229              	 .syntax unified
 230              	 .thumb
 231              	 .thumb_func
 232              	 .fpu softvfp
 234              	init_uart:
 235              	.LFB166:
  38:.././hal//sam4s/sam4s_hal.c **** 
  39:.././hal//sam4s/sam4s_hal.c **** void init_uart(void)
  40:.././hal//sam4s/sam4s_hal.c **** {
 236              	 .loc 1 40 1 is_stmt 1 view-0
 237              	 .cfi_startproc
 238              	 
 239              	 
  41:.././hal//sam4s/sam4s_hal.c ****     // todo: just set these registers manually, doing so is simple and avoids asf rounding errors
  42:.././hal//sam4s/sam4s_hal.c ****     sam_uart_opt_t uopts;
 240              	 .loc 1 42 5 view .LVU51
  43:.././hal//sam4s/sam4s_hal.c ****     #if SS_VER == SS_VER_2_1
  44:.././hal//sam4s/sam4s_hal.c ****         uopts.ul_baudrate = 230400;
  45:.././hal//sam4s/sam4s_hal.c ****     #else
  46:.././hal//sam4s/sam4s_hal.c ****         uopts.ul_baudrate = 38400;
 241              	 .loc 1 46 9 view .LVU52
  40:.././hal//sam4s/sam4s_hal.c ****     // todo: just set these registers manually, doing so is simple and avoids asf rounding errors
 242              	 .loc 1 40 1 is_stmt 0 view .LVU53
 243 0000 1FB5     	 push {r0,r1,r2,r3,r4,lr}
 244              	.LCFI2:
 245              	 .cfi_def_cfa_offset 24
 246              	 .cfi_offset 4,-8
 247              	 .cfi_offset 14,-4
  47:.././hal//sam4s/sam4s_hal.c ****     #endif
  48:.././hal//sam4s/sam4s_hal.c ****     uopts.ul_mck = 7.45E6; //overestimate clock a little to avoid large baud error from calc roundi
 248              	 .loc 1 48 18 view .LVU54
 249 0002 104B     	 ldr r3,.L8
  49:.././hal//sam4s/sam4s_hal.c **** 
  50:.././hal//sam4s/sam4s_hal.c ****     uopts.ul_mode = (0x00 << 14) | (0x04 << 9);
  51:.././hal//sam4s/sam4s_hal.c **** 
  52:.././hal//sam4s/sam4s_hal.c ****     sysclk_enable_peripheral_clock(ID_UART0);
  53:.././hal//sam4s/sam4s_hal.c **** 
  54:.././hal//sam4s/sam4s_hal.c **** 
  55:.././hal//sam4s/sam4s_hal.c ****     uart_init(UART0, &uopts);
 250              	 .loc 1 55 5 view .LVU55
 251 0004 104C     	 ldr r4,.L8+4
  48:.././hal//sam4s/sam4s_hal.c **** 
 252              	 .loc 1 48 18 view .LVU56
 253 0006 4FF41642 	 mov r2,#38400
 254 000a CDE90132 	 strd r3,r2,[sp,#4]
  50:.././hal//sam4s/sam4s_hal.c **** 
 255              	 .loc 1 50 5 is_stmt 1 view .LVU57
  50:.././hal//sam4s/sam4s_hal.c **** 
 256              	 .loc 1 50 19 is_stmt 0 view .LVU58
 257 000e 4FF40063 	 mov r3,#2048
 258 0012 0393     	 str r3,[sp,#12]
  52:.././hal//sam4s/sam4s_hal.c **** 
 259              	 .loc 1 52 5 is_stmt 1 view .LVU59
 260              	.LVL15:
 261              	.LBB50:
 262              	.LBI50:
 407:.././hal//sam4s/inc/sam4s/sysclk.h **** {
 263              	 .loc 2 407 20 view .LVU60
 264              	.LBB51:
 265              	 .loc 2 409 2 view .LVU61
 266 0014 0820     	 movs r0,#8
 267 0016 0D4B     	 ldr r3,.L8+8
 268 0018 9847     	 blx r3
 269              	.LVL16:
 270              	 .loc 2 409 2 is_stmt 0 view .LVU62
 271              	.LBE51:
 272              	.LBE50:
 273              	 .loc 1 55 5 is_stmt 1 view .LVU63
 274 001a 01A9     	 add r1,sp,#4
 275 001c 0C4B     	 ldr r3,.L8+12
 276 001e 2046     	 mov r0,r4
 277 0020 9847     	 blx r3
 278              	.LVL17:
  56:.././hal//sam4s/sam4s_hal.c ****     uart_enable_rx(UART0);
 279              	 .loc 1 56 5 view .LVU64
 280 0022 2046     	 mov r0,r4
 281 0024 0B4B     	 ldr r3,.L8+16
 282 0026 9847     	 blx r3
 283              	.LVL18:
  57:.././hal//sam4s/sam4s_hal.c ****     uart_enable_tx(UART0);
 284              	 .loc 1 57 5 view .LVU65
 285 0028 0B4B     	 ldr r3,.L8+20
 286 002a 2046     	 mov r0,r4
 287 002c 9847     	 blx r3
 288              	.LVL19:
  58:.././hal//sam4s/sam4s_hal.c ****     gpio_configure_pin(PIO_PA9_IDX, PIO_PERIPH_A | PIO_DEFAULT | PIO_PULLUP);
 289              	 .loc 1 58 5 view .LVU66
 290 002e 0B4C     	 ldr r4,.L8+24
 291 0030 0B49     	 ldr r1,.L8+28
 292 0032 0920     	 movs r0,#9
 293 0034 A047     	 blx r4
 294              	.LVL20:
  59:.././hal//sam4s/sam4s_hal.c ****     gpio_configure_pin(PIO_PA10_IDX, PIO_PERIPH_A | PIO_DEFAULT);
 295              	 .loc 1 59 5 view .LVU67
 296 0036 4FF00061 	 mov r1,#134217728
 297 003a 0A20     	 movs r0,#10
 298 003c A047     	 blx r4
 299              	.LVL21:
  60:.././hal//sam4s/sam4s_hal.c **** }
 300              	 .loc 1 60 1 is_stmt 0 view .LVU68
 301 003e 04B0     	 add sp,sp,#16
 302              	.LCFI3:
 303              	 .cfi_def_cfa_offset 8
 304              	 
 305 0040 10BD     	 pop {r4,pc}
 306              	.L9:
 307 0042 00BF     	 .align 2
 308              	.L8:
 309 0044 90AD7100 	 .word 7450000
 310 0048 00060E40 	 .word 1074660864
 311 004c 00000000 	 .word pmc_enable_periph_clk
 312 0050 00000000 	 .word uart_init
 313 0054 00000000 	 .word uart_enable_rx
 314 0058 00000000 	 .word uart_enable_tx
 315 005c 00000000 	 .word pio_configure_pin
 316 0060 01000008 	 .word 134217729
 317              	 .cfi_endproc
 318              	.LFE166:
 320              	 .section .text.putch,"ax",%progbits
 321              	 .align 1
 322              	 .global putch
 323              	 .syntax unified
 324              	 .thumb
 325              	 .thumb_func
 326              	 .fpu softvfp
 328              	putch:
 329              	.LVL22:
 330              	.LFB167:
  61:.././hal//sam4s/sam4s_hal.c **** 
  62:.././hal//sam4s/sam4s_hal.c **** void putch(char c)
  63:.././hal//sam4s/sam4s_hal.c **** {
 331              	 .loc 1 63 1 is_stmt 1 view-0
 332              	 .cfi_startproc
 333              	 
 334              	 
  64:.././hal//sam4s/sam4s_hal.c ****     // while (!uart_is_tx_buf_end(UART0));
  65:.././hal//sam4s/sam4s_hal.c ****     while(uart_write(UART0, c));
 335              	 .loc 1 65 5 view .LVU70
  63:.././hal//sam4s/sam4s_hal.c ****     // while (!uart_is_tx_buf_end(UART0));
 336              	 .loc 1 63 1 is_stmt 0 view .LVU71
 337 0000 70B5     	 push {r4,r5,r6,lr}
 338              	.LCFI4:
 339              	 .cfi_def_cfa_offset 16
 340              	 .cfi_offset 4,-16
 341              	 .cfi_offset 5,-12
 342              	 .cfi_offset 6,-8
 343              	 .cfi_offset 14,-4
 344              	 .loc 1 65 11 view .LVU72
 345 0002 044E     	 ldr r6,.L13
 346 0004 044D     	 ldr r5,.L13+4
  63:.././hal//sam4s/sam4s_hal.c ****     // while (!uart_is_tx_buf_end(UART0));
 347              	 .loc 1 63 1 view .LVU73
 348 0006 0446     	 mov r4,r0
 349              	.LVL23:
 350              	.L11:
 351              	 .loc 1 65 32 is_stmt 1 discriminator 1 view .LVU74
 352              	 .loc 1 65 10 discriminator 1 view .LVU75
 353              	 .loc 1 65 11 is_stmt 0 discriminator 1 view .LVU76
 354 0008 2146     	 mov r1,r4
 355 000a 3046     	 mov r0,r6
 356 000c A847     	 blx r5
 357              	.LVL24:
 358              	 .loc 1 65 10 discriminator 1 view .LVU77
 359 000e 0028     	 cmp r0,#0
 360 0010 FAD1     	 bne .L11
  66:.././hal//sam4s/sam4s_hal.c **** }
 361              	 .loc 1 66 1 view .LVU78
 362 0012 70BD     	 pop {r4,r5,r6,pc}
 363              	.L14:
 364              	 .align 2
 365              	.L13:
 366 0014 00060E40 	 .word 1074660864
 367 0018 00000000 	 .word uart_write
 368              	 .cfi_endproc
 369              	.LFE167:
 371              	 .section .text.getch,"ax",%progbits
 372              	 .align 1
 373              	 .global getch
 374              	 .syntax unified
 375              	 .thumb
 376              	 .thumb_func
 377              	 .fpu softvfp
 379              	getch:
 380              	.LFB168:
  67:.././hal//sam4s/sam4s_hal.c **** 
  68:.././hal//sam4s/sam4s_hal.c **** char getch(void)
  69:.././hal//sam4s/sam4s_hal.c **** {
 381              	 .loc 1 69 1 is_stmt 1 view-0
 382              	 .cfi_startproc
 383              	 
 384              	 
  70:.././hal//sam4s/sam4s_hal.c ****     uint8_t c;
 385              	 .loc 1 70 5 view .LVU80
  71:.././hal//sam4s/sam4s_hal.c ****     while(uart_read(UART0, &c));
 386              	 .loc 1 71 5 view .LVU81
  69:.././hal//sam4s/sam4s_hal.c ****     uint8_t c;
 387              	 .loc 1 69 1 is_stmt 0 view .LVU82
 388 0000 37B5     	 push {r0,r1,r2,r4,r5,lr}
 389              	.LCFI5:
 390              	 .cfi_def_cfa_offset 24
 391              	 .cfi_offset 4,-12
 392              	 .cfi_offset 5,-8
 393              	 .cfi_offset 14,-4
 394              	 .loc 1 71 11 view .LVU83
 395 0002 064D     	 ldr r5,.L18
 396 0004 064C     	 ldr r4,.L18+4
 397              	.L16:
 398              	 .loc 1 71 32 is_stmt 1 discriminator 1 view .LVU84
 399              	 .loc 1 71 10 discriminator 1 view .LVU85
 400              	 .loc 1 71 11 is_stmt 0 discriminator 1 view .LVU86
 401 0006 0DF10701 	 add r1,sp,#7
 402 000a 2846     	 mov r0,r5
 403 000c A047     	 blx r4
 404              	.LVL25:
 405              	 .loc 1 71 10 discriminator 1 view .LVU87
 406 000e 0028     	 cmp r0,#0
 407 0010 F9D1     	 bne .L16
  72:.././hal//sam4s/sam4s_hal.c ****     return c;
 408              	 .loc 1 72 5 is_stmt 1 view .LVU88
  73:.././hal//sam4s/sam4s_hal.c **** }
 409              	 .loc 1 73 1 is_stmt 0 view .LVU89
 410 0012 9DF80700 	 ldrb r0,[sp,#7]
 411 0016 03B0     	 add sp,sp,#12
 412              	.LCFI6:
 413              	 .cfi_def_cfa_offset 12
 414              	 
 415 0018 30BD     	 pop {r4,r5,pc}
 416              	.L19:
 417 001a 00BF     	 .align 2
 418              	.L18:
 419 001c 00060E40 	 .word 1074660864
 420 0020 00000000 	 .word uart_read
 421              	 .cfi_endproc
 422              	.LFE168:
 424              	 .section .text.trigger_setup,"ax",%progbits
 425              	 .align 1
 426              	 .global trigger_setup
 427              	 .syntax unified
 428              	 .thumb
 429              	 .thumb_func
 430              	 .fpu softvfp
 432              	trigger_setup:
 433              	.LFB169:
  74:.././hal//sam4s/sam4s_hal.c **** 
  75:.././hal//sam4s/sam4s_hal.c **** void trigger_setup(void)
  76:.././hal//sam4s/sam4s_hal.c **** {
 434              	 .loc 1 76 1 is_stmt 1 view-0
 435              	 .cfi_startproc
 436              	 
 437              	 
  77:.././hal//sam4s/sam4s_hal.c ****     sysclk_enable_peripheral_clock(ID_PIOA);
 438              	 .loc 1 77 5 view .LVU91
 439              	.LVL26:
 440              	.LBB52:
 441              	.LBI52:
 407:.././hal//sam4s/inc/sam4s/sysclk.h **** {
 442              	 .loc 2 407 20 view .LVU92
 443              	.LBB53:
 444              	 .loc 2 409 2 view .LVU93
 445              	.LBE53:
 446              	.LBE52:
  76:.././hal//sam4s/sam4s_hal.c ****     sysclk_enable_peripheral_clock(ID_PIOA);
 447              	 .loc 1 76 1 is_stmt 0 view .LVU94
 448 0000 10B5     	 push {r4,lr}
 449              	.LCFI7:
 450              	 .cfi_def_cfa_offset 8
 451              	 .cfi_offset 4,-8
 452              	 .cfi_offset 14,-4
 453              	.LBB55:
 454              	.LBB54:
 455              	 .loc 2 409 2 view .LVU95
 456 0002 054B     	 ldr r3,.L21
 457 0004 0B20     	 movs r0,#11
 458 0006 9847     	 blx r3
 459              	.LVL27:
 460              	 .loc 2 409 2 view .LVU96
 461              	.LBE54:
 462              	.LBE55:
  78:.././hal//sam4s/sam4s_hal.c ****     gpio_configure_pin(PIO_PA7_IDX, PIO_OUTPUT_0 | PIO_DEFAULT);
 463              	 .loc 1 78 5 is_stmt 1 view .LVU97
  79:.././hal//sam4s/sam4s_hal.c **** }
 464              	 .loc 1 79 1 is_stmt 0 view .LVU98
 465 0008 BDE81040 	 pop {r4,lr}
 466              	.LCFI8:
 467              	 .cfi_restore 14
 468              	 .cfi_restore 4
 469              	 .cfi_def_cfa_offset 0
  78:.././hal//sam4s/sam4s_hal.c ****     gpio_configure_pin(PIO_PA7_IDX, PIO_OUTPUT_0 | PIO_DEFAULT);
 470              	 .loc 1 78 5 view .LVU99
 471 000c 034B     	 ldr r3,.L21+4
 472 000e 4FF04051 	 mov r1,#805306368
 473 0012 0720     	 movs r0,#7
 474 0014 1847     	 bx r3
 475              	.LVL28:
 476              	.L22:
 477 0016 00BF     	 .align 2
 478              	.L21:
 479 0018 00000000 	 .word pmc_enable_periph_clk
 480 001c 00000000 	 .word pio_configure_pin
 481              	 .cfi_endproc
 482              	.LFE169:
 484              	 .section .text.trigger_low,"ax",%progbits
 485              	 .align 1
 486              	 .global trigger_low
 487              	 .syntax unified
 488              	 .thumb
 489              	 .thumb_func
 490              	 .fpu softvfp
 492              	trigger_low:
 493              	.LFB170:
  80:.././hal//sam4s/sam4s_hal.c **** 
  81:.././hal//sam4s/sam4s_hal.c **** void trigger_low(void)
  82:.././hal//sam4s/sam4s_hal.c **** {
 494              	 .loc 1 82 1 is_stmt 1 view-0
 495              	 .cfi_startproc
 496              	 
 497              	 
  83:.././hal//sam4s/sam4s_hal.c ****     gpio_set_pin_low(PIO_PA7_IDX);
 498              	 .loc 1 83 5 view .LVU101
  82:.././hal//sam4s/sam4s_hal.c ****     gpio_set_pin_low(PIO_PA7_IDX);
 499              	 .loc 1 82 1 is_stmt 0 view .LVU102
 500 0000 10B5     	 push {r4,lr}
 501              	.LCFI9:
 502              	 .cfi_def_cfa_offset 8
 503              	 .cfi_offset 4,-8
 504              	 .cfi_offset 14,-4
 505              	 .loc 1 83 5 view .LVU103
 506 0002 054B     	 ldr r3,.L24
 507 0004 0720     	 movs r0,#7
 508 0006 9847     	 blx r3
 509              	.LVL29:
  84:.././hal//sam4s/sam4s_hal.c ****     gpio_configure_pin(PIO_PA7_IDX, PIO_OUTPUT_0 | PIO_DEFAULT);
 510              	 .loc 1 84 5 is_stmt 1 view .LVU104
  85:.././hal//sam4s/sam4s_hal.c **** }
 511              	 .loc 1 85 1 is_stmt 0 view .LVU105
 512 0008 BDE81040 	 pop {r4,lr}
 513              	.LCFI10:
 514              	 .cfi_restore 14
 515              	 .cfi_restore 4
 516              	 .cfi_def_cfa_offset 0
  84:.././hal//sam4s/sam4s_hal.c ****     gpio_configure_pin(PIO_PA7_IDX, PIO_OUTPUT_0 | PIO_DEFAULT);
 517              	 .loc 1 84 5 view .LVU106
 518 000c 034B     	 ldr r3,.L24+4
 519 000e 4FF04051 	 mov r1,#805306368
 520 0012 0720     	 movs r0,#7
 521 0014 1847     	 bx r3
 522              	.LVL30:
 523              	.L25:
 524 0016 00BF     	 .align 2
 525              	.L24:
 526 0018 00000000 	 .word pio_set_pin_low
 527 001c 00000000 	 .word pio_configure_pin
 528              	 .cfi_endproc
 529              	.LFE170:
 531              	 .section .text.trigger_high,"ax",%progbits
 532              	 .align 1
 533              	 .global trigger_high
 534              	 .syntax unified
 535              	 .thumb
 536              	 .thumb_func
 537              	 .fpu softvfp
 539              	trigger_high:
 540              	.LFB171:
  86:.././hal//sam4s/sam4s_hal.c **** 
  87:.././hal//sam4s/sam4s_hal.c **** void trigger_high(void)
  88:.././hal//sam4s/sam4s_hal.c **** {
 541              	 .loc 1 88 1 is_stmt 1 view-0
 542              	 .cfi_startproc
 543              	 
 544              	 
  89:.././hal//sam4s/sam4s_hal.c ****     gpio_set_pin_high(PIO_PA7_IDX);
 545              	 .loc 1 89 5 view .LVU108
  88:.././hal//sam4s/sam4s_hal.c ****     gpio_set_pin_high(PIO_PA7_IDX);
 546              	 .loc 1 88 1 is_stmt 0 view .LVU109
 547 0000 10B5     	 push {r4,lr}
 548              	.LCFI11:
 549              	 .cfi_def_cfa_offset 8
 550              	 .cfi_offset 4,-8
 551              	 .cfi_offset 14,-4
 552              	 .loc 1 89 5 view .LVU110
 553 0002 054B     	 ldr r3,.L27
 554 0004 0720     	 movs r0,#7
 555 0006 9847     	 blx r3
 556              	.LVL31:
  90:.././hal//sam4s/sam4s_hal.c ****     gpio_configure_pin(PIO_PA7_IDX, PIO_OUTPUT_1 | PIO_DEFAULT);
 557              	 .loc 1 90 5 is_stmt 1 view .LVU111
  91:.././hal//sam4s/sam4s_hal.c **** }...
 558              	 .loc 1 91 1 is_stmt 0 view .LVU112
 559 0008 BDE81040 	 pop {r4,lr}
 560              	.LCFI12:
 561              	 .cfi_restore 14
 562              	 .cfi_restore 4
 563              	 .cfi_def_cfa_offset 0
  90:.././hal//sam4s/sam4s_hal.c ****     gpio_configure_pin(PIO_PA7_IDX, PIO_OUTPUT_1 | PIO_DEFAULT);
 564              	 .loc 1 90 5 view .LVU113
 565 000c 034B     	 ldr r3,.L27+4
 566 000e 4FF06051 	 mov r1,#939524096
 567 0012 0720     	 movs r0,#7
 568 0014 1847     	 bx r3
 569              	.LVL32:
 570              	.L28:
 571 0016 00BF     	 .align 2
 572              	.L27:
 573 0018 00000000 	 .word pio_set_pin_high
 574 001c 00000000 	 .word pio_configure_pin
 575              	 .cfi_endproc
 576              	.LFE171:
 578              	 .section .bss.cpu_irq_critical_section_counter,"aw",%nobits
 579              	 .align 2
 582              	cpu_irq_critical_section_counter:
 583 0000 00000000 	 .space 4
 584              	 .section .bss.cpu_irq_prev_interrupt_state,"aw",%nobits
 587              	cpu_irq_prev_interrupt_state:
 588 0000 00       	 .space 1
 589              	 .text
 590              	.Letext0:
 591              	 .file 5 "/usr/lib/gcc/arm-none-eabi/10.3.1/include/stdint.h"
 592              	 .file 6 ".././hal//sam4s/inc/component/component_efc.h"
 593              	 .file 7 ".././hal//sam4s/inc/component/component_uart.h"
 594              	 .file 8 ".././hal//sam4s/inc/component/component_wdt.h"
 595              	 .file 9 ".././hal//sam4s/inc/interrupt/interrupt_sam_nvic.h"
 596              	 .file 10 ".././hal//sam4s/inc/uart.h"
 597              	 .file 11 ".././hal//sam4s/inc/pio.h"
 598              	 .file 12 ".././hal//sam4s/inc/pmc.h"
 599              	 .file 13 ".././hal//sam4s/inc/system_sam4s.h"
DEFINED SYMBOLS
                            *ABS*:0000000000000000 sam4s_hal.c
    {standard input}:16     .text.platform_init:0000000000000000 $t
    {standard input}:24     .text.platform_init:0000000000000000 platform_init
    {standard input}:210    .text.platform_init:0000000000000064 $d
    {standard input}:227    .text.init_uart:0000000000000000 $t
    {standard input}:234    .text.init_uart:0000000000000000 init_uart
    {standard input}:309    .text.init_uart:0000000000000044 $d
    {standard input}:321    .text.putch:0000000000000000 $t
    {standard input}:328    .text.putch:0000000000000000 putch
    {standard input}:366    .text.putch:0000000000000014 $d
    {standard input}:372    .text.getch:0000000000000000 $t
    {standard input}:379    .text.getch:0000000000000000 getch
    {standard input}:419    .text.getch:000000000000001c $d
    {standard input}:425    .text.trigger_setup:0000000000000000 $t
    {standard input}:432    .text.trigger_setup:0000000000000000 trigger_setup
    {standard input}:479    .text.trigger_setup:0000000000000018 $d
    {standard input}:485    .text.trigger_low:0000000000000000 $t
    {standard input}:492    .text.trigger_low:0000000000000000 trigger_low
    {standard input}:526    .text.trigger_low:0000000000000018 $d
    {standard input}:532    .text.trigger_high:0000000000000000 $t
    {standard input}:539    .text.trigger_high:0000000000000000 trigger_high
    {standard input}:573    .text.trigger_high:0000000000000018 $d
    {standard input}:579    .bss.cpu_irq_critical_section_counter:0000000000000000 $d
    {standard input}:582    .bss.cpu_irq_critical_section_counter:0000000000000000 cpu_irq_critical_section_counter
    {standard input}:587    .bss.cpu_irq_prev_interrupt_state:0000000000000000 cpu_irq_prev_interrupt_state
    {standard input}:588    .bss.cpu_irq_prev_interrupt_state:0000000000000000 $d
                           .group:0000000000000000 wm4.0.40de2b83a44ef390460eeab03a270adb
                           .group:0000000000000000 wm4.stdint.h.29.6d480f4ba0f60596e88234283d42444f
                           .group:0000000000000000 wm4.parts.h.38.09ccce703cc30b12360b0e797fac8cb6
                           .group:0000000000000000 wm4.stddef.h.39.27677723d43e5b5a7afdf8d798429f1d
                           .group:0000000000000000 wm4.tpaste.h.38.f9caafafc33cddaf7097f68661fce374
                           .group:0000000000000000 wm4.stringz.h.38.451b1c9629f877d07c6b3529fe5b37b2
                           .group:0000000000000000 wm4.mrepeat.h.52.224450943b2762ae34ad2cae2fa96ad2
                           .group:0000000000000000 wm4.sam4s2b.h.46.0f6cf15cc0eb3f1d5e6ab7e6cadb7a8c
                           .group:0000000000000000 wm4.core_cm4.h.43.9593ac0dcec24a3a6f1d638d754e90b2
                           .group:0000000000000000 wm4.core_cmInstr.h.39.53f0cdf363d7ba01993152fdcb6be5d3
                           .group:0000000000000000 wm4.core_cmSimd.h.43.c355993beb49ccd10586af5b1cfe5aee
                           .group:0000000000000000 wm4.core_cm4.h.201.504dd1a6bdf57a6296d26f255ae618b9
                           .group:0000000000000000 wm4.component_acc.h.36.308f7d4c1685c8ebd00910c37bbeab26
                           .group:0000000000000000 wm4.component_adc.h.36.b8477219496e42be1d01ccb1b6f6b02b
                           .group:0000000000000000 wm4.component_chipid.h.36.cb4a4222aca9bee8d01f4aa49afe4d6d
                           .group:0000000000000000 wm4.component_crccu.h.36.1d71ce61706000275b271d03beaec6d2
                           .group:0000000000000000 wm4.component_dacc.h.36.0b87b1e719912b5885bdf9531e0e43d6
                           .group:0000000000000000 wm4.component_efc.h.36.a6b4458c43d27669aaa6147006e1eb74
                           .group:0000000000000000 wm4.component_gpbr.h.36.595122ea9c79505c4e73c9e7421802a8
                           .group:0000000000000000 wm4.component_hsmci.h.36.ccf6dd1a128877835aec3d40c12745dd
                           .group:0000000000000000 wm4.component_matrix.h.36.8f1d7aeed86a08ab4d936e5a0f026440
                           .group:0000000000000000 wm4.component_pdc.h.36.363e6546b41ce8a14a922d18930df184
                           .group:0000000000000000 wm4.component_pio.h.36.f033c3341fbeea7d2a04545c9a72bd24
                           .group:0000000000000000 wm4.component_pmc.h.36.2771b76afbda6351cb4cf4c6708887d5
                           .group:0000000000000000 wm4.component_pwm.h.36.0cd735c74e99ef7d330cb87d1f16c213
                           .group:0000000000000000 wm4.component_rstc.h.36.1af4b8140176d86bc0af5b861fd3a623
                           .group:0000000000000000 wm4.component_rtc.h.36.c865407d28492a40a128dee548893efe
                           .group:0000000000000000 wm4.component_rtt.h.36.46adad6456893b38ef49ae9a2d0afea1
                           .group:0000000000000000 wm4.component_spi.h.36.a18850bcdd90fcb2d130155fa94829ea
                           .group:0000000000000000 wm4.component_ssc.h.36.6ffc46b5a0a9219bd5c90b3f63510b0f
                           .group:0000000000000000 wm4.component_supc.h.36.0db4554695c6e864e5338e4faca84d88
                           .group:0000000000000000 wm4.component_tc.h.36.af47419b07ade32b2d1423414983d2f7
                           .group:0000000000000000 wm4.component_twi.h.36.3496bc3884f63f906fd446649da75de1
                           .group:0000000000000000 wm4.component_uart.h.36.74e9355d463b56860c56764a9be37213
                           .group:0000000000000000 wm4.component_udp.h.36.8cb9530d4bf5319aabe6158f5e738b3d
                           .group:0000000000000000 wm4.component_usart.h.36.5e91c114006f7b551a45955ae29cb6cf
                           .group:0000000000000000 wm4.component_wdt.h.36.277adc27b017beabbb9f7b11b0fa46f2
                           .group:0000000000000000 wm4.instance_hsmci.h.36.9855cb84ff287cffb479099857800873
                           .group:0000000000000000 wm4.instance_ssc.h.36.630afe78e802d5fc05c6224c23890fe1
                           .group:0000000000000000 wm4.instance_spi.h.36.325bf539a06b58ad3327698a7ef68d81
                           .group:0000000000000000 wm4.instance_tc0.h.36.fbfa021f96aebd3d46fa1937156b0b0a
                           .group:0000000000000000 wm4.instance_twi0.h.36.13a0f0822f7bd9074e9b846b04ed10b9
                           .group:0000000000000000 wm4.instance_twi1.h.36.6c6b55c3fab76b3818eb5314bf7bc410
                           .group:0000000000000000 wm4.instance_pwm.h.36.1b555f9fd14d69df968818a3882b2cde
                           .group:0000000000000000 wm4.instance_usart0.h.36.3b6138f7be7c01038525724f6c5d6c1e
                           .group:0000000000000000 wm4.instance_usart1.h.36.137c36ec170c7ca2c1f8e046f5d0e0c9
                           .group:0000000000000000 wm4.instance_udp.h.36.b94eabb27893117a74b4d6faebd80bc6
                           .group:0000000000000000 wm4.instance_adc.h.36.84184448551cb0a3c52160d178904d14
                           .group:0000000000000000 wm4.instance_dacc.h.36.28a68c12285ab1a6b24d06876c4b8807
                           .group:0000000000000000 wm4.instance_acc.h.36.71d96a8f2214f8a9d18eec4d2d93f130
                           .group:0000000000000000 wm4.instance_crccu.h.36.549cca511b407ab33982b56bae0c25ac
                           .group:0000000000000000 wm4.instance_matrix.h.36.da03b47f7e819cfcead8ef1cd71b60ce
                           .group:0000000000000000 wm4.instance_pmc.h.36.002f4765e9f18dc4b183b779163ab06e
                           .group:0000000000000000 wm4.instance_uart0.h.36.fa62b2ed6ce17806cd77556aa65a73f5
                           .group:0000000000000000 wm4.instance_chipid.h.36.6f5f676d52e3e21dba5d88a4bb87d922
                           .group:0000000000000000 wm4.instance_uart1.h.36.bc11f9c4189a4ac15cce81cf9f40fcf9
                           .group:0000000000000000 wm4.instance_efc0.h.36.67a3a70e962ac1d6ef8fcee0e9fd4a9b
                           .group:0000000000000000 wm4.instance_pioa.h.36.27d92aa6d00d8b6a2b34acdeee1aa60a
                           .group:0000000000000000 wm4.instance_piob.h.36.b0f95d3fb66ff01bcd91fb6a4cb54dc3
                           .group:0000000000000000 wm4.instance_rstc.h.36.f8bcddbd3310cbb6a39c155e9e6b3cfb
                           .group:0000000000000000 wm4.instance_supc.h.36.17878f57a77a9d368090917738ff3e02
                           .group:0000000000000000 wm4.instance_rtt.h.36.8759ab7e2580c101b6db702769407cb0
                           .group:0000000000000000 wm4.instance_wdt.h.36.ab83587b138c65dcd29a29119835b92a
                           .group:0000000000000000 wm4.instance_rtc.h.36.52aa67a6a7c945bf00db9fb9d057e3e0
                           .group:0000000000000000 wm4.instance_gpbr.h.36.b2cfd4dee03ed0c28ecb9eb233d2ac42
                           .group:0000000000000000 wm4.sam4s2b.h.313.04ed20c80f538f8fadb9388a8469283e
                           .group:0000000000000000 wm4.pio_sam4s2b.h.36.e1b33fead6a6e1ee98b2f4cba4bb11b4
                           .group:0000000000000000 wm4.sam4s2b.h.450.98a9c8ea67d90470c8554ffe87c8398a
                           .group:0000000000000000 wm4._newlib_version.h.4.1ef4e12f167f8b69d7c30054be56050d
                           .group:0000000000000000 wm4.newlib.h.21.1ae2897bc09bbe4bc80ffb801fb02432
                           .group:0000000000000000 wm4.ieeefp.h.77.f33a4dce62116f6f5175ff8bae57a54c
                           .group:0000000000000000 wm4.features.h.22.026edb2397769f4ae13f35900dbdb560
                           .group:0000000000000000 wm4.config.h.224.c701144a7b0518c6ee9b9b5465b79f81
                           .group:0000000000000000 wm4._ansi.h.31.de524f58584151836e90d8620a16f8e8
                           .group:0000000000000000 wm4.stdio.h.31.7c0e28c411445f3f9c5b11accf882760
                           .group:0000000000000000 wm4._default_types.h.6.959254cf5f09734ea7516c89e8bb21bd
                           .group:0000000000000000 wm4.stddef.h.155.ba788add86a0e365f264484f110c3c29
                           .group:0000000000000000 wm4.cdefs.h.49.3d0fe8ea14e93bda8c589d4f684b21b8
                           .group:0000000000000000 wm4.stdarg.h.34.3a23a216c0c293b3d2ea2e89281481e6
                           .group:0000000000000000 wm4._types.h.20.dd0d04dca3800a0d2a6129b87f3adbb2
                           .group:0000000000000000 wm4.stddef.h.155.3588ebfdd1e8c7ede80509bb9c3b8009
                           .group:0000000000000000 wm4._types.h.127.34941de1b2539d59d5cac00e0dd27a45
                           .group:0000000000000000 wm4.reent.h.17.e292bf8b0bec6c96e131a54347145a30
                           .group:0000000000000000 wm4.lock.h.2.c0958401bd0ce484d507ee19aacab817
                           .group:0000000000000000 wm4.reent.h.77.dcd6129ff07fe81bd5636db29abe53b2
                           .group:0000000000000000 wm4.types.h.40.8b6acba56cefbb11746718204edc8f5e
                           .group:0000000000000000 wm4._stdint.h.10.c24fa3af3bc1706662bb5593a907e841
                           .group:0000000000000000 wm4._endian.h.31.65a10590763c3dde1ac4a7f66d7d4891
                           .group:0000000000000000 wm4.endian.h.9.49f3a4695c1b61e8a0808de3c4a106cb
                           .group:0000000000000000 wm4._timeval.h.32.bec3221fa7a9bb0bdde696c9c57e47d2
                           .group:0000000000000000 wm4.timespec.h.41.d855182eb0e690443ab8651bcedca6e1
                           .group:0000000000000000 wm4.select.h.19.97ca6fd0c752a0f3b6719fd314d361e6
                           .group:0000000000000000 wm4.types.h.51.5571ec98f267d17d3c670b7a3ba33afa
                           .group:0000000000000000 wm4.sched.h.22.c60982713a5c428609783c78f9c78d95
                           .group:0000000000000000 wm4._pthreadtypes.h.36.fcee9961c35163dde6267ef772ad1972
                           .group:0000000000000000 wm4.stdio.h.2.4aa87247282eca6c8f36f9de33d8df1a
                           .group:0000000000000000 wm4.stdio.h.81.932d0c162786b883f622b8d05c120c78
                           .group:0000000000000000 wm4.stdbool.h.29.07dce69c3b78884144b7f7bd19483461
                           .group:0000000000000000 wm4.stdlib.h.13.4ed386f5c1a80d71e72172885d946ef2
                           .group:0000000000000000 wm4.alloca.h.8.dfc0c703c47ec3e69746825b17d9e66d
                           .group:0000000000000000 wm4.stdlib.h.56.f4862cfbf4363a1db01842d5bdf72c18
                           .group:0000000000000000 wm4.compiler.h.81.f75af8228a71cd19fa09df23f58333e2
                           .group:0000000000000000 wm4.interrupt_sam_nvic.h.77.5650b866702c5f625c80d648ec551823
                           .group:0000000000000000 wm4.compiler.h.420.b563cf39b91298e26f28e0fd38c47072
                           .group:0000000000000000 wm4.board.h.62.04be389f52057678d89e56bc54ba7f0f
                           .group:0000000000000000 wm4.naeusb_board_config.h.2.c0942a0b7acc934ff850888bfbdc5425
                           .group:0000000000000000 wm4.pmc.h.38.7bb294bcb77f1d5cfe61fa73ada2626e
                           .group:0000000000000000 wm4.osc.h.87.371785ea7a094c5a3243c30289e8acd7
                           .group:0000000000000000 wm4.pll.h.38.ab8b2c241cd341f0f249b0c1a76bd14f
                           .group:0000000000000000 wm4.genclk.h.58.b82bb81dab8b318d4136340273323c9a
                           .group:0000000000000000 wm4.pio.h.38.4f65a4a8b91f1e25ccdabe1bb6f61b1a
                           .group:0000000000000000 wm4.uart.h.38.048fadcc18b5a446479d5a782d85c102
                           .group:0000000000000000 wm4.sysclk.h.38.30ca0cf27d09e9bc0d0170f433d48fa1
                           .group:0000000000000000 wm4.sam_gpio.h.38.025fa01e9a8b28efa5cd82d5f53d12f0

UNDEFINED SYMBOLS
pmc_enable_periph_clk
system_init_flash
pmc_osc_is_ready_mainck
pmc_set_writeprotect
pmc_switch_mck_to_sclk
pmc_switch_mainck_to_xtal
pmc_switch_mck_to_mainck
SystemCoreClockUpdate
pio_configure_pin
uart_init
uart_enable_rx
uart_enable_tx
uart_write
uart_read
pio_set_pin_low
pio_set_pin_high
