   1              	 .cpu cortex-m4
   2              	 .eabi_attribute 20,1
   3              	 .eabi_attribute 21,1
   4              	 .eabi_attribute 23,3
   5              	 .eabi_attribute 24,1
   6              	 .eabi_attribute 25,1
   7              	 .eabi_attribute 26,1
   8              	 .eabi_attribute 30,4
   9              	 .eabi_attribute 34,1
  10              	 .eabi_attribute 18,4
  11              	 .file "Toeplitz_FFT.c"
  12              	 .text
  13              	.Ltext0:
  14              	 .cfi_sections .debug_frame
  15              	 .section .text.read_bytes,"ax",%progbits
  16              	 .align 1
  17              	 .global read_bytes
  18              	 .arch armv7e-m
  19              	 .syntax unified
  20              	 .thumb
  21              	 .thumb_func
  22              	 .fpu softvfp
  24              	read_bytes:
  25              	.LVL0:
  26              	.LFB4:
  27              	 .file 1 "Toeplitz_FFT.c"
   1:Toeplitz_FFT.c **** #include "hal.h"
   2:Toeplitz_FFT.c **** #include <stdint.h>
   3:Toeplitz_FFT.c **** #include <stdlib.h>
   4:Toeplitz_FFT.c **** #include <stdio.h>
   5:Toeplitz_FFT.c **** #include <math.h>
   6:Toeplitz_FFT.c **** #include <complex.h>
   7:Toeplitz_FFT.c **** #include <time.h>
   8:Toeplitz_FFT.c **** 
   9:Toeplitz_FFT.c **** #define IDLE 0
  10:Toeplitz_FFT.c **** #define KEY 1
  11:Toeplitz_FFT.c **** #define PLAIN 2
  12:Toeplitz_FFT.c **** #define PI 3.1415926535897932384626433832795  // Value of Pi
  13:Toeplitz_FFT.c **** #define BUFLEN 64
  14:Toeplitz_FFT.c **** 
  15:Toeplitz_FFT.c **** // Key/seed size in BYTES. Set at build time with `make ROWLEN=<n>`; changing
  16:Toeplitz_FFT.c **** // it requires a rebuild since the FFT length is baked into the binary.
  17:Toeplitz_FFT.c **** // The Toeplitz hash itself is bit-level (GF(2)), so each byte is expanded
  18:Toeplitz_FFT.c **** // into 8 individual bits before hashing -- ROWBITS is that bit-vector
  19:Toeplitz_FFT.c **** // length, and it's what actually needs to be a power of two for the
  20:Toeplitz_FFT.c **** // radix-2 DIT FFT.
  21:Toeplitz_FFT.c **** // 128 bytes (1024 bits) is a tested, comfortable ceiling for this SAM4S
  22:Toeplitz_FFT.c **** // target's 64KB of RAM (~51% used); 256 bytes builds but leaves under 5%
  23:Toeplitz_FFT.c **** // headroom, and 512+ fails to link outright -- see the RAM comment on
  24:Toeplitz_FFT.c **** // Toeplitz_hash_fft_seeded.
  25:Toeplitz_FFT.c **** #ifndef ROWLEN
  26:Toeplitz_FFT.c **** #define ROWLEN 128
  27:Toeplitz_FFT.c **** #endif
  28:Toeplitz_FFT.c **** 
  29:Toeplitz_FFT.c **** #define ROWBITS (ROWLEN * 8)
  30:Toeplitz_FFT.c **** 
  31:Toeplitz_FFT.c **** #if (ROWBITS & (ROWBITS - 1)) != 0
  32:Toeplitz_FFT.c **** #error "ROWLEN*8 must be a power of two (required by the radix-2 DIT FFT)"
  33:Toeplitz_FFT.c **** #endif
  34:Toeplitz_FFT.c **** 
  35:Toeplitz_FFT.c **** // Build two different executables from this one source file:
  36:Toeplitz_FFT.c **** //   KEY_FFT_ONLY=0 (default): the full Toeplitz hash (key FFT, seed FFT,
  37:Toeplitz_FFT.c **** //     pointwise multiply, IFFT, mod2) -- what's needed for a real,
  38:Toeplitz_FFT.c **** //     correct privacy-amplification key.
  39:Toeplitz_FFT.c **** //   KEY_FFT_ONLY=1: only reads a key, echoes it, and runs the triggered
  40:Toeplitz_FFT.c **** //     key FFT -- nothing else. For SCA trace gathering, the triggered key
  41:Toeplitz_FFT.c **** //     FFT is the only part that's ever actually captured (see the
  42:Toeplitz_FFT.c **** //     `trigger` comment on DIT_FFT); the seed FFT/IFFT/mod2 stages just
  43:Toeplitz_FFT.c **** //     burn UART and compute time between traces without ever appearing in
  44:Toeplitz_FFT.c **** //     a trace. Dropping them (and the seed's RAM entirely -- no seed_fft,
  45:Toeplitz_FFT.c **** //     no seed/output byte or bit arrays) shortens the per-trace round
  46:Toeplitz_FFT.c **** //     trip, so more traces can be collected per unit wall-clock time.
  47:Toeplitz_FFT.c **** #ifndef KEY_FFT_ONLY
  48:Toeplitz_FFT.c **** #define KEY_FFT_ONLY 0
  49:Toeplitz_FFT.c **** #endif
  50:Toeplitz_FFT.c **** 
  51:Toeplitz_FFT.c **** uint8_t memory[BUFLEN];
  52:Toeplitz_FFT.c **** uint8_t tmp[BUFLEN];
  53:Toeplitz_FFT.c **** char asciibuf[BUFLEN];
  54:Toeplitz_FFT.c **** uint8_t pt[16];
  55:Toeplitz_FFT.c **** 
  56:Toeplitz_FFT.c **** static void delay_2_ms(void);
  57:Toeplitz_FFT.c **** 
  58:Toeplitz_FFT.c **** 
  59:Toeplitz_FFT.c **** static void delay_2_ms()
  60:Toeplitz_FFT.c **** {
  61:Toeplitz_FFT.c ****   for (volatile unsigned int i=0; i < 0xfff; i++ ){
  62:Toeplitz_FFT.c ****     ;
  63:Toeplitz_FFT.c ****   }
  64:Toeplitz_FFT.c **** }
  65:Toeplitz_FFT.c **** 
  66:Toeplitz_FFT.c **** // Raw binary byte I/O for the key/seed/result protocol -- no framing, no
  67:Toeplitz_FFT.c **** // text. getch() blocks until a real byte is received (confirmed from the
  68:Toeplitz_FFT.c **** // SAM4S HAL: uart_read() itself spins until data is available, so unlike
  69:Toeplitz_FFT.c **** // the old line-based my_read() there's no "0 means not ready yet" sentinel
  70:Toeplitz_FFT.c **** // to guard against; every byte returned is genuine received data,
  71:Toeplitz_FFT.c **** // including a legitimate 0x00).
  72:Toeplitz_FFT.c **** void read_bytes(uint8_t *buf, int len){
  28              	 .loc 1 72 39 view-0
  29              	 .cfi_startproc
  30              	 
  31              	 
  73:Toeplitz_FFT.c ****   for(int i = 0; i < len; i++){
  32              	 .loc 1 73 3 view .LVU1
  33              	.LBB2:
  34              	 .loc 1 73 7 view .LVU2
  35              	 .loc 1 73 7 is_stmt 0 view .LVU3
  36              	.LBE2:
  72:Toeplitz_FFT.c ****   for(int i = 0; i < len; i++){
  37              	 .loc 1 72 39 view .LVU4
  38 0000 F8B5     	 push {r3,r4,r5,r6,r7,lr}
  39              	.LCFI0:
  40              	 .cfi_def_cfa_offset 24
  41              	 .cfi_offset 3,-24
  42              	 .cfi_offset 4,-20
  43              	 .cfi_offset 5,-16
  44              	 .cfi_offset 6,-12
  45              	 .cfi_offset 7,-8
  46              	 .cfi_offset 14,-4
  47              	.LBB3:
  74:Toeplitz_FFT.c ****     buf[i] = getch();
  48              	 .loc 1 74 14 view .LVU5
  49 0002 054F     	 ldr r7,.L4
  50              	.LBE3:
  72:Toeplitz_FFT.c ****   for(int i = 0; i < len; i++){
  51              	 .loc 1 72 39 view .LVU6
  52 0004 0646     	 mov r6,r0
  53 0006 0D46     	 mov r5,r1
  54              	.LBB4:
  73:Toeplitz_FFT.c ****   for(int i = 0; i < len; i++){
  55              	 .loc 1 73 11 view .LVU7
  56 0008 0024     	 movs r4,#0
  57              	.LVL1:
  58              	.L2:
  73:Toeplitz_FFT.c ****   for(int i = 0; i < len; i++){
  59              	 .loc 1 73 18 is_stmt 1 discriminator 1 view .LVU8
  73:Toeplitz_FFT.c ****   for(int i = 0; i < len; i++){
  60              	 .loc 1 73 3 is_stmt 0 discriminator 1 view .LVU9
  61 000a AC42     	 cmp r4,r5
  62 000c 00DB     	 blt .L3
  63              	.LBE4:
  75:Toeplitz_FFT.c ****   }
  76:Toeplitz_FFT.c **** }
  64              	 .loc 1 76 1 view .LVU10
  65 000e F8BD     	 pop {r3,r4,r5,r6,r7,pc}
  66              	.LVL2:
  67              	.L3:
  68              	.LBB5:
  74:Toeplitz_FFT.c ****     buf[i] = getch();
  69              	 .loc 1 74 5 is_stmt 1 discriminator 3 view .LVU11
  74:Toeplitz_FFT.c ****     buf[i] = getch();
  70              	 .loc 1 74 14 is_stmt 0 discriminator 3 view .LVU12
  71 0010 B847     	 blx r7
  72              	.LVL3:
  74:Toeplitz_FFT.c ****     buf[i] = getch();
  73              	 .loc 1 74 12 discriminator 3 view .LVU13
  74 0012 3055     	 strb r0,[r6,r4]
  73:Toeplitz_FFT.c ****     buf[i] = getch();
  75              	 .loc 1 73 27 is_stmt 1 discriminator 3 view .LVU14
  73:Toeplitz_FFT.c ****     buf[i] = getch();
  76              	 .loc 1 73 28 is_stmt 0 discriminator 3 view .LVU15
  77 0014 0134     	 adds r4,r4,#1
  78              	.LVL4:
  73:Toeplitz_FFT.c ****     buf[i] = getch();
  79              	 .loc 1 73 28 discriminator 3 view .LVU16
  80 0016 F8E7     	 b .L2
  81              	.L5:
  82              	 .align 2
  83              	.L4:
  84 0018 00000000 	 .word getch
  85              	.LBE5:
  86              	 .cfi_endproc
  87              	.LFE4:
  89              	 .section .text.write_bytes,"ax",%progbits
  90              	 .align 1
  91              	 .global write_bytes
  92              	 .syntax unified
  93              	 .thumb
  94              	 .thumb_func
  95              	 .fpu softvfp
  97              	write_bytes:
  98              	.LVL5:
  99              	.LFB5:
  77:Toeplitz_FFT.c **** 
  78:Toeplitz_FFT.c **** void write_bytes(const uint8_t *buf, int len){
 100              	 .loc 1 78 46 is_stmt 1 view-0
 101              	 .cfi_startproc
 102              	 
 103              	 
  79:Toeplitz_FFT.c ****   for(int i = 0; i < len; i++){
 104              	 .loc 1 79 3 view .LVU18
 105              	.LBB6:
 106              	 .loc 1 79 7 view .LVU19
 107              	 .loc 1 79 7 is_stmt 0 view .LVU20
 108              	.LBE6:
  78:Toeplitz_FFT.c ****   for(int i = 0; i < len; i++){
 109              	 .loc 1 78 46 view .LVU21
 110 0000 F8B5     	 push {r3,r4,r5,r6,r7,lr}
 111              	.LCFI1:
 112              	 .cfi_def_cfa_offset 24
 113              	 .cfi_offset 3,-24
 114              	 .cfi_offset 4,-20
 115              	 .cfi_offset 5,-16
 116              	 .cfi_offset 6,-12
 117              	 .cfi_offset 7,-8
 118              	 .cfi_offset 14,-4
 119              	.LBB7:
  80:Toeplitz_FFT.c ****     putch(buf[i]);
 120              	 .loc 1 80 5 view .LVU22
 121 0002 054F     	 ldr r7,.L9
 122              	.LBE7:
  78:Toeplitz_FFT.c ****   for(int i = 0; i < len; i++){
 123              	 .loc 1 78 46 view .LVU23
 124 0004 0646     	 mov r6,r0
 125 0006 0D46     	 mov r5,r1
 126              	.LBB8:
  79:Toeplitz_FFT.c ****   for(int i = 0; i < len; i++){
 127              	 .loc 1 79 11 view .LVU24
 128 0008 0024     	 movs r4,#0
 129              	.LVL6:
 130              	.L7:
  79:Toeplitz_FFT.c ****   for(int i = 0; i < len; i++){
 131              	 .loc 1 79 18 is_stmt 1 discriminator 1 view .LVU25
  79:Toeplitz_FFT.c ****   for(int i = 0; i < len; i++){
 132              	 .loc 1 79 3 is_stmt 0 discriminator 1 view .LVU26
 133 000a AC42     	 cmp r4,r5
 134 000c 00DB     	 blt .L8
 135              	.LBE8:
  81:Toeplitz_FFT.c ****   }
  82:Toeplitz_FFT.c **** }
 136              	 .loc 1 82 1 view .LVU27
 137 000e F8BD     	 pop {r3,r4,r5,r6,r7,pc}
 138              	.LVL7:
 139              	.L8:
 140              	.LBB9:
  80:Toeplitz_FFT.c ****     putch(buf[i]);
 141              	 .loc 1 80 5 is_stmt 1 discriminator 3 view .LVU28
 142 0010 305D     	 ldrb r0,[r6,r4]
 143 0012 B847     	 blx r7
 144              	.LVL8:
  79:Toeplitz_FFT.c ****     putch(buf[i]);
 145              	 .loc 1 79 27 discriminator 3 view .LVU29
  79:Toeplitz_FFT.c ****     putch(buf[i]);
 146              	 .loc 1 79 28 is_stmt 0 discriminator 3 view .LVU30
 147 0014 0134     	 adds r4,r4,#1
 148              	.LVL9:
  79:Toeplitz_FFT.c ****     putch(buf[i]);
 149              	 .loc 1 79 28 discriminator 3 view .LVU31
 150 0016 F8E7     	 b .L7
 151              	.L10:
 152              	 .align 2
 153              	.L9:
 154 0018 00000000 	 .word putch
 155              	.LBE9:
 156              	 .cfi_endproc
 157              	.LFE5:
 159              	 .section .text.bytes_to_bits,"ax",%progbits
 160              	 .align 1
 161              	 .global bytes_to_bits
 162              	 .syntax unified
 163              	 .thumb
 164              	 .thumb_func
 165              	 .fpu softvfp
 167              	bytes_to_bits:
 168              	.LVL10:
 169              	.LFB6:
  83:Toeplitz_FFT.c **** 
  84:Toeplitz_FFT.c **** // MSB-first: bit 7 of bytes_in[i] becomes bits_out[i*8], bit 0 becomes
  85:Toeplitz_FFT.c **** // bits_out[i*8+7]. Must match bits_to_bytes()'s packing order exactly, and
  86:Toeplitz_FFT.c **** // the Python controller's unpacking convention.
  87:Toeplitz_FFT.c **** void bytes_to_bits(const uint8_t *bytes_in, int *bits_out, int nbytes){
 170              	 .loc 1 87 71 is_stmt 1 view-0
 171              	 .cfi_startproc
 172              	 
 173              	 
  88:Toeplitz_FFT.c ****   for(int i = 0; i < nbytes; i++){
 174              	 .loc 1 88 3 view .LVU33
 175              	.LBB10:
 176              	 .loc 1 88 7 view .LVU34
 177              	 .loc 1 88 7 is_stmt 0 view .LVU35
 178              	.LBE10:
  87:Toeplitz_FFT.c ****   for(int i = 0; i < nbytes; i++){
 179              	 .loc 1 87 71 view .LVU36
 180 0000 70B5     	 push {r4,r5,r6,lr}
 181              	.LCFI2:
 182              	 .cfi_def_cfa_offset 16
 183              	 .cfi_offset 4,-16
 184              	 .cfi_offset 5,-12
 185              	 .cfi_offset 6,-8
 186              	 .cfi_offset 14,-4
 187              	.LBB12:
 188              	 .loc 1 88 11 view .LVU37
 189 0002 0023     	 movs r3,#0
 190              	.LVL11:
 191              	.L12:
 192              	 .loc 1 88 18 is_stmt 1 discriminator 1 view .LVU38
 193              	 .loc 1 88 3 is_stmt 0 discriminator 1 view .LVU39
 194 0004 9342     	 cmp r3,r2
 195 0006 00DB     	 blt .L14
 196              	.LBE12:
  89:Toeplitz_FFT.c ****     for(int b = 0; b < 8; b++){
  90:Toeplitz_FFT.c ****       bits_out[i*8 + b] = (bytes_in[i] >> (7 - b)) & 1;
  91:Toeplitz_FFT.c ****     }
  92:Toeplitz_FFT.c ****   }
  93:Toeplitz_FFT.c **** }
 197              	 .loc 1 93 1 view .LVU40
 198 0008 70BD     	 pop {r4,r5,r6,pc}
 199              	.L14:
 200 000a 01EB4316 	 add r6,r1,r3,lsl#5
 201              	.LBB13:
  88:Toeplitz_FFT.c ****     for(int b = 0; b < 8; b++){
 202              	 .loc 1 88 3 view .LVU41
 203 000e 0725     	 movs r5,#7
 204              	.L13:
 205              	.LVL12:
 206              	.LBB11:
  90:Toeplitz_FFT.c ****     }
 207              	 .loc 1 90 7 is_stmt 1 discriminator 3 view .LVU42
  90:Toeplitz_FFT.c ****     }
 208              	 .loc 1 90 36 is_stmt 0 discriminator 3 view .LVU43
 209 0010 C45C     	 ldrb r4,[r0,r3]
  90:Toeplitz_FFT.c ****     }
 210              	 .loc 1 90 40 discriminator 3 view .LVU44
 211 0012 2C41     	 asrs r4,r4,r5
  90:Toeplitz_FFT.c ****     }
 212              	 .loc 1 90 52 discriminator 3 view .LVU45
 213 0014 04F00104 	 and r4,r4,#1
  89:Toeplitz_FFT.c ****     for(int b = 0; b < 8; b++){
 214              	 .loc 1 89 5 discriminator 3 view .LVU46
 215 0018 013D     	 subs r5,r5,#1
 216              	.LVL13:
  90:Toeplitz_FFT.c ****     }
 217              	 .loc 1 90 25 discriminator 3 view .LVU47
 218 001a 46F8044B 	 str r4,[r6],#4
  89:Toeplitz_FFT.c ****     for(int b = 0; b < 8; b++){
 219              	 .loc 1 89 27 is_stmt 1 discriminator 3 view .LVU48
 220              	.LVL14:
  89:Toeplitz_FFT.c ****     for(int b = 0; b < 8; b++){
 221              	 .loc 1 89 20 discriminator 3 view .LVU49
  89:Toeplitz_FFT.c ****     for(int b = 0; b < 8; b++){
 222              	 .loc 1 89 5 is_stmt 0 discriminator 3 view .LVU50
 223 001e F7D2     	 bcs .L13
 224              	.LBE11:
  88:Toeplitz_FFT.c ****     for(int b = 0; b < 8; b++){
 225              	 .loc 1 88 30 is_stmt 1 discriminator 2 view .LVU51
  88:Toeplitz_FFT.c ****     for(int b = 0; b < 8; b++){
 226              	 .loc 1 88 31 is_stmt 0 discriminator 2 view .LVU52
 227 0020 0133     	 adds r3,r3,#1
 228              	.LVL15:
  88:Toeplitz_FFT.c ****     for(int b = 0; b < 8; b++){
 229              	 .loc 1 88 31 discriminator 2 view .LVU53
 230 0022 EFE7     	 b .L12
 231              	.LBE13:
 232              	 .cfi_endproc
 233              	.LFE6:
 235              	 .section .text.bits_to_bytes,"ax",%progbits
 236              	 .align 1
 237              	 .global bits_to_bytes
 238              	 .syntax unified
 239              	 .thumb
 240              	 .thumb_func
 241              	 .fpu softvfp
 243              	bits_to_bytes:
 244              	.LVL16:
 245              	.LFB7:
  94:Toeplitz_FFT.c **** 
  95:Toeplitz_FFT.c **** void bits_to_bytes(const int *bits_in, uint8_t *bytes_out, int nbytes){
 246              	 .loc 1 95 71 is_stmt 1 view-0
 247              	 .cfi_startproc
 248              	 
 249              	 
  96:Toeplitz_FFT.c ****   for(int i = 0; i < nbytes; i++){
 250              	 .loc 1 96 3 view .LVU55
 251              	.LBB14:
 252              	 .loc 1 96 7 view .LVU56
 253              	 .loc 1 96 7 is_stmt 0 view .LVU57
 254              	.LBE14:
  95:Toeplitz_FFT.c ****   for(int i = 0; i < nbytes; i++){
 255              	 .loc 1 95 71 view .LVU58
 256 0000 70B5     	 push {r4,r5,r6,lr}
 257              	.LCFI3:
 258              	 .cfi_def_cfa_offset 16
 259              	 .cfi_offset 4,-16
 260              	 .cfi_offset 5,-12
 261              	 .cfi_offset 6,-8
 262              	 .cfi_offset 14,-4
 263              	.LBB17:
 264              	 .loc 1 96 11 view .LVU59
 265 0002 0024     	 movs r4,#0
 266              	.LVL17:
 267              	.L17:
 268              	 .loc 1 96 18 is_stmt 1 discriminator 1 view .LVU60
 269              	 .loc 1 96 3 is_stmt 0 discriminator 1 view .LVU61
 270 0004 9442     	 cmp r4,r2
 271 0006 00DB     	 blt .L19
 272              	.LBE17:
  97:Toeplitz_FFT.c ****     uint8_t byte = 0;
  98:Toeplitz_FFT.c ****     for(int b = 0; b < 8; b++){
  99:Toeplitz_FFT.c ****       byte = (byte << 1) | (bits_in[i*8 + b] & 1);
 100:Toeplitz_FFT.c ****     }
 101:Toeplitz_FFT.c ****     bytes_out[i] = byte;
 102:Toeplitz_FFT.c ****   }
 103:Toeplitz_FFT.c **** }
 273              	 .loc 1 103 1 view .LVU62
 274 0008 70BD     	 pop {r4,r5,r6,pc}
 275              	.LVL18:
 276              	.L19:
 277              	.LBB18:
 278              	.LBB15:
  97:Toeplitz_FFT.c ****     uint8_t byte = 0;
 279              	 .loc 1 97 13 view .LVU63
 280 000a 0023     	 movs r3,#0
 281 000c 00F12006 	 add r6,r0,#32
 282              	.L18:
 283              	.LVL19:
 284              	.LBB16:
  99:Toeplitz_FFT.c ****     }
 285              	 .loc 1 99 7 is_stmt 1 discriminator 3 view .LVU64
  99:Toeplitz_FFT.c ****     }
 286              	 .loc 1 99 36 is_stmt 0 discriminator 3 view .LVU65
 287 0010 50F8045B 	 ldr r5,[r0],#4
  99:Toeplitz_FFT.c ****     }
 288              	 .loc 1 99 46 discriminator 3 view .LVU66
 289 0014 05F00105 	 and r5,r5,#1
  99:Toeplitz_FFT.c ****     }
 290              	 .loc 1 99 26 discriminator 3 view .LVU67
 291 0018 45EA4303 	 orr r3,r5,r3,lsl#1
 292              	.LVL20:
  98:Toeplitz_FFT.c ****       byte = (byte << 1) | (bits_in[i*8 + b] & 1);
 293              	 .loc 1 98 5 discriminator 3 view .LVU68
 294 001c B042     	 cmp r0,r6
  99:Toeplitz_FFT.c ****     }
 295              	 .loc 1 99 12 discriminator 3 view .LVU69
 296 001e DBB2     	 uxtb r3,r3
 297              	.LVL21:
  98:Toeplitz_FFT.c ****       byte = (byte << 1) | (bits_in[i*8 + b] & 1);
 298              	 .loc 1 98 27 is_stmt 1 discriminator 3 view .LVU70
  98:Toeplitz_FFT.c ****       byte = (byte << 1) | (bits_in[i*8 + b] & 1);
 299              	 .loc 1 98 20 discriminator 3 view .LVU71
  98:Toeplitz_FFT.c ****       byte = (byte << 1) | (bits_in[i*8 + b] & 1);
 300              	 .loc 1 98 5 is_stmt 0 discriminator 3 view .LVU72
 301 0020 F6D1     	 bne .L18
 302              	.LBE16:
 101:Toeplitz_FFT.c ****   }
 303              	 .loc 1 101 5 is_stmt 1 discriminator 2 view .LVU73
 101:Toeplitz_FFT.c ****   }
 304              	 .loc 1 101 18 is_stmt 0 discriminator 2 view .LVU74
 305 0022 0B55     	 strb r3,[r1,r4]
 306              	.LBE15:
  96:Toeplitz_FFT.c ****     uint8_t byte = 0;
 307              	 .loc 1 96 30 is_stmt 1 discriminator 2 view .LVU75
  96:Toeplitz_FFT.c ****     uint8_t byte = 0;
 308              	 .loc 1 96 31 is_stmt 0 discriminator 2 view .LVU76
 309 0024 0134     	 adds r4,r4,#1
 310              	.LVL22:
  96:Toeplitz_FFT.c ****     uint8_t byte = 0;
 311              	 .loc 1 96 31 discriminator 2 view .LVU77
 312 0026 EDE7     	 b .L17
 313              	.LBE18:
 314              	 .cfi_endproc
 315              	.LFE7:
 317              	 .section .text.long_delay,"ax",%progbits
 318              	 .align 1
 319              	 .global long_delay
 320              	 .syntax unified
 321              	 .thumb
 322              	 .thumb_func
 323              	 .fpu softvfp
 325              	long_delay:
 326              	.LFB8:
 104:Toeplitz_FFT.c **** 
 105:Toeplitz_FFT.c **** void long_delay(){
 327              	 .loc 1 105 18 is_stmt 1 view-0
 328              	 .cfi_startproc
 329              	 
 330              	 
 331              	 
 106:Toeplitz_FFT.c ****   for(int i = 0; i < 1000; i++){
 332              	 .loc 1 106 3 view .LVU79
 333              	.LBB19:
 334              	 .loc 1 106 7 view .LVU80
 335              	.LVL23:
 336              	 .loc 1 106 18 view .LVU81
 337              	.LBE19:
 105:Toeplitz_FFT.c ****   for(int i = 0; i < 1000; i++){
 338              	 .loc 1 105 18 is_stmt 0 view .LVU82
 339 0000 4FF47A73 	 mov r3,#1000
 340              	.LVL24:
 341              	.L22:
 342              	.LBB20:
 107:Toeplitz_FFT.c ****     asm volatile(
 343              	 .loc 1 107 5 is_stmt 1 discriminator 3 view .LVU83
 344              	 .syntax unified
 345              	
 346 0004 00BF     	 nop
 347 0006 00BF     	 nop
 348 0008 00BF     	 nop
 349 000a 00BF     	 nop
 350 000c 00BF     	 nop
 351 000e 00BF     	 nop
 352 0010 00BF     	 nop
 353 0012 00BF     	 nop
 354 0014 00BF     	 nop
 355 0016 00BF     	 nop
 356              	 
 357              	
 106:Toeplitz_FFT.c ****   for(int i = 0; i < 1000; i++){
 358              	 .loc 1 106 28 discriminator 3 view .LVU84
 359              	.LVL25:
 106:Toeplitz_FFT.c ****   for(int i = 0; i < 1000; i++){
 360              	 .loc 1 106 18 discriminator 3 view .LVU85
 106:Toeplitz_FFT.c ****   for(int i = 0; i < 1000; i++){
 361              	 .loc 1 106 3 is_stmt 0 discriminator 3 view .LVU86
 362              	 .thumb
 363              	 .syntax unified
 364 0018 013B     	 subs r3,r3,#1
 365              	.LVL26:
 106:Toeplitz_FFT.c ****   for(int i = 0; i < 1000; i++){
 366              	 .loc 1 106 3 discriminator 3 view .LVU87
 367 001a F3D1     	 bne .L22
 368              	.LBE20:
 108:Toeplitz_FFT.c ****     "nop"       "\n\t"
 109:Toeplitz_FFT.c ****     "nop"       "\n\t"
 110:Toeplitz_FFT.c ****     "nop"       "\n\t"
 111:Toeplitz_FFT.c ****     "nop"       "\n\t"
 112:Toeplitz_FFT.c ****     "nop"       "\n\t"
 113:Toeplitz_FFT.c ****     "nop"       "\n\t"
 114:Toeplitz_FFT.c ****     "nop"       "\n\t"
 115:Toeplitz_FFT.c ****     "nop"       "\n\t"
 116:Toeplitz_FFT.c ****     "nop"       "\n\t"
 117:Toeplitz_FFT.c ****     "nop"       "\n\t"
 118:Toeplitz_FFT.c ****     ::
 119:Toeplitz_FFT.c ****     );
 120:Toeplitz_FFT.c ****   }
 121:Toeplitz_FFT.c **** }
 369              	 .loc 1 121 1 view .LVU88
 370 001c 7047     	 bx lr
 371              	 .cfi_endproc
 372              	.LFE8:
 374              	 .global __aeabi_i2f
 375              	 .global __aeabi_fadd
 376              	 .section .text.pad_key,"ax",%progbits
 377              	 .align 1
 378              	 .global pad_key
 379              	 .syntax unified
 380              	 .thumb
 381              	 .thumb_func
 382              	 .fpu softvfp
 384              	pad_key:
 385              	.LVL27:
 386              	.LFB9:
 122:Toeplitz_FFT.c **** 
 123:Toeplitz_FFT.c **** 
 124:Toeplitz_FFT.c **** ////////////////////////
 125:Toeplitz_FFT.c **** /// FFT STUFF //////////
 126:Toeplitz_FFT.c **** 
 127:Toeplitz_FFT.c **** 
 128:Toeplitz_FFT.c **** void pad_key(complex float *padded_key, int *key, int padLen, int keyLen){
 387              	 .loc 1 128 74 is_stmt 1 view-0
 388              	 .cfi_startproc
 389              	 
 390              	 
 129:Toeplitz_FFT.c ****   for(int i = 0; i < keyLen; i++){
 391              	 .loc 1 129 3 view .LVU90
 392              	.LBB21:
 393              	 .loc 1 129 7 view .LVU91
 394              	 .loc 1 129 7 is_stmt 0 view .LVU92
 395              	.LBE21:
 128:Toeplitz_FFT.c ****   for(int i = 0; i < keyLen; i++){
 396              	 .loc 1 128 74 view .LVU93
 397 0000 2DE9F14F 	 push {r0,r4,r5,r6,r7,r8,r9,r10,fp,lr}
 398              	.LCFI4:
 399              	 .cfi_def_cfa_offset 40
 400              	 .cfi_offset 4,-36
 401              	 .cfi_offset 5,-32
 402              	 .cfi_offset 6,-28
 403              	 .cfi_offset 7,-24
 404              	 .cfi_offset 8,-20
 405              	 .cfi_offset 9,-16
 406              	 .cfi_offset 10,-12
 407              	 .cfi_offset 11,-8
 408              	 .cfi_offset 14,-4
 128:Toeplitz_FFT.c ****   for(int i = 0; i < keyLen; i++){
 409              	 .loc 1 128 74 view .LVU94
 410 0004 1C46     	 mov r4,r3
 411              	.LBB22:
 130:Toeplitz_FFT.c ****     padded_key[i] = key[i] + 0*I;
 412              	 .loc 1 130 28 view .LVU95
 413 0006 DFF84CB0 	 ldr fp,.L27
 414 000a 134B     	 ldr r3,.L27+4
 415              	.LVL28:
 416              	 .loc 1 130 28 view .LVU96
 417              	.LBE22:
 128:Toeplitz_FFT.c ****   for(int i = 0; i < keyLen; i++){
 418              	 .loc 1 128 74 view .LVU97
 419 000c 0646     	 mov r6,r0
 420 000e 8846     	 mov r8,r1
 421 0010 1746     	 mov r7,r2
 422              	.LBB23:
 129:Toeplitz_FFT.c ****   for(int i = 0; i < keyLen; i++){
 423              	 .loc 1 129 11 view .LVU98
 424 0012 0025     	 movs r5,#0
 425              	 .loc 1 130 28 view .LVU99
 426 0014 4FF00009 	 mov r9,#0
 427              	 .loc 1 130 19 view .LVU100
 428 0018 00F1040A 	 add r10,r0,#4
 429              	.LVL29:
 430              	.L25:
 129:Toeplitz_FFT.c ****   for(int i = 0; i < keyLen; i++){
 431              	 .loc 1 129 18 is_stmt 1 discriminator 1 view .LVU101
 129:Toeplitz_FFT.c ****   for(int i = 0; i < keyLen; i++){
 432              	 .loc 1 129 3 is_stmt 0 discriminator 1 view .LVU102
 433 001c A542     	 cmp r5,r4
 434 001e 0CDB     	 blt .L26
 435              	.LBE23:
 436              	.LBB24:
 131:Toeplitz_FFT.c ****   }
 132:Toeplitz_FFT.c ****   for(int i = keyLen; i < padLen; i++){
 133:Toeplitz_FFT.c ****     padded_key[i] = 0 + 0*I;
 437              	 .loc 1 133 19 view .LVU103
 438 0020 3A1B     	 subs r2,r7,r4
 439 0022 0E4B     	 ldr r3,.L27+8
 440 0024 D200     	 lsls r2,r2,#3
 441 0026 BC42     	 cmp r4,r7
 442 0028 C8BF     	 it gt
 443 002a 0022     	 movgt r2,#0
 444 002c 0021     	 movs r1,#0
 445 002e 06EBC400 	 add r0,r6,r4,lsl#3
 446              	.LBE24:
 134:Toeplitz_FFT.c ****   }
 135:Toeplitz_FFT.c **** }
 447              	 .loc 1 135 1 view .LVU104
 448 0032 01B0     	 add sp,sp,#4
 449              	.LCFI5:
 450              	 .cfi_remember_state
 451              	 .cfi_def_cfa_offset 36
 452              	 
 453 0034 BDE8F04F 	 pop {r4,r5,r6,r7,r8,r9,r10,fp,lr}
 454              	.LCFI6:
 455              	 .cfi_restore 14
 456              	 .cfi_restore 11
 457              	 .cfi_restore 10
 458              	 .cfi_restore 9
 459              	 .cfi_restore 8
 460              	 .cfi_restore 7
 461              	 .cfi_restore 6
 462              	 .cfi_restore 5
 463              	 .cfi_restore 4
 464              	 .cfi_def_cfa_offset 0
 465              	.LVL30:
 466              	.LBB25:
 133:Toeplitz_FFT.c ****   }
 467              	 .loc 1 133 19 view .LVU105
 468 0038 1847     	 bx r3
 469              	.LVL31:
 470              	.L26:
 471              	.LCFI7:
 472              	 .cfi_restore_state
 133:Toeplitz_FFT.c ****   }
 473              	 .loc 1 133 19 view .LVU106
 474              	.LBE25:
 475              	.LBB26:
 130:Toeplitz_FFT.c ****   }
 476              	 .loc 1 130 5 is_stmt 1 discriminator 3 view .LVU107
 130:Toeplitz_FFT.c ****   }
 477              	 .loc 1 130 28 is_stmt 0 discriminator 3 view .LVU108
 478 003a 58F82500 	 ldr r0,[r8,r5,lsl#2]
 479 003e 9847     	 blx r3
 480              	.LVL32:
 481 0040 4946     	 mov r1,r9
 482 0042 D847     	 blx fp
 483              	.LVL33:
 129:Toeplitz_FFT.c ****     padded_key[i] = key[i] + 0*I;
 484              	 .loc 1 129 31 discriminator 3 view .LVU109
 485 0044 044B     	 ldr r3,.L27+4
 130:Toeplitz_FFT.c ****   }
 486              	 .loc 1 130 19 discriminator 3 view .LVU110
 487 0046 46F83500 	 str r0,[r6,r5,lsl#3]
 488 004a 4AF83590 	 str r9,[r10,r5,lsl#3]
 129:Toeplitz_FFT.c ****     padded_key[i] = key[i] + 0*I;
 489              	 .loc 1 129 30 is_stmt 1 discriminator 3 view .LVU111
 129:Toeplitz_FFT.c ****     padded_key[i] = key[i] + 0*I;
 490              	 .loc 1 129 31 is_stmt 0 discriminator 3 view .LVU112
 491 004e 0135     	 adds r5,r5,#1
 492              	.LVL34:
 129:Toeplitz_FFT.c ****     padded_key[i] = key[i] + 0*I;
 493              	 .loc 1 129 31 discriminator 3 view .LVU113
 494 0050 E4E7     	 b .L25
 495              	.L28:
 496 0052 00BF     	 .align 2
 497              	.L27:
 498 0054 00000000 	 .word __aeabi_fadd
 499 0058 00000000 	 .word __aeabi_i2f
 500 005c 00000000 	 .word memset
 501              	.LBE26:
 502              	 .cfi_endproc
 503              	.LFE9:
 505              	 .section .text.conj_array,"ax",%progbits
 506              	 .align 1
 507              	 .global conj_array
 508              	 .syntax unified
 509              	 .thumb
 510              	 .thumb_func
 511              	 .fpu softvfp
 513              	conj_array:
 514              	.LVL35:
 515              	.LFB10:
 136:Toeplitz_FFT.c **** 
 137:Toeplitz_FFT.c **** 
 138:Toeplitz_FFT.c **** void conj_array(float complex *arr, int N){
 516              	 .loc 1 138 43 is_stmt 1 view-0
 517              	 .cfi_startproc
 518              	 
 519              	 
 520              	 
 139:Toeplitz_FFT.c ****   for(int i = 0; i < N; i++){
 521              	 .loc 1 139 3 view .LVU115
 522              	.LBB27:
 523              	 .loc 1 139 7 view .LVU116
 524              	 .loc 1 139 7 is_stmt 0 view .LVU117
 525 0000 0430     	 adds r0,r0,#4
 526              	.LVL36:
 527              	 .loc 1 139 11 view .LVU118
 528 0002 0023     	 movs r3,#0
 529              	.LVL37:
 530              	.L30:
 531              	 .loc 1 139 18 is_stmt 1 discriminator 1 view .LVU119
 532              	 .loc 1 139 3 is_stmt 0 discriminator 1 view .LVU120
 533 0004 8B42     	 cmp r3,r1
 534 0006 00F10800 	 add r0,r0,#8
 535 000a 00DB     	 blt .L31
 536              	.LBE27:
 140:Toeplitz_FFT.c ****     arr[i] = conj(arr[i]);
 141:Toeplitz_FFT.c ****   }
 142:Toeplitz_FFT.c **** }
 537              	 .loc 1 142 1 view .LVU121
 538 000c 7047     	 bx lr
 539              	.L31:
 540              	.LBB28:
 140:Toeplitz_FFT.c ****     arr[i] = conj(arr[i]);
 541              	 .loc 1 140 5 is_stmt 1 discriminator 3 view .LVU122
 140:Toeplitz_FFT.c ****     arr[i] = conj(arr[i]);
 542              	 .loc 1 140 14 is_stmt 0 discriminator 3 view .LVU123
 543 000e 50F8082C 	 ldr r2,[r0,#-8]
 544 0012 02F10042 	 add r2,r2,#-2147483648
 140:Toeplitz_FFT.c ****     arr[i] = conj(arr[i]);
 545              	 .loc 1 140 12 discriminator 3 view .LVU124
 546 0016 40F8082C 	 str r2,[r0,#-8]
 139:Toeplitz_FFT.c ****   for(int i = 0; i < N; i++){
 547              	 .loc 1 139 25 is_stmt 1 discriminator 3 view .LVU125
 139:Toeplitz_FFT.c ****   for(int i = 0; i < N; i++){
 548              	 .loc 1 139 26 is_stmt 0 discriminator 3 view .LVU126
 549 001a 0133     	 adds r3,r3,#1
 550              	.LVL38:
 139:Toeplitz_FFT.c ****   for(int i = 0; i < N; i++){
 551              	 .loc 1 139 26 discriminator 3 view .LVU127
 552 001c F2E7     	 b .L30
 553              	.LBE28:
 554              	 .cfi_endproc
 555              	.LFE10:
 557              	 .section .text.reverse_bit,"ax",%progbits
 558              	 .align 1
 559              	 .global reverse_bit
 560              	 .syntax unified
 561              	 .thumb
 562              	 .thumb_func
 563              	 .fpu softvfp
 565              	reverse_bit:
 566              	.LVL39:
 567              	.LFB11:
 143:Toeplitz_FFT.c **** 
 144:Toeplitz_FFT.c **** 
 145:Toeplitz_FFT.c **** int reverse_bit(int num, int s) {
 568              	 .loc 1 145 33 is_stmt 1 view-0
 569              	 .cfi_startproc
 570              	 
 571              	 
 146:Toeplitz_FFT.c ****     int res = 0;
 572              	 .loc 1 146 5 view .LVU129
 147:Toeplitz_FFT.c ****     for (int i = 0; i < s; i++) {
 573              	 .loc 1 147 5 view .LVU130
 574              	.LBB29:
 575              	 .loc 1 147 10 view .LVU131
 576              	 .loc 1 147 14 is_stmt 0 view .LVU132
 577 0000 0023     	 movs r3,#0
 578              	.LBE29:
 145:Toeplitz_FFT.c ****     int res = 0;
 579              	 .loc 1 145 33 view .LVU133
 580 0002 70B5     	 push {r4,r5,r6,lr}
 581              	.LCFI8:
 582              	 .cfi_def_cfa_offset 16
 583              	 .cfi_offset 4,-16
 584              	 .cfi_offset 5,-12
 585              	 .cfi_offset 6,-8
 586              	 .cfi_offset 14,-4
 145:Toeplitz_FFT.c ****     int res = 0;
 587              	 .loc 1 145 33 view .LVU134
 588 0004 0246     	 mov r2,r0
 589              	.LBB30:
 148:Toeplitz_FFT.c ****         if (num & (1 << i))
 149:Toeplitz_FFT.c ****             res |= 1 << (s - 1 - i);
 590              	 .loc 1 149 22 view .LVU135
 591 0006 4D1E     	 subs r5,r1,#1
 592              	.LBE30:
 146:Toeplitz_FFT.c ****     for (int i = 0; i < s; i++) {
 593              	 .loc 1 146 9 view .LVU136
 594 0008 1846     	 mov r0,r3
 595              	.LVL40:
 596              	.LBB31:
 597              	 .loc 1 149 22 view .LVU137
 598 000a 0126     	 movs r6,#1
 599              	.LVL41:
 600              	.L33:
 147:Toeplitz_FFT.c ****         if (num & (1 << i))
 601              	 .loc 1 147 21 is_stmt 1 discriminator 1 view .LVU138
 147:Toeplitz_FFT.c ****         if (num & (1 << i))
 602              	 .loc 1 147 5 is_stmt 0 discriminator 1 view .LVU139
 603 000c 8B42     	 cmp r3,r1
 604 000e 00DB     	 blt .L35
 605              	.LBE31:
 150:Toeplitz_FFT.c ****     }
 151:Toeplitz_FFT.c ****     return res;
 606              	 .loc 1 151 5 is_stmt 1 view .LVU140
 152:Toeplitz_FFT.c **** }
 607              	 .loc 1 152 1 is_stmt 0 view .LVU141
 608 0010 70BD     	 pop {r4,r5,r6,pc}
 609              	.L35:
 610              	.LBB32:
 148:Toeplitz_FFT.c ****             res |= 1 << (s - 1 - i);
 611              	 .loc 1 148 9 is_stmt 1 view .LVU142
 148:Toeplitz_FFT.c ****             res |= 1 << (s - 1 - i);
 612              	 .loc 1 148 13 is_stmt 0 view .LVU143
 613 0012 42FA03F4 	 asr r4,r2,r3
 148:Toeplitz_FFT.c ****             res |= 1 << (s - 1 - i);
 614              	 .loc 1 148 12 view .LVU144
 615 0016 E407     	 lsls r4,r4,#31
 149:Toeplitz_FFT.c ****     }
 616              	 .loc 1 149 13 is_stmt 1 view .LVU145
 149:Toeplitz_FFT.c ****     }
 617              	 .loc 1 149 22 is_stmt 0 view .LVU146
 618 0018 42BF     	 ittt mi
 619 001a EC1A     	 submi r4,r5,r3
 620 001c 06FA04F4 	 lslmi r4,r6,r4
 149:Toeplitz_FFT.c ****     }
 621              	 .loc 1 149 17 view .LVU147
 622 0020 2043     	 orrmi r0,r0,r4
 623              	.LVL42:
 147:Toeplitz_FFT.c ****         if (num & (1 << i))
 624              	 .loc 1 147 28 is_stmt 1 view .LVU148
 147:Toeplitz_FFT.c ****         if (num & (1 << i))
 625              	 .loc 1 147 29 is_stmt 0 view .LVU149
 626 0022 0133     	 adds r3,r3,#1
 627              	.LVL43:
 147:Toeplitz_FFT.c ****         if (num & (1 << i))
 628              	 .loc 1 147 29 view .LVU150
 629 0024 F2E7     	 b .L33
 630              	.LBE32:
 631              	 .cfi_endproc
 632              	.LFE11:
 634              	 .section .text.reverse_array,"ax",%progbits
 635              	 .align 1
 636              	 .global reverse_array
 637              	 .syntax unified
 638              	 .thumb
 639              	 .thumb_func
 640              	 .fpu softvfp
 642              	reverse_array:
 643              	.LVL44:
 644              	.LFB12:
 153:Toeplitz_FFT.c **** 
 154:Toeplitz_FFT.c **** void reverse_array(float complex *X, int N, int s){
 645              	 .loc 1 154 51 is_stmt 1 view-0
 646              	 .cfi_startproc
 647              	 
 648              	 
 155:Toeplitz_FFT.c ****     for(int i = 0; i < N; i ++){
 649              	 .loc 1 155 5 view .LVU152
 650              	.LBB33:
 651              	 .loc 1 155 9 view .LVU153
 652              	 .loc 1 155 9 is_stmt 0 view .LVU154
 653              	.LBE33:
 154:Toeplitz_FFT.c ****     for(int i = 0; i < N; i ++){
 654              	 .loc 1 154 51 view .LVU155
 655 0000 2DE9F843 	 push {r3,r4,r5,r6,r7,r8,r9,lr}
 656              	.LCFI9:
 657              	 .cfi_def_cfa_offset 32
 658              	 .cfi_offset 3,-32
 659              	 .cfi_offset 4,-28
 660              	 .cfi_offset 5,-24
 661              	 .cfi_offset 6,-20
 662              	 .cfi_offset 7,-16
 663              	 .cfi_offset 8,-12
 664              	 .cfi_offset 9,-8
 665              	 .cfi_offset 14,-4
 666              	.LBB37:
 667              	.LBB34:
 156:Toeplitz_FFT.c ****         int rb = reverse_bit(i,s);
 668              	 .loc 1 156 18 view .LVU156
 669 0004 114F     	 ldr r7,.L43
 670              	.LBE34:
 671              	.LBE37:
 154:Toeplitz_FFT.c ****     for(int i = 0; i < N; i ++){
 672              	 .loc 1 154 51 view .LVU157
 673 0006 0E46     	 mov r6,r1
 674 0008 0546     	 mov r5,r0
 675 000a 1146     	 mov r1,r2
 676              	.LVL45:
 677              	.LBB38:
 155:Toeplitz_FFT.c ****     for(int i = 0; i < N; i ++){
 678              	 .loc 1 155 13 view .LVU158
 679 000c 0024     	 movs r4,#0
 680              	.LVL46:
 681              	.L40:
 155:Toeplitz_FFT.c ****     for(int i = 0; i < N; i ++){
 682              	 .loc 1 155 20 is_stmt 1 discriminator 1 view .LVU159
 155:Toeplitz_FFT.c ****     for(int i = 0; i < N; i ++){
 683              	 .loc 1 155 5 is_stmt 0 discriminator 1 view .LVU160
 684 000e B442     	 cmp r4,r6
 685 0010 01DB     	 blt .L42
 686              	.LBE38:
 157:Toeplitz_FFT.c ****         if(i < rb){
 158:Toeplitz_FFT.c ****           float complex tmp = X[i];
 159:Toeplitz_FFT.c ****             X[i] = X[rb];
 160:Toeplitz_FFT.c ****             X[rb] = tmp;
 161:Toeplitz_FFT.c ****         }
 162:Toeplitz_FFT.c ****     }
 163:Toeplitz_FFT.c **** }
 687              	 .loc 1 163 1 view .LVU161
 688 0012 BDE8F883 	 pop {r3,r4,r5,r6,r7,r8,r9,pc}
 689              	.LVL47:
 690              	.L42:
 691              	.LBB39:
 692              	.LBB36:
 156:Toeplitz_FFT.c ****         int rb = reverse_bit(i,s);
 693              	 .loc 1 156 9 is_stmt 1 view .LVU162
 156:Toeplitz_FFT.c ****         int rb = reverse_bit(i,s);
 694              	 .loc 1 156 18 is_stmt 0 view .LVU163
 695 0016 2046     	 mov r0,r4
 696 0018 B847     	 blx r7
 697              	.LVL48:
 157:Toeplitz_FFT.c ****         if(i < rb){
 698              	 .loc 1 157 9 is_stmt 1 view .LVU164
 157:Toeplitz_FFT.c ****         if(i < rb){
 699              	 .loc 1 157 11 is_stmt 0 view .LVU165
 700 001a 8442     	 cmp r4,r0
 701 001c 13DA     	 bge .L41
 702              	.LBB35:
 158:Toeplitz_FFT.c ****             X[i] = X[rb];
 703              	 .loc 1 158 11 is_stmt 1 view .LVU166
 158:Toeplitz_FFT.c ****             X[i] = X[rb];
 704              	 .loc 1 158 25 is_stmt 0 view .LVU167
 705 001e 05EBC402 	 add r2,r5,r4,lsl#3
 159:Toeplitz_FFT.c ****             X[rb] = tmp;
 706              	 .loc 1 159 21 view .LVU168
 707 0022 05EBC003 	 add r3,r5,r0,lsl#3
 158:Toeplitz_FFT.c ****             X[i] = X[rb];
 708              	 .loc 1 158 25 view .LVU169
 709 0026 55F834E0 	 ldr lr,[r5,r4,lsl#3]
 710 002a D2F804C0 	 ldr ip,[r2,#4]
 711              	.LVL49:
 159:Toeplitz_FFT.c ****             X[rb] = tmp;
 712              	 .loc 1 159 13 is_stmt 1 view .LVU170
 159:Toeplitz_FFT.c ****             X[rb] = tmp;
 713              	 .loc 1 159 21 is_stmt 0 view .LVU171
 714 002e 55F83090 	 ldr r9,[r5,r0,lsl#3]
 715 0032 D3F80480 	 ldr r8,[r3,#4]
 159:Toeplitz_FFT.c ****             X[rb] = tmp;
 716              	 .loc 1 159 18 view .LVU172
 717 0036 45F83490 	 str r9,[r5,r4,lsl#3]
 718 003a C2F80480 	 str r8,[r2,#4]
 160:Toeplitz_FFT.c ****         }
 719              	 .loc 1 160 13 is_stmt 1 view .LVU173
 160:Toeplitz_FFT.c ****         }
 720              	 .loc 1 160 19 is_stmt 0 view .LVU174
 721 003e 45F830E0 	 str lr,[r5,r0,lsl#3]
 722 0042 C3F804C0 	 str ip,[r3,#4]
 723              	.LVL50:
 724              	.L41:
 160:Toeplitz_FFT.c ****         }
 725              	 .loc 1 160 19 view .LVU175
 726              	.LBE35:
 727              	.LBE36:
 155:Toeplitz_FFT.c ****         int rb = reverse_bit(i,s);
 728              	 .loc 1 155 27 is_stmt 1 discriminator 2 view .LVU176
 155:Toeplitz_FFT.c ****         int rb = reverse_bit(i,s);
 729              	 .loc 1 155 29 is_stmt 0 discriminator 2 view .LVU177
 730 0046 0134     	 adds r4,r4,#1
 731              	.LVL51:
 155:Toeplitz_FFT.c ****         int rb = reverse_bit(i,s);
 732              	 .loc 1 155 29 discriminator 2 view .LVU178
 733 0048 E1E7     	 b .L40
 734              	.L44:
 735 004a 00BF     	 .align 2
 736              	.L43:
 737 004c 00000000 	 .word reverse_bit
 738              	.LBE39:
 739              	 .cfi_endproc
 740              	.LFE12:
 742              	 .global __aeabi_i2d
 743              	 .global __aeabi_ddiv
 744              	 .global __aeabi_d2iz
 745              	 .global __aeabi_fsub
 746              	 .section .text.DIT_FFT,"ax",%progbits
 747              	 .align 1
 748              	 .global DIT_FFT
 749              	 .syntax unified
 750              	 .thumb
 751              	 .thumb_func
 752              	 .fpu softvfp
 754              	DIT_FFT:
 755              	.LVL52:
 756              	.LFB13:
 164:Toeplitz_FFT.c **** 
 165:Toeplitz_FFT.c **** 
 166:Toeplitz_FFT.c **** // Precomputed twiddle table, indexed as table[n * (N/span)] for a stage
 167:Toeplitz_FFT.c **** // with span = 2^stage: exp(-2*pi*i*n/span) == exp(-2*pi*i*(n*(N/span))/N),
 168:Toeplitz_FFT.c **** // so a single length-N/2 table (the N-point DFT's twiddle factors) covers
 169:Toeplitz_FFT.c **** // every stage via a stride lookup, rather than calling cexp() (needing
 170:Toeplitz_FFT.c **** // soft-emulated sin/cos on this FPU-less target) on every butterfly.
 171:Toeplitz_FFT.c **** // `static const` here means the values live in .rodata (flash), not
 172:Toeplitz_FFT.c **** // .bss/.data (RAM) -- verified against the actual toolchain. The table is
 173:Toeplitz_FFT.c **** // computed offline by gen_twiddle_table.py (C has no constexpr, so cexp()
 174:Toeplitz_FFT.c **** // can't run in a static initializer) and regenerated for the current
 175:Toeplitz_FFT.c **** // ROWLEN on every build; see twiddle_table.h.
 176:Toeplitz_FFT.c **** #include "twiddle_table.h"
 177:Toeplitz_FFT.c **** 
 178:Toeplitz_FFT.c **** //https://github.com/Swati-Verma671/Computation-of-DFT-using-Radix-2-DIT-FFT-algorithm/blob/main/co
 179:Toeplitz_FFT.c **** // `trigger`: when nonzero, raises the CW trigger for the duration of stage 1
 180:Toeplitz_FFT.c **** // of the butterfly (dropping it again once stage 2 begins). Callers pass 0
 181:Toeplitz_FFT.c **** // for every FFT call that should NOT be visible in a power trace (the seed's
 182:Toeplitz_FFT.c **** // FFT, and the FFT performed internally by DIT_IFFT).
 183:Toeplitz_FFT.c **** //
 184:Toeplitz_FFT.c **** // `stop_after_stage1`: when nonzero, returns as soon as stage 1 finishes
 185:Toeplitz_FFT.c **** // instead of computing the remaining log2(N)-1 stages. Only stage 1 is ever
 186:Toeplitz_FFT.c **** // triggered/captured, so for KEY_FFT_ONLY's trace-gathering build (see
 187:Toeplitz_FFT.c **** // Toeplitz_hash_fft_key_only) every later stage is pure wasted soft-float
 188:Toeplitz_FFT.c **** // compute time between traces -- worse, it delays the target getting back
 189:Toeplitz_FFT.c **** // to read_bytes() for the *next* key long enough that a host write can land
 190:Toeplitz_FFT.c **** // before the target is listening again, desyncing the UART (single holding
 191:Toeplitz_FFT.c **** // register, no FIFO). Callers that need a correct FFT result (the full
 192:Toeplitz_FFT.c **** // hash's key/seed FFTs, and DIT_IFFT) must pass 0 here.
 193:Toeplitz_FFT.c **** void DIT_FFT(float complex *X, int N, int trigger, int stop_after_stage1){
 757              	 .loc 1 193 74 is_stmt 1 view-0
 758              	 .cfi_startproc
 759              	 
 760              	 
 194:Toeplitz_FFT.c **** 
 195:Toeplitz_FFT.c ****     //int collected = 0;
 196:Toeplitz_FFT.c **** 
 197:Toeplitz_FFT.c ****     int s = round(log2(N));
 761              	 .loc 1 197 5 view .LVU180
 193:Toeplitz_FFT.c **** 
 762              	 .loc 1 193 74 is_stmt 0 view .LVU181
 763 0000 2DE9F04F 	 push {r4,r5,r6,r7,r8,r9,r10,fp,lr}
 764              	.LCFI10:
 765              	 .cfi_def_cfa_offset 36
 766              	 .cfi_offset 4,-36
 767              	 .cfi_offset 5,-32
 768              	 .cfi_offset 6,-28
 769              	 .cfi_offset 7,-24
 770              	 .cfi_offset 8,-20
 771              	 .cfi_offset 9,-16
 772              	 .cfi_offset 10,-12
 773              	 .cfi_offset 11,-8
 774              	 .cfi_offset 14,-4
 775 0004 8DB0     	 sub sp,sp,#52
 776              	.LCFI11:
 777              	 .cfi_def_cfa_offset 88
 193:Toeplitz_FFT.c **** 
 778              	 .loc 1 193 74 view .LVU182
 779 0006 0546     	 mov r5,r0
 780 0008 0292     	 str r2,[sp,#8]
 781 000a 0893     	 str r3,[sp,#32]
 782              	 .loc 1 197 19 view .LVU183
 783 000c 0846     	 mov r0,r1
 784              	.LVL53:
 785              	 .loc 1 197 19 view .LVU184
 786 000e 484B     	 ldr r3,.L68+8
 787              	.LVL54:
 788              	 .loc 1 197 13 view .LVU185
 789 0010 484C     	 ldr r4,.L68+12
 193:Toeplitz_FFT.c **** 
 790              	 .loc 1 193 74 view .LVU186
 791 0012 8846     	 mov r8,r1
 792              	 .loc 1 197 19 view .LVU187
 793 0014 9847     	 blx r3
 794              	.LVL55:
 795              	 .loc 1 197 19 view .LVU188
 796 0016 484B     	 ldr r3,.L68+16
 797 0018 9847     	 blx r3
 798              	.LVL56:
 799              	 .loc 1 197 13 view .LVU189
 800 001a 43A3     	 adr r3,.L68
 801 001c D3E90023 	 ldrd r2,[r3]
 802 0020 A047     	 blx r4
 803              	.LVL57:
 804 0022 464B     	 ldr r3,.L68+20
 805 0024 9847     	 blx r3
 806              	.LVL58:
 807              	 .loc 1 197 9 view .LVU190
 808 0026 464B     	 ldr r3,.L68+24
 809 0028 9847     	 blx r3
 810              	.LVL59:
 198:Toeplitz_FFT.c ****     reverse_array(X,N,s);
 811              	 .loc 1 198 5 view .LVU191
 812 002a 464B     	 ldr r3,.L68+28
 197:Toeplitz_FFT.c ****     reverse_array(X,N,s);
 813              	 .loc 1 197 9 view .LVU192
 814 002c 0390     	 str r0,[sp,#12]
 815              	.LVL60:
 816              	 .loc 1 198 5 is_stmt 1 view .LVU193
 817 002e 0246     	 mov r2,r0
 818 0030 4146     	 mov r1,r8
 819 0032 2846     	 mov r0,r5
 820              	.LVL61:
 821              	 .loc 1 198 5 is_stmt 0 view .LVU194
 822 0034 9847     	 blx r3
 823              	.LVL62:
 199:Toeplitz_FFT.c ****     if(trigger){
 824              	 .loc 1 199 5 is_stmt 1 view .LVU195
 825              	 .loc 1 199 7 is_stmt 0 view .LVU196
 826 0036 029B     	 ldr r3,[sp,#8]
 827 0038 0BB1     	 cbz r3,.L46
 200:Toeplitz_FFT.c ****       trigger_high();
 828              	 .loc 1 200 7 is_stmt 1 view .LVU197
 829 003a 434B     	 ldr r3,.L68+32
 830 003c 9847     	 blx r3
 831              	.LVL63:
 832              	.L46:
 833              	.LBB40:
 834              	.LBB41:
 201:Toeplitz_FFT.c ****     }
 202:Toeplitz_FFT.c ****     for(int stage=1; stage <= s; stage++){
 203:Toeplitz_FFT.c ****         // Powers of two, computed with bit-shifts rather than pow(2,...):
 204:Toeplitz_FFT.c ****         // this target has no hardware FPU (-mfloat-abi=soft), so pow() is
 205:Toeplitz_FFT.c ****         // a software-emulated transcendental call, and the old code was
 206:Toeplitz_FFT.c ****         // calling it (plus a redundant one inside the while-condition,
 207:Toeplitz_FFT.c ****         // evaluated on every iteration) tens of thousands of times per
 208:Toeplitz_FFT.c ****         // hash at larger N -- easily seconds of wasted time for what's
 209:Toeplitz_FFT.c ****         // always just an integer power of two.
 210:Toeplitz_FFT.c ****         int half_span = 1 << (stage - 1);
 211:Toeplitz_FFT.c ****         int span = 1 << stage;
 212:Toeplitz_FFT.c ****         int table_stride = N >> stage;  // N/span
 213:Toeplitz_FFT.c ****         int p = 0;
 835              	 .loc 1 213 13 is_stmt 0 discriminator 1 view .LVU198
 836 003e 0126     	 movs r6,#1
 837              	.L47:
 838              	.LVL64:
 839              	 .loc 1 213 13 discriminator 1 view .LVU199
 840              	.LBE41:
 202:Toeplitz_FFT.c ****         // Powers of two, computed with bit-shifts rather than pow(2,...):
 841              	 .loc 1 202 22 is_stmt 1 discriminator 1 view .LVU200
 202:Toeplitz_FFT.c ****         // Powers of two, computed with bit-shifts rather than pow(2,...):
 842              	 .loc 1 202 5 is_stmt 0 discriminator 1 view .LVU201
 843 0040 039B     	 ldr r3,[sp,#12]
 844 0042 9E42     	 cmp r6,r3
 845 0044 02DD     	 ble .L57
 846              	.L45:
 847              	.LBE40:
 214:Toeplitz_FFT.c ****         int q = 0 + half_span;
 215:Toeplitz_FFT.c ****         int n = 0;
 216:Toeplitz_FFT.c ****         while (n <= half_span - 1 && q <= N)
 217:Toeplitz_FFT.c ****         {
 218:Toeplitz_FFT.c **** 
 219:Toeplitz_FFT.c ****             if (stage == 2 && trigger){
 220:Toeplitz_FFT.c ****               trigger_low();
 221:Toeplitz_FFT.c ****             }
 222:Toeplitz_FFT.c **** 
 223:Toeplitz_FFT.c ****             float complex w = twiddle_table[n * table_stride];
 224:Toeplitz_FFT.c **** 
 225:Toeplitz_FFT.c ****             float complex y = X[p];
 226:Toeplitz_FFT.c ****             float complex z = X[q];
 227:Toeplitz_FFT.c **** 
 228:Toeplitz_FFT.c **** 
 229:Toeplitz_FFT.c ****             // for(int i = 0; i < 20; i++){
 230:Toeplitz_FFT.c ****             //     __asm__ volatile ("nop");
 231:Toeplitz_FFT.c ****             // }
 232:Toeplitz_FFT.c **** 
 233:Toeplitz_FFT.c ****             z *= w;
 234:Toeplitz_FFT.c ****             X[p] = y+z;
 235:Toeplitz_FFT.c ****             X[q] = y-z;
 236:Toeplitz_FFT.c **** 
 237:Toeplitz_FFT.c ****             p++;
 238:Toeplitz_FFT.c ****             q++;
 239:Toeplitz_FFT.c ****             n++;
 240:Toeplitz_FFT.c ****             if(q % span == 0){
 241:Toeplitz_FFT.c ****                 p = p + half_span;
 242:Toeplitz_FFT.c ****                 q = q + half_span;
 243:Toeplitz_FFT.c ****                 n=0;
 244:Toeplitz_FFT.c ****             }
 245:Toeplitz_FFT.c ****         }
 246:Toeplitz_FFT.c ****         if (stage == 1 && stop_after_stage1){
 247:Toeplitz_FFT.c ****             // trigger_low() above only fires on stage 2's first iteration,
 248:Toeplitz_FFT.c ****             // which we're about to skip -- drop the trigger explicitly so
 249:Toeplitz_FFT.c ****             // it doesn't stay high indefinitely.
 250:Toeplitz_FFT.c ****             if (trigger){
 251:Toeplitz_FFT.c ****               trigger_low();
 252:Toeplitz_FFT.c ****             }
 253:Toeplitz_FFT.c ****             break;
 254:Toeplitz_FFT.c ****         }
 255:Toeplitz_FFT.c ****     }
 256:Toeplitz_FFT.c **** }
 848              	 .loc 1 256 1 view .LVU202
 849 0046 0DB0     	 add sp,sp,#52
 850              	.LCFI12:
 851              	 .cfi_remember_state
 852              	 .cfi_def_cfa_offset 36
 853              	 
 854 0048 BDE8F08F 	 pop {r4,r5,r6,r7,r8,r9,r10,fp,pc}
 855              	.LVL65:
 856              	.L57:
 857              	.LCFI13:
 858              	 .cfi_restore_state
 859              	.LBB47:
 860              	.LBB44:
 210:Toeplitz_FFT.c ****         int span = 1 << stage;
 861              	 .loc 1 210 9 is_stmt 1 view .LVU203
 210:Toeplitz_FFT.c ****         int span = 1 << stage;
 862              	 .loc 1 210 13 is_stmt 0 view .LVU204
 863 004c 0123     	 movs r3,#1
 864 004e 721E     	 subs r2,r6,#1
 865 0050 03FA02FA 	 lsl r10,r3,r2
 866              	.LVL66:
 211:Toeplitz_FFT.c ****         int table_stride = N >> stage;  // N/span
 867              	 .loc 1 211 9 is_stmt 1 view .LVU205
 211:Toeplitz_FFT.c ****         int table_stride = N >> stage;  // N/span
 868              	 .loc 1 211 13 is_stmt 0 view .LVU206
 869 0054 B340     	 lsls r3,r3,r6
 870 0056 0493     	 str r3,[sp,#16]
 871              	.LVL67:
 212:Toeplitz_FFT.c ****         int p = 0;
 872              	 .loc 1 212 9 is_stmt 1 view .LVU207
 215:Toeplitz_FFT.c ****         while (n <= half_span - 1 && q <= N)
 873              	 .loc 1 215 13 is_stmt 0 view .LVU208
 874 0058 4FF00009 	 mov r9,#0
 212:Toeplitz_FFT.c ****         int p = 0;
 875              	 .loc 1 212 13 view .LVU209
 876 005c 48FA06F3 	 asr r3,r8,r6
 877              	.LVL68:
 212:Toeplitz_FFT.c ****         int p = 0;
 878              	 .loc 1 212 13 view .LVU210
 879 0060 0793     	 str r3,[sp,#28]
 880              	.LVL69:
 213:Toeplitz_FFT.c ****         int q = 0 + half_span;
 881              	 .loc 1 213 9 is_stmt 1 view .LVU211
 214:Toeplitz_FFT.c ****         int n = 0;
 882              	 .loc 1 214 9 view .LVU212
 215:Toeplitz_FFT.c ****         while (n <= half_span - 1 && q <= N)
 883              	 .loc 1 215 9 view .LVU213
 216:Toeplitz_FFT.c ****         {
 884              	 .loc 1 216 9 view .LVU214
 210:Toeplitz_FFT.c ****         int span = 1 << stage;
 885              	 .loc 1 210 13 is_stmt 0 view .LVU215
 886 0062 5446     	 mov r4,r10
 213:Toeplitz_FFT.c ****         int q = 0 + half_span;
 887              	 .loc 1 213 13 view .LVU216
 888 0064 4F46     	 mov r7,r9
 889              	.LVL70:
 890              	.L48:
 216:Toeplitz_FFT.c ****         {
 891              	 .loc 1 216 15 is_stmt 1 view .LVU217
 892 0066 D145     	 cmp r9,r10
 893 0068 01DA     	 bge .L52
 216:Toeplitz_FFT.c ****         {
 894              	 .loc 1 216 35 is_stmt 0 discriminator 1 view .LVU218
 895 006a 4445     	 cmp r4,r8
 896 006c 0CDD     	 ble .L53
 897              	.L52:
 246:Toeplitz_FFT.c ****             // trigger_low() above only fires on stage 2's first iteration,
 898              	 .loc 1 246 9 is_stmt 1 view .LVU219
 246:Toeplitz_FFT.c ****             // trigger_low() above only fires on stage 2's first iteration,
 899              	 .loc 1 246 12 is_stmt 0 view .LVU220
 900 006e 012E     	 cmp r6,#1
 901 0070 58D1     	 bne .L54
 246:Toeplitz_FFT.c ****             // trigger_low() above only fires on stage 2's first iteration,
 902              	 .loc 1 246 24 discriminator 1 view .LVU221
 903 0072 089B     	 ldr r3,[sp,#32]
 904 0074 002B     	 cmp r3,#0
 905 0076 55D0     	 beq .L54
 250:Toeplitz_FFT.c ****               trigger_low();
 906              	 .loc 1 250 13 is_stmt 1 view .LVU222
 250:Toeplitz_FFT.c ****               trigger_low();
 907              	 .loc 1 250 16 is_stmt 0 view .LVU223
 908 0078 029B     	 ldr r3,[sp,#8]
 909 007a 002B     	 cmp r3,#0
 910 007c E3D0     	 beq .L45
 251:Toeplitz_FFT.c ****             }
 911              	 .loc 1 251 15 is_stmt 1 view .LVU224
 912 007e 334B     	 ldr r3,.L68+36
 913              	.LBE44:
 914              	.LBE47:
 915              	 .loc 1 256 1 is_stmt 0 view .LVU225
 916 0080 0DB0     	 add sp,sp,#52
 917              	.LCFI14:
 918              	 .cfi_remember_state
 919              	 .cfi_def_cfa_offset 36
 920              	 
 921 0082 BDE8F04F 	 pop {r4,r5,r6,r7,r8,r9,r10,fp,lr}
 922              	.LCFI15:
 923              	 .cfi_restore 14
 924              	 .cfi_restore 11
 925              	 .cfi_restore 10
 926              	 .cfi_restore 9
 927              	 .cfi_restore 8
 928              	 .cfi_restore 7
 929              	 .cfi_restore 6
 930              	 .cfi_restore 5
 931              	 .cfi_restore 4
 932              	 .cfi_def_cfa_offset 0
 933              	.LVL71:
 934              	.LBB48:
 935              	.LBB45:
 251:Toeplitz_FFT.c ****             }
 936              	 .loc 1 251 15 view .LVU226
 937 0086 1847     	 bx r3
 938              	.LVL72:
 939              	.L53:
 940              	.LCFI16:
 941              	 .cfi_restore_state
 942              	.LBB42:
 219:Toeplitz_FFT.c ****               trigger_low();
 943              	 .loc 1 219 13 is_stmt 1 view .LVU227
 219:Toeplitz_FFT.c ****               trigger_low();
 944              	 .loc 1 219 16 is_stmt 0 view .LVU228
 945 0088 022E     	 cmp r6,#2
 946 008a 03D1     	 bne .L49
 219:Toeplitz_FFT.c ****               trigger_low();
 947              	 .loc 1 219 28 discriminator 1 view .LVU229
 948 008c 029B     	 ldr r3,[sp,#8]
 949 008e 0BB1     	 cbz r3,.L49
 220:Toeplitz_FFT.c ****             }
 950              	 .loc 1 220 15 is_stmt 1 view .LVU230
 951 0090 2E4B     	 ldr r3,.L68+36
 952 0092 9847     	 blx r3
 953              	.LVL73:
 954              	.L49:
 223:Toeplitz_FFT.c **** 
 955              	 .loc 1 223 13 view .LVU231
 223:Toeplitz_FFT.c **** 
 956              	 .loc 1 223 47 is_stmt 0 view .LVU232
 957 0094 079B     	 ldr r3,[sp,#28]
 233:Toeplitz_FFT.c ****             X[p] = y+z;
 958              	 .loc 1 233 15 view .LVU233
 959 0096 2E48     	 ldr r0,.L68+40
 960 0098 DFF8B8C0 	 ldr ip,.L68+44
 961 009c 55F837B0 	 ldr fp,[r5,r7,lsl#3]
 223:Toeplitz_FFT.c **** 
 962              	 .loc 1 223 47 view .LVU234
 963 00a0 03FB09F1 	 mul r1,r3,r9
 964              	.LVL74:
 225:Toeplitz_FFT.c ****             float complex z = X[q];
 965              	 .loc 1 225 13 is_stmt 1 view .LVU235
 966 00a4 05EBC703 	 add r3,r5,r7,lsl#3
 233:Toeplitz_FFT.c ****             X[p] = y+z;
 967              	 .loc 1 233 15 is_stmt 0 view .LVU236
 968 00a8 00EBC102 	 add r2,r0,r1,lsl#3
 969 00ac 5B68     	 ldr r3,[r3,#4]
 970 00ae 0693     	 str r3,[sp,#24]
 971              	.LVL75:
 226:Toeplitz_FFT.c **** 
 972              	 .loc 1 226 13 is_stmt 1 view .LVU237
 233:Toeplitz_FFT.c ****             X[p] = y+z;
 973              	 .loc 1 233 13 view .LVU238
 233:Toeplitz_FFT.c ****             X[p] = y+z;
 974              	 .loc 1 233 15 is_stmt 0 view .LVU239
 975 00b0 05EBC403 	 add r3,r5,r4,lsl#3
 976              	.LVL76:
 233:Toeplitz_FFT.c ****             X[p] = y+z;
 977              	 .loc 1 233 15 view .LVU240
 978 00b4 50F83110 	 ldr r1,[r0,r1,lsl#3]
 979              	.LVL77:
 233:Toeplitz_FFT.c ****             X[p] = y+z;
 980              	 .loc 1 233 15 view .LVU241
 981 00b8 5B68     	 ldr r3,[r3,#4]
 982              	.LVL78:
 233:Toeplitz_FFT.c ****             X[p] = y+z;
 983              	 .loc 1 233 15 view .LVU242
 984 00ba 5268     	 ldr r2,[r2,#4]
 985 00bc 0093     	 str r3,[sp]
 986              	.LVL79:
 233:Toeplitz_FFT.c ****             X[p] = y+z;
 987              	 .loc 1 233 15 view .LVU243
 988 00be 0AA8     	 add r0,sp,#40
 989 00c0 55F83430 	 ldr r3,[r5,r4,lsl#3]
 990 00c4 E047     	 blx ip
 991              	.LVL80:
 992 00c6 0A9B     	 ldr r3,[sp,#40]
 993 00c8 0B9A     	 ldr r2,[sp,#44]
 234:Toeplitz_FFT.c ****             X[q] = y-z;
 994              	 .loc 1 234 21 view .LVU244
 995 00ca 0993     	 str r3,[sp,#36]
 996 00cc 1846     	 mov r0,r3
 233:Toeplitz_FFT.c ****             X[p] = y+z;
 997              	 .loc 1 233 15 view .LVU245
 998 00ce 0592     	 str r2,[sp,#20]
 999              	.LVL81:
 234:Toeplitz_FFT.c ****             X[q] = y-z;
 1000              	 .loc 1 234 13 is_stmt 1 view .LVU246
 234:Toeplitz_FFT.c ****             X[q] = y-z;
 1001              	 .loc 1 234 21 is_stmt 0 view .LVU247
 1002 00d0 5946     	 mov r1,fp
 1003 00d2 214A     	 ldr r2,.L68+48
 1004              	.LVL82:
 234:Toeplitz_FFT.c ****             X[q] = y-z;
 1005              	 .loc 1 234 21 view .LVU248
 1006 00d4 9047     	 blx r2
 1007              	.LVL83:
 234:Toeplitz_FFT.c ****             X[q] = y-z;
 1008              	 .loc 1 234 21 view .LVU249
 1009 00d6 0599     	 ldr r1,[sp,#20]
 234:Toeplitz_FFT.c ****             X[q] = y-z;
 1010              	 .loc 1 234 18 view .LVU250
 1011 00d8 45F83700 	 str r0,[r5,r7,lsl#3]
 234:Toeplitz_FFT.c ****             X[q] = y-z;
 1012              	 .loc 1 234 21 view .LVU251
 1013 00dc 1E4A     	 ldr r2,.L68+48
 1014 00de 0698     	 ldr r0,[sp,#24]
 1015 00e0 9047     	 blx r2
 1016              	.LVL84:
 234:Toeplitz_FFT.c ****             X[q] = y-z;
 1017              	 .loc 1 234 18 view .LVU252
 1018 00e2 05EBC703 	 add r3,r5,r7,lsl#3
 235:Toeplitz_FFT.c **** 
 1019              	 .loc 1 235 21 view .LVU253
 1020 00e6 1D4A     	 ldr r2,.L68+52
 234:Toeplitz_FFT.c ****             X[q] = y-z;
 1021              	 .loc 1 234 18 view .LVU254
 1022 00e8 5860     	 str r0,[r3,#4]
 235:Toeplitz_FFT.c **** 
 1023              	 .loc 1 235 13 is_stmt 1 view .LVU255
 235:Toeplitz_FFT.c **** 
 1024              	 .loc 1 235 21 is_stmt 0 view .LVU256
 1025 00ea 099B     	 ldr r3,[sp,#36]
 1026 00ec 5846     	 mov r0,fp
 1027 00ee 1946     	 mov r1,r3
 1028 00f0 9047     	 blx r2
 1029              	.LVL85:
 1030 00f2 1A4A     	 ldr r2,.L68+52
 235:Toeplitz_FFT.c **** 
 1031              	 .loc 1 235 18 view .LVU257
 1032 00f4 45F83400 	 str r0,[r5,r4,lsl#3]
 235:Toeplitz_FFT.c **** 
 1033              	 .loc 1 235 21 view .LVU258
 1034 00f8 0599     	 ldr r1,[sp,#20]
 1035 00fa 0698     	 ldr r0,[sp,#24]
 1036 00fc 9047     	 blx r2
 1037              	.LVL86:
 235:Toeplitz_FFT.c **** 
 1038              	 .loc 1 235 18 view .LVU259
 1039 00fe 05EBC403 	 add r3,r5,r4,lsl#3
 240:Toeplitz_FFT.c ****                 p = p + half_span;
 1040              	 .loc 1 240 18 view .LVU260
 1041 0102 049A     	 ldr r2,[sp,#16]
 235:Toeplitz_FFT.c **** 
 1042              	 .loc 1 235 18 view .LVU261
 1043 0104 5860     	 str r0,[r3,#4]
 237:Toeplitz_FFT.c ****             q++;
 1044              	 .loc 1 237 13 is_stmt 1 view .LVU262
 238:Toeplitz_FFT.c ****             n++;
 1045              	 .loc 1 238 14 is_stmt 0 view .LVU263
 1046 0106 0134     	 adds r4,r4,#1
 1047              	.LVL87:
 240:Toeplitz_FFT.c ****                 p = p + half_span;
 1048              	 .loc 1 240 18 view .LVU264
 1049 0108 049B     	 ldr r3,[sp,#16]
 1050 010a 94FBF3F3 	 sdiv r3,r4,r3
 1051 010e 02FB1343 	 mls r3,r2,r3,r4
 237:Toeplitz_FFT.c ****             q++;
 1052              	 .loc 1 237 14 view .LVU265
 1053 0112 0137     	 adds r7,r7,#1
 1054              	.LVL88:
 238:Toeplitz_FFT.c ****             n++;
 1055              	 .loc 1 238 13 is_stmt 1 view .LVU266
 239:Toeplitz_FFT.c ****             if(q % span == 0){
 1056              	 .loc 1 239 13 view .LVU267
 240:Toeplitz_FFT.c ****                 p = p + half_span;
 1057              	 .loc 1 240 13 view .LVU268
 240:Toeplitz_FFT.c ****                 p = p + half_span;
 1058              	 .loc 1 240 15 is_stmt 0 view .LVU269
 1059 0114 1BB1     	 cbz r3,.L50
 239:Toeplitz_FFT.c ****             if(q % span == 0){
 1060              	 .loc 1 239 14 view .LVU270
 1061 0116 09F10103 	 add r3,r9,#1
 1062              	.LVL89:
 1063              	.L51:
 239:Toeplitz_FFT.c ****             if(q % span == 0){
 1064              	 .loc 1 239 14 view .LVU271
 1065              	.LBE42:
 1066              	.LBE45:
 1067              	.LBE48:
 193:Toeplitz_FFT.c **** 
 1068              	 .loc 1 193 74 view .LVU272
 1069 011a 9946     	 mov r9,r3
 1070              	.LVL90:
 193:Toeplitz_FFT.c **** 
 1071              	 .loc 1 193 74 view .LVU273
 1072 011c A3E7     	 b .L48
 1073              	.LVL91:
 1074              	.L50:
 1075              	.LBB49:
 1076              	.LBB46:
 1077              	.LBB43:
 241:Toeplitz_FFT.c ****                 q = q + half_span;
 1078              	 .loc 1 241 17 is_stmt 1 view .LVU274
 241:Toeplitz_FFT.c ****                 q = q + half_span;
 1079              	 .loc 1 241 19 is_stmt 0 view .LVU275
 1080 011e 5744     	 add r7,r7,r10
 1081              	.LVL92:
 242:Toeplitz_FFT.c ****                 n=0;
 1082              	 .loc 1 242 17 is_stmt 1 view .LVU276
 242:Toeplitz_FFT.c ****                 n=0;
 1083              	 .loc 1 242 19 is_stmt 0 view .LVU277
 1084 0120 5444     	 add r4,r4,r10
 1085              	.LVL93:
 243:Toeplitz_FFT.c ****             }
 1086              	 .loc 1 243 17 is_stmt 1 view .LVU278
 243:Toeplitz_FFT.c ****             }
 1087              	 .loc 1 243 17 is_stmt 0 view .LVU279
 1088 0122 FAE7     	 b .L51
 1089              	.LVL94:
 1090              	.L54:
 243:Toeplitz_FFT.c ****             }
 1091              	 .loc 1 243 17 view .LVU280
 1092              	.LBE43:
 1093              	.LBE46:
 202:Toeplitz_FFT.c ****         // Powers of two, computed with bit-shifts rather than pow(2,...):
 1094              	 .loc 1 202 34 is_stmt 1 discriminator 2 view .LVU281
 202:Toeplitz_FFT.c ****         // Powers of two, computed with bit-shifts rather than pow(2,...):
 1095              	 .loc 1 202 39 is_stmt 0 discriminator 2 view .LVU282
 1096 0124 0136     	 adds r6,r6,#1
 1097              	.LVL95:
 202:Toeplitz_FFT.c ****         // Powers of two, computed with bit-shifts rather than pow(2,...):
 1098              	 .loc 1 202 39 discriminator 2 view .LVU283
 1099 0126 8BE7     	 b .L47
 1100              	.L69:
 1101              	 .align 3
 1102              	.L68:
 1103 0128 EF39FAFE 	 .word -17155601
 1104 012c 422EE63F 	 .word 1072049730
 1105 0130 00000000 	 .word __aeabi_i2d
 1106 0134 00000000 	 .word __aeabi_ddiv
 1107 0138 00000000 	 .word log
 1108 013c 00000000 	 .word round
 1109 0140 00000000 	 .word __aeabi_d2iz
 1110 0144 00000000 	 .word reverse_array
 1111 0148 00000000 	 .word trigger_high
 1112 014c 00000000 	 .word trigger_low
 1113 0150 00000000 	 .word .LANCHOR0
 1114 0154 00000000 	 .word __mulsc3
 1115 0158 00000000 	 .word __aeabi_fadd
 1116 015c 00000000 	 .word __aeabi_fsub
 1117              	.LBE49:
 1118              	 .cfi_endproc
 1119              	.LFE13:
 1121              	 .global __aeabi_fdiv
 1122              	 .section .text.DIT_IFFT,"ax",%progbits
 1123              	 .align 1
 1124              	 .global DIT_IFFT
 1125              	 .syntax unified
 1126              	 .thumb
 1127              	 .thumb_func
 1128              	 .fpu softvfp
 1130              	DIT_IFFT:
 1131              	.LVL96:
 1132              	.LFB14:
 257:Toeplitz_FFT.c **** 
 258:Toeplitz_FFT.c **** void DIT_IFFT(float complex *X, int N){
 1133              	 .loc 1 258 39 is_stmt 1 view-0
 1134              	 .cfi_startproc
 1135              	 
 1136              	 
 259:Toeplitz_FFT.c ****     conj_array(X, N);
 1137              	 .loc 1 259 5 view .LVU285
 258:Toeplitz_FFT.c ****     conj_array(X, N);
 1138              	 .loc 1 258 39 is_stmt 0 view .LVU286
 1139 0000 2DE9F047 	 push {r4,r5,r6,r7,r8,r9,r10,lr}
 1140              	.LCFI17:
 1141              	 .cfi_def_cfa_offset 32
 1142              	 .cfi_offset 4,-32
 1143              	 .cfi_offset 5,-28
 1144              	 .cfi_offset 6,-24
 1145              	 .cfi_offset 7,-20
 1146              	 .cfi_offset 8,-16
 1147              	 .cfi_offset 9,-12
 1148              	 .cfi_offset 10,-8
 1149              	 .cfi_offset 14,-4
 1150              	 .loc 1 259 5 view .LVU287
 1151 0004 144E     	 ldr r6,.L73
 260:Toeplitz_FFT.c ****     DIT_FFT(X,N,0,0);
 1152              	 .loc 1 260 5 view .LVU288
 1153 0006 154F     	 ldr r7,.L73+4
 1154              	.LBB50:
 261:Toeplitz_FFT.c ****     conj_array(X,N);
 262:Toeplitz_FFT.c **** 
 263:Toeplitz_FFT.c ****     for(int i = 0; i < N; i++){
 264:Toeplitz_FFT.c ****       X[i] = X[i]/N;
 1155              	 .loc 1 264 18 view .LVU289
 1156 0008 DFF854A0 	 ldr r10,.L73+8
 1157 000c DFF85490 	 ldr r9,.L73+12
 1158              	.LBE50:
 258:Toeplitz_FFT.c ****     conj_array(X, N);
 1159              	 .loc 1 258 39 view .LVU290
 1160 0010 0446     	 mov r4,r0
 259:Toeplitz_FFT.c ****     DIT_FFT(X,N,0,0);
 1161              	 .loc 1 259 5 view .LVU291
 1162 0012 B047     	 blx r6
 1163              	.LVL97:
 260:Toeplitz_FFT.c ****     conj_array(X,N);
 1164              	 .loc 1 260 5 is_stmt 1 view .LVU292
 1165 0014 0023     	 movs r3,#0
 258:Toeplitz_FFT.c ****     conj_array(X, N);
 1166              	 .loc 1 258 39 is_stmt 0 view .LVU293
 1167 0016 0D46     	 mov r5,r1
 260:Toeplitz_FFT.c ****     conj_array(X,N);
 1168              	 .loc 1 260 5 view .LVU294
 1169 0018 1A46     	 mov r2,r3
 1170 001a 2046     	 mov r0,r4
 1171 001c B847     	 blx r7
 1172              	.LVL98:
 261:Toeplitz_FFT.c **** 
 1173              	 .loc 1 261 5 is_stmt 1 view .LVU295
 1174 001e 2946     	 mov r1,r5
 1175 0020 2046     	 mov r0,r4
 1176 0022 B047     	 blx r6
 1177              	.LVL99:
 263:Toeplitz_FFT.c ****       X[i] = X[i]/N;
 1178              	 .loc 1 263 5 view .LVU296
 1179              	.LBB51:
 263:Toeplitz_FFT.c ****       X[i] = X[i]/N;
 1180              	 .loc 1 263 9 view .LVU297
 263:Toeplitz_FFT.c ****       X[i] = X[i]/N;
 1181              	 .loc 1 263 13 is_stmt 0 view .LVU298
 1182 0024 0027     	 movs r7,#0
 1183              	.LVL100:
 1184              	.L71:
 263:Toeplitz_FFT.c ****       X[i] = X[i]/N;
 1185              	 .loc 1 263 20 is_stmt 1 discriminator 1 view .LVU299
 263:Toeplitz_FFT.c ****       X[i] = X[i]/N;
 1186              	 .loc 1 263 5 is_stmt 0 discriminator 1 view .LVU300
 1187 0026 AF42     	 cmp r7,r5
 1188 0028 04F10804 	 add r4,r4,#8
 1189 002c 01DB     	 blt .L72
 1190              	.LBE51:
 265:Toeplitz_FFT.c ****     }
 266:Toeplitz_FFT.c **** }
 1191              	 .loc 1 266 1 view .LVU301
 1192 002e BDE8F087 	 pop {r4,r5,r6,r7,r8,r9,r10,pc}
 1193              	.LVL101:
 1194              	.L72:
 1195              	.LBB52:
 264:Toeplitz_FFT.c ****     }
 1196              	 .loc 1 264 7 is_stmt 1 discriminator 3 view .LVU302
 264:Toeplitz_FFT.c ****     }
 1197              	 .loc 1 264 18 is_stmt 0 discriminator 3 view .LVU303
 1198 0032 2846     	 mov r0,r5
 1199 0034 D047     	 blx r10
 1200              	.LVL102:
 1201 0036 0146     	 mov r1,r0
 1202 0038 0646     	 mov r6,r0
 1203 003a 54F8040C 	 ldr r0,[r4,#-4]
 1204 003e C847     	 blx r9
 1205              	.LVL103:
 1206 0040 3146     	 mov r1,r6
 1207 0042 8046     	 mov r8,r0
 1208 0044 54F8080C 	 ldr r0,[r4,#-8]
 1209 0048 C847     	 blx r9
 1210              	.LVL104:
 263:Toeplitz_FFT.c ****       X[i] = X[i]/N;
 1211              	 .loc 1 263 28 discriminator 3 view .LVU304
 1212 004a 0137     	 adds r7,r7,#1
 1213              	.LVL105:
 264:Toeplitz_FFT.c ****     }
 1214              	 .loc 1 264 12 discriminator 3 view .LVU305
 1215 004c 44F8080C 	 str r0,[r4,#-8]
 1216 0050 44F8048C 	 str r8,[r4,#-4]
 263:Toeplitz_FFT.c ****       X[i] = X[i]/N;
 1217              	 .loc 1 263 27 is_stmt 1 discriminator 3 view .LVU306
 1218              	.LVL106:
 263:Toeplitz_FFT.c ****       X[i] = X[i]/N;
 1219              	 .loc 1 263 27 is_stmt 0 discriminator 3 view .LVU307
 1220 0054 E7E7     	 b .L71
 1221              	.L74:
 1222 0056 00BF     	 .align 2
 1223              	.L73:
 1224 0058 00000000 	 .word conj_array
 1225 005c 00000000 	 .word DIT_FFT
 1226 0060 00000000 	 .word __aeabi_i2f
 1227 0064 00000000 	 .word __aeabi_fdiv
 1228              	.LBE52:
 1229              	 .cfi_endproc
 1230              	.LFE14:
 1232              	 .global __aeabi_f2d
 1233              	 .section .text.Toeplitz_hash_fft_seeded,"ax",%progbits
 1234              	 .align 1
 1235              	 .global Toeplitz_hash_fft_seeded
 1236              	 .syntax unified
 1237              	 .thumb
 1238              	 .thumb_func
 1239              	 .fpu softvfp
 1241              	Toeplitz_hash_fft_seeded:
 1242              	.LVL107:
 1243              	.LFB15:
 267:Toeplitz_FFT.c **** 
 268:Toeplitz_FFT.c **** 
 269:Toeplitz_FFT.c **** 
 270:Toeplitz_FFT.c **** #if KEY_FFT_ONLY
 271:Toeplitz_FFT.c **** 
 272:Toeplitz_FFT.c **** // Trace-gathering build: only the triggered key FFT, nothing else -- see
 273:Toeplitz_FFT.c **** // the KEY_FFT_ONLY comment above.
 274:Toeplitz_FFT.c **** void Toeplitz_hash_fft_key_only(int *input_key, int N){
 275:Toeplitz_FFT.c ****     // static: see the RAM comment on Toeplitz_hash_fft_seeded (the full
 276:Toeplitz_FFT.c ****     // build's equivalent). Only one ROWBITS-sized complex array here,
 277:Toeplitz_FFT.c ****     // since there's no seed to hold.
 278:Toeplitz_FFT.c ****     static float complex key_fft[ROWBITS];
 279:Toeplitz_FFT.c **** 
 280:Toeplitz_FFT.c ****     for(int i = 0; i < N; i++){
 281:Toeplitz_FFT.c ****       key_fft[i] = input_key[i] + 0*I;
 282:Toeplitz_FFT.c ****     }
 283:Toeplitz_FFT.c **** 
 284:Toeplitz_FFT.c ****     DIT_FFT(key_fft, N, 1, 1);   // triggered: key NTT, stop right after stage 1 -- the
 285:Toeplitz_FFT.c ****                                   // rest is never captured and nothing reads key_fft
 286:Toeplitz_FFT.c ****                                   // again in this build, so computing it would be pure
 287:Toeplitz_FFT.c ****                                   // wasted time before the target's back in read_bytes().
 288:Toeplitz_FFT.c **** }
 289:Toeplitz_FFT.c **** 
 290:Toeplitz_FFT.c **** #else
 291:Toeplitz_FFT.c **** 
 292:Toeplitz_FFT.c **** // Seeded variant: instead of deriving the circulant from a Toeplitz row/col
 293:Toeplitz_FFT.c **** // spec, a random seed of the same length as the key is FFT'd and pointwise
 294:Toeplitz_FFT.c **** // multiplied with the key's FFT (circular convolution of key and seed),
 295:Toeplitz_FFT.c **** // then IFFT'd and reduced mod 2. Only the key's FFT is triggered so power
 296:Toeplitz_FFT.c **** // traces capture leakage from the key-dependent NTT butterfly and nothing
 297:Toeplitz_FFT.c **** // else.
 298:Toeplitz_FFT.c **** void Toeplitz_hash_fft_seeded(int *input_key, int *seed, int *output_key, int N){
 1244              	 .loc 1 298 81 is_stmt 1 view-0
 1245              	 .cfi_startproc
 1246              	 
 1247              	 
 299:Toeplitz_FFT.c ****     // Fixed-size, not malloc'd: ROWBITS is a compile-time constant and N is
 300:Toeplitz_FFT.c ****     // always ROWBITS in this firmware, so there's no need for heap
 301:Toeplitz_FFT.c ****     // allocation here. static so these live in .bss, not on the stack --
 302:Toeplitz_FFT.c ****     // at large ROWLEN (e.g. 1024 bytes = 8192 bits) two ROWBITS-sized
 303:Toeplitz_FFT.c ****     // float complex arrays (8 bytes each) don't come close to fitting in
 304:Toeplitz_FFT.c ****     // this target's 4KB stack, but comfortably fit in its 64KB of RAM.
 305:Toeplitz_FFT.c ****     // Both are fully overwritten before being read on every call, so not
 306:Toeplitz_FFT.c ****     // re-zeroing between calls is harmless.
 307:Toeplitz_FFT.c ****     static float complex key_fft[ROWBITS];
 1248              	 .loc 1 307 5 view .LVU309
 308:Toeplitz_FFT.c ****     static float complex seed_fft[ROWBITS];
 1249              	 .loc 1 308 5 view .LVU310
 309:Toeplitz_FFT.c **** 
 310:Toeplitz_FFT.c ****     for(int i = 0; i < N; i++){
 1250              	 .loc 1 310 5 view .LVU311
 1251              	.LBB53:
 1252              	 .loc 1 310 9 view .LVU312
 1253              	 .loc 1 310 9 is_stmt 0 view .LVU313
 1254              	.LBE53:
 298:Toeplitz_FFT.c ****     // Fixed-size, not malloc'd: ROWBITS is a compile-time constant and N is
 1255              	 .loc 1 298 81 view .LVU314
 1256 0000 2DE9F04F 	 push {r4,r5,r6,r7,r8,r9,r10,fp,lr}
 1257              	.LCFI18:
 1258              	 .cfi_def_cfa_offset 36
 1259              	 .cfi_offset 4,-36
 1260              	 .cfi_offset 5,-32
 1261              	 .cfi_offset 6,-28
 1262              	 .cfi_offset 7,-24
 1263              	 .cfi_offset 8,-20
 1264              	 .cfi_offset 9,-16
 1265              	 .cfi_offset 10,-12
 1266              	 .cfi_offset 11,-8
 1267              	 .cfi_offset 14,-4
 1268 0004 89B0     	 sub sp,sp,#36
 1269              	.LCFI19:
 1270              	 .cfi_def_cfa_offset 72
 1271 0006 374D     	 ldr r5,.L82
 1272 0008 374E     	 ldr r6,.L82+4
 1273              	.LBB54:
 311:Toeplitz_FFT.c ****       key_fft[i]  = input_key[i] + 0*I;
 1274              	 .loc 1 311 34 view .LVU315
 1275 000a DFF8E0A0 	 ldr r10,.L82+8
 1276 000e DFF8E0B0 	 ldr fp,.L82+12
 1277              	.LBE54:
 298:Toeplitz_FFT.c ****     // Fixed-size, not malloc'd: ROWBITS is a compile-time constant and N is
 1278              	 .loc 1 298 81 view .LVU316
 1279 0012 0492     	 str r2,[sp,#16]
 1280 0014 CDE90201 	 strd r0,r1,[sp,#8]
 1281 0018 1C46     	 mov r4,r3
 1282              	.LBB55:
 310:Toeplitz_FFT.c ****       key_fft[i]  = input_key[i] + 0*I;
 1283              	 .loc 1 310 5 view .LVU317
 1284 001a A846     	 mov r8,r5
 1285 001c 3346     	 mov r3,r6
 1286              	.LVL108:
 310:Toeplitz_FFT.c ****       key_fft[i]  = input_key[i] + 0*I;
 1287              	 .loc 1 310 13 view .LVU318
 1288 001e 0027     	 movs r7,#0
 1289              	 .loc 1 311 34 view .LVU319
 1290 0020 4FF00009 	 mov r9,#0
 1291              	.LVL109:
 1292              	.L76:
 310:Toeplitz_FFT.c ****       key_fft[i]  = input_key[i] + 0*I;
 1293              	 .loc 1 310 20 is_stmt 1 discriminator 1 view .LVU320
 310:Toeplitz_FFT.c ****       key_fft[i]  = input_key[i] + 0*I;
 1294              	 .loc 1 310 5 is_stmt 0 discriminator 1 view .LVU321
 1295 0024 A742     	 cmp r7,r4
 1296 0026 08F10808 	 add r8,r8,#8
 1297 002a 03F10803 	 add r3,r3,#8
 1298 002e 21DB     	 blt .L77
 1299              	.LBE55:
 312:Toeplitz_FFT.c ****       seed_fft[i] = seed[i] + 0*I;
 313:Toeplitz_FFT.c ****     }
 314:Toeplitz_FFT.c **** 
 315:Toeplitz_FFT.c ****     DIT_FFT(key_fft, N, 1, 0);   // triggered: key NTT
 1300              	 .loc 1 315 5 is_stmt 1 view .LVU322
 1301 0030 304F     	 ldr r7,.L82+16
 1302              	.LVL110:
 1303              	 .loc 1 315 5 is_stmt 0 view .LVU323
 1304 0032 2C48     	 ldr r0,.L82
 1305              	.LBB56:
 316:Toeplitz_FFT.c ****     DIT_FFT(seed_fft, N, 0, 0);  // untriggered: seed NTT
 317:Toeplitz_FFT.c **** 
 318:Toeplitz_FFT.c ****     for(int i = 0; i < N; i++){
 319:Toeplitz_FFT.c ****       key_fft[i] = key_fft[i] * seed_fft[i];
 1306              	 .loc 1 319 31 view .LVU324
 1307 0034 DFF8C080 	 ldr r8,.L82+20
 1308              	.LBE56:
 315:Toeplitz_FFT.c ****     DIT_FFT(seed_fft, N, 0, 0);  // untriggered: seed NTT
 1309              	 .loc 1 315 5 view .LVU325
 1310 0038 0023     	 movs r3,#0
 1311 003a 0122     	 movs r2,#1
 1312 003c 2146     	 mov r1,r4
 1313 003e B847     	 blx r7
 1314              	.LVL111:
 316:Toeplitz_FFT.c ****     DIT_FFT(seed_fft, N, 0, 0);  // untriggered: seed NTT
 1315              	 .loc 1 316 5 is_stmt 1 view .LVU326
 1316 0040 0023     	 movs r3,#0
 1317 0042 2948     	 ldr r0,.L82+4
 1318 0044 1A46     	 mov r2,r3
 1319 0046 2146     	 mov r1,r4
 1320 0048 B847     	 blx r7
 1321              	.LVL112:
 318:Toeplitz_FFT.c ****       key_fft[i] = key_fft[i] * seed_fft[i];
 1322              	 .loc 1 318 5 view .LVU327
 1323              	.LBB57:
 318:Toeplitz_FFT.c ****       key_fft[i] = key_fft[i] * seed_fft[i];
 1324              	 .loc 1 318 9 view .LVU328
 318:Toeplitz_FFT.c ****       key_fft[i] = key_fft[i] * seed_fft[i];
 1325              	 .loc 1 318 13 is_stmt 0 view .LVU329
 1326 004a 0027     	 movs r7,#0
 1327              	.LVL113:
 1328              	.L78:
 318:Toeplitz_FFT.c ****       key_fft[i] = key_fft[i] * seed_fft[i];
 1329              	 .loc 1 318 20 is_stmt 1 discriminator 1 view .LVU330
 318:Toeplitz_FFT.c ****       key_fft[i] = key_fft[i] * seed_fft[i];
 1330              	 .loc 1 318 5 is_stmt 0 discriminator 1 view .LVU331
 1331 004c A742     	 cmp r7,r4
 1332 004e 05F10805 	 add r5,r5,#8
 1333 0052 06F10806 	 add r6,r6,#8
 1334 0056 25DB     	 blt .L79
 1335              	.LBE57:
 320:Toeplitz_FFT.c ****     }
 321:Toeplitz_FFT.c **** 
 322:Toeplitz_FFT.c ****     DIT_IFFT(key_fft, N);     // untriggered
 1336              	 .loc 1 322 5 is_stmt 1 view .LVU332
 1337 0058 2248     	 ldr r0,.L82
 1338 005a 284B     	 ldr r3,.L82+24
 1339              	.LBB58:
 1340              	.LBB59:
 323:Toeplitz_FFT.c **** 
 324:Toeplitz_FFT.c ****     for(int i = 0; i < N; i++){
 325:Toeplitz_FFT.c ****       int bit_rounded = round(creal(key_fft[i]));
 1341              	 .loc 1 325 44 is_stmt 0 view .LVU333
 1342 005c DFF8A080 	 ldr r8,.L82+28
 1343              	 .loc 1 325 25 view .LVU334
 1344 0060 284D     	 ldr r5,.L82+32
 1345              	 .loc 1 325 11 view .LVU335
 1346 0062 294E     	 ldr r6,.L82+36
 1347              	.LBE59:
 1348              	.LBE58:
 322:Toeplitz_FFT.c **** 
 1349              	 .loc 1 322 5 view .LVU336
 1350 0064 2146     	 mov r1,r4
 1351 0066 9847     	 blx r3
 1352              	.LVL114:
 324:Toeplitz_FFT.c ****       int bit_rounded = round(creal(key_fft[i]));
 1353              	 .loc 1 324 5 is_stmt 1 view .LVU337
 1354              	.LBB61:
 324:Toeplitz_FFT.c ****       int bit_rounded = round(creal(key_fft[i]));
 1355              	 .loc 1 324 9 view .LVU338
 324:Toeplitz_FFT.c ****       int bit_rounded = round(creal(key_fft[i]));
 1356              	 .loc 1 324 13 is_stmt 0 view .LVU339
 1357 0068 0027     	 movs r7,#0
 1358              	.LVL115:
 1359              	.L80:
 324:Toeplitz_FFT.c ****       int bit_rounded = round(creal(key_fft[i]));
 1360              	 .loc 1 324 20 is_stmt 1 discriminator 1 view .LVU340
 324:Toeplitz_FFT.c ****       int bit_rounded = round(creal(key_fft[i]));
 1361              	 .loc 1 324 5 is_stmt 0 discriminator 1 view .LVU341
 1362 006a A742     	 cmp r7,r4
 1363 006c 2DDB     	 blt .L81
 1364              	.LBE61:
 326:Toeplitz_FFT.c ****       output_key[i] = ((bit_rounded % 2) + 2) % 2;
 327:Toeplitz_FFT.c ****     }
 328:Toeplitz_FFT.c **** }
 1365              	 .loc 1 328 1 view .LVU342
 1366 006e 09B0     	 add sp,sp,#36
 1367              	.LCFI20:
 1368              	 .cfi_remember_state
 1369              	 .cfi_def_cfa_offset 36
 1370              	 
 1371 0070 BDE8F08F 	 pop {r4,r5,r6,r7,r8,r9,r10,fp,pc}
 1372              	.LVL116:
 1373              	.L77:
 1374              	.LCFI21:
 1375              	 .cfi_restore_state
 1376              	 .loc 1 328 1 view .LVU343
 1377 0074 0593     	 str r3,[sp,#20]
 1378              	.LBB62:
 311:Toeplitz_FFT.c ****       seed_fft[i] = seed[i] + 0*I;
 1379              	 .loc 1 311 7 is_stmt 1 discriminator 3 view .LVU344
 311:Toeplitz_FFT.c ****       seed_fft[i] = seed[i] + 0*I;
 1380              	 .loc 1 311 34 is_stmt 0 discriminator 3 view .LVU345
 1381 0076 029B     	 ldr r3,[sp,#8]
 1382 0078 53F82700 	 ldr r0,[r3,r7,lsl#2]
 1383 007c D047     	 blx r10
 1384              	.LVL117:
 1385 007e 4946     	 mov r1,r9
 1386 0080 D847     	 blx fp
 1387              	.LVL118:
 312:Toeplitz_FFT.c ****     }
 1388              	 .loc 1 312 29 discriminator 3 view .LVU346
 1389 0082 039B     	 ldr r3,[sp,#12]
 311:Toeplitz_FFT.c ****       seed_fft[i] = seed[i] + 0*I;
 1390              	 .loc 1 311 19 discriminator 3 view .LVU347
 1391 0084 48F8080C 	 str r0,[r8,#-8]
 1392 0088 48F8049C 	 str r9,[r8,#-4]
 312:Toeplitz_FFT.c ****     }
 1393              	 .loc 1 312 7 is_stmt 1 discriminator 3 view .LVU348
 312:Toeplitz_FFT.c ****     }
 1394              	 .loc 1 312 29 is_stmt 0 discriminator 3 view .LVU349
 1395 008c 53F82700 	 ldr r0,[r3,r7,lsl#2]
 1396 0090 D047     	 blx r10
 1397              	.LVL119:
 1398 0092 0021     	 movs r1,#0
 1399 0094 D847     	 blx fp
 1400              	.LVL120:
 312:Toeplitz_FFT.c ****     }
 1401              	 .loc 1 312 19 discriminator 3 view .LVU350
 1402 0096 059B     	 ldr r3,[sp,#20]
 310:Toeplitz_FFT.c ****       key_fft[i]  = input_key[i] + 0*I;
 1403              	 .loc 1 310 28 discriminator 3 view .LVU351
 1404 0098 0137     	 adds r7,r7,#1
 1405              	.LVL121:
 312:Toeplitz_FFT.c ****     }
 1406              	 .loc 1 312 19 discriminator 3 view .LVU352
 1407 009a 43F8080C 	 str r0,[r3,#-8]
 1408 009e 43F8049C 	 str r9,[r3,#-4]
 310:Toeplitz_FFT.c ****       key_fft[i]  = input_key[i] + 0*I;
 1409              	 .loc 1 310 27 is_stmt 1 discriminator 3 view .LVU353
 1410              	.LVL122:
 310:Toeplitz_FFT.c ****       key_fft[i]  = input_key[i] + 0*I;
 1411              	 .loc 1 310 27 is_stmt 0 discriminator 3 view .LVU354
 1412 00a2 BFE7     	 b .L76
 1413              	.LVL123:
 1414              	.L79:
 310:Toeplitz_FFT.c ****       key_fft[i]  = input_key[i] + 0*I;
 1415              	 .loc 1 310 27 discriminator 3 view .LVU355
 1416              	.LBE62:
 1417              	.LBB63:
 319:Toeplitz_FFT.c ****     }
 1418              	 .loc 1 319 7 is_stmt 1 discriminator 3 view .LVU356
 319:Toeplitz_FFT.c ****     }
 1419              	 .loc 1 319 31 is_stmt 0 discriminator 3 view .LVU357
 1420 00a4 56F8043C 	 ldr r3,[r6,#-4]
 1421 00a8 0093     	 str r3,[sp]
 1422 00aa 56F8083C 	 ldr r3,[r6,#-8]
 1423 00ae 55F8042C 	 ldr r2,[r5,#-4]
 1424 00b2 55F8081C 	 ldr r1,[r5,#-8]
 1425 00b6 06A8     	 add r0,sp,#24
 1426 00b8 C047     	 blx r8
 1427              	.LVL124:
 319:Toeplitz_FFT.c ****     }
 1428              	 .loc 1 319 18 discriminator 3 view .LVU358
 1429 00ba 069B     	 ldr r3,[sp,#24]
 1430 00bc 45F8083C 	 str r3,[r5,#-8]
 1431 00c0 079B     	 ldr r3,[sp,#28]
 1432 00c2 45F8043C 	 str r3,[r5,#-4]
 318:Toeplitz_FFT.c ****       key_fft[i] = key_fft[i] * seed_fft[i];
 1433              	 .loc 1 318 27 is_stmt 1 discriminator 3 view .LVU359
 318:Toeplitz_FFT.c ****       key_fft[i] = key_fft[i] * seed_fft[i];
 1434              	 .loc 1 318 28 is_stmt 0 discriminator 3 view .LVU360
 1435 00c6 0137     	 adds r7,r7,#1
 1436              	.LVL125:
 318:Toeplitz_FFT.c ****       key_fft[i] = key_fft[i] * seed_fft[i];
 1437              	 .loc 1 318 28 discriminator 3 view .LVU361
 1438 00c8 C0E7     	 b .L78
 1439              	.LVL126:
 1440              	.L81:
 318:Toeplitz_FFT.c ****       key_fft[i] = key_fft[i] * seed_fft[i];
 1441              	 .loc 1 318 28 discriminator 3 view .LVU362
 1442              	.LBE63:
 1443              	.LBB64:
 1444              	.LBB60:
 325:Toeplitz_FFT.c ****       output_key[i] = ((bit_rounded % 2) + 2) % 2;
 1445              	 .loc 1 325 7 is_stmt 1 discriminator 3 view .LVU363
 325:Toeplitz_FFT.c ****       output_key[i] = ((bit_rounded % 2) + 2) % 2;
 1446              	 .loc 1 325 44 is_stmt 0 discriminator 3 view .LVU364
 1447 00ca 064B     	 ldr r3,.L82
 1448 00cc 53F83700 	 ldr r0,[r3,r7,lsl#3]
 1449 00d0 C047     	 blx r8
 1450              	.LVL127:
 325:Toeplitz_FFT.c ****       output_key[i] = ((bit_rounded % 2) + 2) % 2;
 1451              	 .loc 1 325 25 discriminator 3 view .LVU365
 1452 00d2 A847     	 blx r5
 1453              	.LVL128:
 326:Toeplitz_FFT.c ****     }
 1454              	 .loc 1 326 7 is_stmt 1 discriminator 3 view .LVU366
 325:Toeplitz_FFT.c ****       output_key[i] = ((bit_rounded % 2) + 2) % 2;
 1455              	 .loc 1 325 11 is_stmt 0 discriminator 3 view .LVU367
 1456 00d4 B047     	 blx r6
 1457              	.LVL129:
 326:Toeplitz_FFT.c ****     }
 1458              	 .loc 1 326 21 discriminator 3 view .LVU368
 1459 00d6 049B     	 ldr r3,[sp,#16]
 326:Toeplitz_FFT.c ****     }
 1460              	 .loc 1 326 47 discriminator 3 view .LVU369
 1461 00d8 00F00100 	 and r0,r0,#1
 326:Toeplitz_FFT.c ****     }
 1462              	 .loc 1 326 21 discriminator 3 view .LVU370
 1463 00dc 43F82700 	 str r0,[r3,r7,lsl#2]
 1464              	.LBE60:
 324:Toeplitz_FFT.c ****       int bit_rounded = round(creal(key_fft[i]));
 1465              	 .loc 1 324 27 is_stmt 1 discriminator 3 view .LVU371
 324:Toeplitz_FFT.c ****       int bit_rounded = round(creal(key_fft[i]));
 1466              	 .loc 1 324 28 is_stmt 0 discriminator 3 view .LVU372
 1467 00e0 0137     	 adds r7,r7,#1
 1468              	.LVL130:
 324:Toeplitz_FFT.c ****       int bit_rounded = round(creal(key_fft[i]));
 1469              	 .loc 1 324 28 discriminator 3 view .LVU373
 1470 00e2 C2E7     	 b .L80
 1471              	.L83:
 1472              	 .align 2
 1473              	.L82:
 1474 00e4 00000000 	 .word .LANCHOR1
 1475 00e8 00000000 	 .word .LANCHOR2
 1476 00ec 00000000 	 .word __aeabi_i2f
 1477 00f0 00000000 	 .word __aeabi_fadd
 1478 00f4 00000000 	 .word DIT_FFT
 1479 00f8 00000000 	 .word __mulsc3
 1480 00fc 00000000 	 .word DIT_IFFT
 1481 0100 00000000 	 .word __aeabi_f2d
 1482 0104 00000000 	 .word round
 1483 0108 00000000 	 .word __aeabi_d2iz
 1484              	.LBE64:
 1485              	 .cfi_endproc
 1486              	.LFE15:
 1488              	 .section .text.startup.main,"ax",%progbits
 1489              	 .align 1
 1490              	 .global main
 1491              	 .syntax unified
 1492              	 .thumb
 1493              	 .thumb_func
 1494              	 .fpu softvfp
 1496              	main:
 1497              	.LFB16:
 329:Toeplitz_FFT.c **** 
 330:Toeplitz_FFT.c **** #endif
 331:Toeplitz_FFT.c **** 
 332:Toeplitz_FFT.c **** //////////////////////////
 333:Toeplitz_FFT.c **** /// END FFT STUFF ////////
 334:Toeplitz_FFT.c **** 
 335:Toeplitz_FFT.c **** int main(void)
 336:Toeplitz_FFT.c **** {
 1498              	 .loc 1 336 1 is_stmt 1 view-0
 1499              	 .cfi_startproc
 1500              	 
 1501              	 
 1502              	 
 337:Toeplitz_FFT.c ****     platform_init();
 1503              	 .loc 1 337 5 view .LVU375
 336:Toeplitz_FFT.c ****     platform_init();
 1504              	 .loc 1 336 1 is_stmt 0 view .LVU376
 1505 0000 80B5     	 push {r7,lr}
 1506              	.LCFI22:
 1507              	 .cfi_def_cfa_offset 8
 1508              	 .cfi_offset 7,-8
 1509              	 .cfi_offset 14,-4
 1510              	 .loc 1 337 5 view .LVU377
 1511 0002 174B     	 ldr r3,.L86
 338:Toeplitz_FFT.c ****     init_uart();
 339:Toeplitz_FFT.c ****     trigger_setup();
 340:Toeplitz_FFT.c **** 
 341:Toeplitz_FFT.c ****     // static: see the comment on key_fft/seed_fft in
 342:Toeplitz_FFT.c ****     // Toeplitz_hash_fft_seeded -- these don't fit on the stack at large
 343:Toeplitz_FFT.c ****     // ROWLEN, and are fully overwritten each iteration regardless.
 344:Toeplitz_FFT.c ****     static uint8_t input_key_bytes[ROWLEN];
 345:Toeplitz_FFT.c ****     static int input_key_bits[ROWBITS];
 346:Toeplitz_FFT.c **** #if KEY_FFT_ONLY
 347:Toeplitz_FFT.c **** 
 348:Toeplitz_FFT.c ****     while(1){
 349:Toeplitz_FFT.c ****       read_bytes(input_key_bytes, ROWLEN);
 350:Toeplitz_FFT.c ****       write_bytes(input_key_bytes, ROWLEN);  // echo, so the host can detect a UART desync
 351:Toeplitz_FFT.c ****       bytes_to_bits(input_key_bytes, input_key_bits, ROWLEN);
 352:Toeplitz_FFT.c **** 
 353:Toeplitz_FFT.c ****       Toeplitz_hash_fft_key_only(input_key_bits, ROWBITS);
 354:Toeplitz_FFT.c ****       }
 355:Toeplitz_FFT.c ****       return 1;
 356:Toeplitz_FFT.c ****   }
 357:Toeplitz_FFT.c **** 
 358:Toeplitz_FFT.c **** #else
 359:Toeplitz_FFT.c **** 
 360:Toeplitz_FFT.c ****     static uint8_t seed_bytes[ROWLEN];
 361:Toeplitz_FFT.c ****     static uint8_t output_bytes[ROWLEN];
 362:Toeplitz_FFT.c ****     static int seed_bits[ROWBITS];
 363:Toeplitz_FFT.c ****     static int output_bits[ROWBITS];
 364:Toeplitz_FFT.c **** 
 365:Toeplitz_FFT.c ****     while(1){
 366:Toeplitz_FFT.c ****       read_bytes(input_key_bytes, ROWLEN);
 1512              	 .loc 1 366 7 view .LVU378
 1513 0004 174E     	 ldr r6,.L86+4
 367:Toeplitz_FFT.c ****       write_bytes(input_key_bytes, ROWLEN);  // echo, so the host can detect a UART desync
 368:Toeplitz_FFT.c ****       bytes_to_bits(input_key_bytes, input_key_bits, ROWLEN);
 369:Toeplitz_FFT.c **** 
 370:Toeplitz_FFT.c ****       read_bytes(seed_bytes, ROWLEN);
 1514              	 .loc 1 370 7 view .LVU379
 1515 0006 184D     	 ldr r5,.L86+8
 337:Toeplitz_FFT.c ****     init_uart();
 1516              	 .loc 1 337 5 view .LVU380
 1517 0008 9847     	 blx r3
 1518              	.LVL131:
 338:Toeplitz_FFT.c ****     init_uart();
 1519              	 .loc 1 338 5 is_stmt 1 view .LVU381
 1520 000a 184B     	 ldr r3,.L86+12
 1521 000c 9847     	 blx r3
 1522              	.LVL132:
 339:Toeplitz_FFT.c **** 
 1523              	 .loc 1 339 5 view .LVU382
 1524 000e 184B     	 ldr r3,.L86+16
 1525 0010 9847     	 blx r3
 1526              	.LVL133:
 1527              	.L85:
 344:Toeplitz_FFT.c ****     static int input_key_bits[ROWBITS];
 1528              	 .loc 1 344 5 discriminator 1 view .LVU383
 345:Toeplitz_FFT.c **** #if KEY_FFT_ONLY
 1529              	 .loc 1 345 5 discriminator 1 view .LVU384
 360:Toeplitz_FFT.c ****     static uint8_t output_bytes[ROWLEN];
 1530              	 .loc 1 360 5 discriminator 1 view .LVU385
 361:Toeplitz_FFT.c ****     static int seed_bits[ROWBITS];
 1531              	 .loc 1 361 5 discriminator 1 view .LVU386
 362:Toeplitz_FFT.c ****     static int output_bits[ROWBITS];
 1532              	 .loc 1 362 5 discriminator 1 view .LVU387
 363:Toeplitz_FFT.c **** 
 1533              	 .loc 1 363 5 discriminator 1 view .LVU388
 365:Toeplitz_FFT.c ****       read_bytes(input_key_bytes, ROWLEN);
 1534              	 .loc 1 365 5 discriminator 1 view .LVU389
 366:Toeplitz_FFT.c ****       write_bytes(input_key_bytes, ROWLEN);  // echo, so the host can detect a UART desync
 1535              	 .loc 1 366 7 discriminator 1 view .LVU390
 1536 0012 DFF86080 	 ldr r8,.L86+20
 367:Toeplitz_FFT.c ****       bytes_to_bits(input_key_bytes, input_key_bits, ROWLEN);
 1537              	 .loc 1 367 7 is_stmt 0 discriminator 1 view .LVU391
 1538 0016 184C     	 ldr r4,.L86+24
 368:Toeplitz_FFT.c **** 
 1539              	 .loc 1 368 7 discriminator 1 view .LVU392
 1540 0018 184F     	 ldr r7,.L86+28
 366:Toeplitz_FFT.c ****       write_bytes(input_key_bytes, ROWLEN);  // echo, so the host can detect a UART desync
 1541              	 .loc 1 366 7 discriminator 1 view .LVU393
 1542 001a 3046     	 mov r0,r6
 1543 001c 1021     	 movs r1,#16
 1544 001e C047     	 blx r8
 1545              	.LVL134:
 367:Toeplitz_FFT.c ****       bytes_to_bits(input_key_bytes, input_key_bits, ROWLEN);
 1546              	 .loc 1 367 7 is_stmt 1 discriminator 1 view .LVU394
 1547 0020 3046     	 mov r0,r6
 1548 0022 1021     	 movs r1,#16
 1549 0024 A047     	 blx r4
 1550              	.LVL135:
 368:Toeplitz_FFT.c **** 
 1551              	 .loc 1 368 7 discriminator 1 view .LVU395
 1552 0026 1022     	 movs r2,#16
 1553 0028 3046     	 mov r0,r6
 1554 002a 1549     	 ldr r1,.L86+32
 1555 002c B847     	 blx r7
 1556              	.LVL136:
 1557              	 .loc 1 370 7 discriminator 1 view .LVU396
 1558 002e 1146     	 mov r1,r2
 1559 0030 2846     	 mov r0,r5
 1560 0032 C047     	 blx r8
 1561              	.LVL137:
 371:Toeplitz_FFT.c ****       write_bytes(seed_bytes, ROWLEN);  // echo
 1562              	 .loc 1 371 7 discriminator 1 view .LVU397
 1563 0034 2846     	 mov r0,r5
 1564 0036 1021     	 movs r1,#16
 1565 0038 A047     	 blx r4
 1566              	.LVL138:
 372:Toeplitz_FFT.c ****       bytes_to_bits(seed_bytes, seed_bits, ROWLEN);
 1567              	 .loc 1 372 7 discriminator 1 view .LVU398
 1568 003a 1249     	 ldr r1,.L86+36
 1569 003c 2846     	 mov r0,r5
 1570 003e 1022     	 movs r2,#16
 1571 0040 B847     	 blx r7
 1572              	.LVL139:
 373:Toeplitz_FFT.c **** 
 374:Toeplitz_FFT.c ****       Toeplitz_hash_fft_seeded(input_key_bits, seed_bits, output_bits, ROWBITS);
 1573              	 .loc 1 374 7 discriminator 1 view .LVU399
 1574 0042 114A     	 ldr r2,.L86+40
 1575 0044 0E48     	 ldr r0,.L86+32
 1576 0046 114F     	 ldr r7,.L86+44
 1577 0048 8023     	 movs r3,#128
 1578 004a B847     	 blx r7
 1579              	.LVL140:
 375:Toeplitz_FFT.c **** 
 376:Toeplitz_FFT.c ****       bits_to_bytes(output_bits, output_bytes, ROWLEN);
 1580              	 .loc 1 376 7 discriminator 1 view .LVU400
 1581 004c 1022     	 movs r2,#16
 1582 004e 1049     	 ldr r1,.L86+48
 1583 0050 0D48     	 ldr r0,.L86+40
 1584 0052 104B     	 ldr r3,.L86+52
 1585 0054 9847     	 blx r3
 1586              	.LVL141:
 377:Toeplitz_FFT.c ****       write_bytes(output_bytes, ROWLEN);  // result
 1587              	 .loc 1 377 7 discriminator 1 view .LVU401
 1588 0056 0E48     	 ldr r0,.L86+48
 1589 0058 1146     	 mov r1,r2
 1590 005a A047     	 blx r4
 1591              	.LVL142:
 365:Toeplitz_FFT.c ****       read_bytes(input_key_bytes, ROWLEN);
 1592              	 .loc 1 365 10 discriminator 1 view .LVU402
 1593 005c D9E7     	 b .L85
 1594              	.L87:
 1595 005e 00BF     	 .align 2
 1596              	.L86:
 1597 0060 00000000 	 .word platform_init
 1598 0064 00000000 	 .word .LANCHOR3
 1599 0068 00000000 	 .word .LANCHOR5
 1600 006c 00000000 	 .word init_uart
 1601 0070 00000000 	 .word trigger_setup
 1602 0074 00000000 	 .word read_bytes
 1603 0078 00000000 	 .word write_bytes
 1604 007c 00000000 	 .word bytes_to_bits
 1605 0080 00000000 	 .word .LANCHOR4
 1606 0084 00000000 	 .word .LANCHOR6
 1607 0088 00000000 	 .word .LANCHOR7
 1608 008c 00000000 	 .word Toeplitz_hash_fft_seeded
 1609 0090 00000000 	 .word .LANCHOR8
 1610 0094 00000000 	 .word bits_to_bytes
 1611              	 .cfi_endproc
 1612              	.LFE16:
 1614              	 .global pt
 1615              	 .global asciibuf
 1616              	 .global tmp
 1617              	 .global memory
 1618              	 .section .bss.asciibuf,"aw",%nobits
 1621              	asciibuf:
 1622 0000 00000000 	 .space 64
 1622      00000000 
 1622      00000000 
 1622      00000000 
 1622      00000000 
 1623              	 .section .bss.input_key_bits.4,"aw",%nobits
 1624              	 .align 2
 1625              	 .set .LANCHOR4,.+0
 1628              	input_key_bits.4:
 1629 0000 00000000 	 .space 512
 1629      00000000 
 1629      00000000 
 1629      00000000 
 1629      00000000 
 1630              	 .section .bss.input_key_bytes.5,"aw",%nobits
 1631              	 .set .LANCHOR3,.+0
 1634              	input_key_bytes.5:
 1635 0000 00000000 	 .space 16
 1635      00000000 
 1635      00000000 
 1635      00000000 
 1636              	 .section .bss.key_fft.7,"aw",%nobits
 1637              	 .align 2
 1638              	 .set .LANCHOR1,.+0
 1641              	key_fft.7:
 1642 0000 00000000 	 .space 1024
 1642      00000000 
 1642      00000000 
 1642      00000000 
 1642      00000000 
 1643              	 .section .bss.memory,"aw",%nobits
 1646              	memory:
 1647 0000 00000000 	 .space 64
 1647      00000000 
 1647      00000000 
 1647      00000000 
 1647      00000000 
 1648              	 .section .bss.output_bits.1,"aw",%nobits
 1649              	 .align 2
 1650              	 .set .LANCHOR7,.+0
 1653              	output_bits.1:
 1654 0000 00000000 	 .space 512
 1654      00000000 
 1654      00000000 
 1654      00000000 
 1654      00000000 
 1655              	 .section .bss.output_bytes.0,"aw",%nobits
 1656              	 .set .LANCHOR8,.+0
 1659              	output_bytes.0:
 1660 0000 00000000 	 .space 16
 1660      00000000 
 1660      00000000 
 1660      00000000 
 1661              	 .section .bss.pt,"aw",%nobits
 1664              	pt:
 1665 0000 00000000 	 .space 16
 1665      00000000 
 1665      00000000 
 1665      00000000 
 1666              	 .section .bss.seed_bits.2,"aw",%nobits
 1667              	 .align 2
 1668              	 .set .LANCHOR6,.+0
 1671              	seed_bits.2:
 1672 0000 00000000 	 .space 512
 1672      00000000 
 1672      00000000 
 1672      00000000 
 1672      00000000 
 1673              	 .section .bss.seed_bytes.3,"aw",%nobits
 1674              	 .set .LANCHOR5,.+0
 1677              	seed_bytes.3:
 1678 0000 00000000 	 .space 16
 1678      00000000 
 1678      00000000 
 1678      00000000 
 1679              	 .section .bss.seed_fft.6,"aw",%nobits
 1680              	 .align 2
 1681              	 .set .LANCHOR2,.+0
 1684              	seed_fft.6:
 1685 0000 00000000 	 .space 1024
 1685      00000000 
 1685      00000000 
 1685      00000000 
 1685      00000000 
 1686              	 .section .bss.tmp,"aw",%nobits
 1689              	tmp:
 1690 0000 00000000 	 .space 64
 1690      00000000 
 1690      00000000 
 1690      00000000 
 1690      00000000 
 1691              	 .section .rodata.twiddle_table,"a"
 1692              	 .align 2
 1693              	 .set .LANCHOR0,.+0
 1696              	twiddle_table:
 1697 0000 0000803F 	 .word 1065353216
 1698 0004 00000080 	 .word -2147483648
 1699 0008 0FB17F3F 	 .word 1065333007
 1700 000c 30FB48BD 	 .word -1119290576
 1701 0010 6DC47E3F 	 .word 1065272429
 1702 0014 36BDC8BD 	 .word -1110917834
 1703 0018 AC3A7D3F 	 .word 1065171628
 1704 001c 834016BE 	 .word -1105837949
 1705 0020 BE147B3F 	 .word 1065030846
 1706 0024 C2C547BE 	 .word -1102592574
 1707 0028 F853783F 	 .word 1064850424
 1708 002c CCCF78BE 	 .word -1099378740
 1709 0030 0BFA743F 	 .word 1064630795
 1710 0034 31A094BE 	 .word -1097555919
 1711 0038 0809713F 	 .word 1064372488
 1712 003c D47CACBE 	 .word -1095992108
 1713 0040 5E836C3F 	 .word 1064076126
 1714 0044 15EFC3BE 	 .word -1094455531
 1715 0048 D86B673F 	 .word 1063742424
 1716 004c 80E8DABE 	 .word -1092949888
 1717 0050 98C5613F 	 .word 1063372184
 1718 0054 EA5AF1BE 	 .word -1091478806
 1719 0058 1A945B3F 	 .word 1062966298
 1720 005c 3D9C03BF 	 .word -1090282435
 1721 0060 31DB543F 	 .word 1062525745
 1722 0064 DA390EBF 	 .word -1089586726
 1723 0068 029F4D3F 	 .word 1062051586
 1724 006c C07F18BF 	 .word -1088913472
 1725 0070 03E4453F 	 .word 1061544963
 1726 0074 996722BF 	 .word -1088264295
 1727 0078 F9AE3D3F 	 .word 1061007097
 1728 007c 4AEB2BBF 	 .word -1087640758
 1729 0080 F304353F 	 .word 1060439283
 1730 0084 F30435BF 	 .word -1087044365
 1731 0088 4AEB2B3F 	 .word 1059842890
 1732 008c F9AE3DBF 	 .word -1086476551
 1733 0090 9967223F 	 .word 1059219353
 1734 0094 03E445BF 	 .word -1085938685
 1735 0098 C07F183F 	 .word 1058570176
 1736 009c 029F4DBF 	 .word -1085432062
 1737 00a0 DA390E3F 	 .word 1057896922
 1738 00a4 31DB54BF 	 .word -1084957903
 1739 00a8 3D9C033F 	 .word 1057201213
 1740 00ac 1A945BBF 	 .word -1084517350
 1741 00b0 EA5AF13E 	 .word 1056004842
 1742 00b4 98C561BF 	 .word -1084111464
 1743 00b8 80E8DA3E 	 .word 1054533760
 1744 00bc D86B67BF 	 .word -1083741224
 1745 00c0 15EFC33E 	 .word 1053028117
 1746 00c4 5E836CBF 	 .word -1083407522
 1747 00c8 D47CAC3E 	 .word 1051491540
 1748 00cc 080971BF 	 .word -1083111160
 1749 00d0 31A0943E 	 .word 1049927729
 1750 00d4 0BFA74BF 	 .word -1082852853
 1751 00d8 CCCF783E 	 .word 1048104908
 1752 00dc F85378BF 	 .word -1082633224
 1753 00e0 C2C5473E 	 .word 1044891074
 1754 00e4 BE147BBF 	 .word -1082452802
 1755 00e8 8340163E 	 .word 1041645699
 1756 00ec AC3A7DBF 	 .word -1082312020
 1757 00f0 36BDC83D 	 .word 1036565814
 1758 00f4 6DC47EBF 	 .word -1082211219
 1759 00f8 30FB483D 	 .word 1028193072
 1760 00fc 0FB17FBF 	 .word -1082150641
 1761 0100 32318D24 	 .word 613232946
 1762 0104 000080BF 	 .word -1082130432
 1763 0108 30FB48BD 	 .word -1119290576
 1764 010c 0FB17FBF 	 .word -1082150641
 1765 0110 36BDC8BD 	 .word -1110917834
 1766 0114 6DC47EBF 	 .word -1082211219
 1767 0118 834016BE 	 .word -1105837949
 1768 011c AC3A7DBF 	 .word -1082312020
 1769 0120 C2C547BE 	 .word -1102592574
 1770 0124 BE147BBF 	 .word -1082452802
 1771 0128 CCCF78BE 	 .word -1099378740
 1772 012c F85378BF 	 .word -1082633224
 1773 0130 31A094BE 	 .word -1097555919
 1774 0134 0BFA74BF 	 .word -1082852853
 1775 0138 D47CACBE 	 .word -1095992108
 1776 013c 080971BF 	 .word -1083111160
 1777 0140 15EFC3BE 	 .word -1094455531
 1778 0144 5E836CBF 	 .word -1083407522
 1779 0148 80E8DABE 	 .word -1092949888
 1780 014c D86B67BF 	 .word -1083741224
 1781 0150 EA5AF1BE 	 .word -1091478806
 1782 0154 98C561BF 	 .word -1084111464
 1783 0158 3D9C03BF 	 .word -1090282435
 1784 015c 1A945BBF 	 .word -1084517350
 1785 0160 DA390EBF 	 .word -1089586726
 1786 0164 31DB54BF 	 .word -1084957903
 1787 0168 C07F18BF 	 .word -1088913472
 1788 016c 029F4DBF 	 .word -1085432062
 1789 0170 996722BF 	 .word -1088264295
 1790 0174 03E445BF 	 .word -1085938685
 1791 0178 4AEB2BBF 	 .word -1087640758
 1792 017c F9AE3DBF 	 .word -1086476551
 1793 0180 F30435BF 	 .word -1087044365
 1794 0184 F30435BF 	 .word -1087044365
 1795 0188 F9AE3DBF 	 .word -1086476551
 1796 018c 4AEB2BBF 	 .word -1087640758
 1797 0190 03E445BF 	 .word -1085938685
 1798 0194 996722BF 	 .word -1088264295
 1799 0198 029F4DBF 	 .word -1085432062
 1800 019c C07F18BF 	 .word -1088913472
 1801 01a0 31DB54BF 	 .word -1084957903
 1802 01a4 DA390EBF 	 .word -1089586726
 1803 01a8 1A945BBF 	 .word -1084517350
 1804 01ac 3D9C03BF 	 .word -1090282435
 1805 01b0 98C561BF 	 .word -1084111464
 1806 01b4 EA5AF1BE 	 .word -1091478806
 1807 01b8 D86B67BF 	 .word -1083741224
 1808 01bc 80E8DABE 	 .word -1092949888
 1809 01c0 5E836CBF 	 .word -1083407522
 1810 01c4 15EFC3BE 	 .word -1094455531
 1811 01c8 080971BF 	 .word -1083111160
 1812 01cc D47CACBE 	 .word -1095992108
 1813 01d0 0BFA74BF 	 .word -1082852853
 1814 01d4 31A094BE 	 .word -1097555919
 1815 01d8 F85378BF 	 .word -1082633224
 1816 01dc CCCF78BE 	 .word -1099378740
 1817 01e0 BE147BBF 	 .word -1082452802
 1818 01e4 C2C547BE 	 .word -1102592574
 1819 01e8 AC3A7DBF 	 .word -1082312020
 1820 01ec 834016BE 	 .word -1105837949
 1821 01f0 6DC47EBF 	 .word -1082211219
 1822 01f4 36BDC8BD 	 .word -1110917834
 1823 01f8 0FB17FBF 	 .word -1082150641
 1824 01fc 30FB48BD 	 .word -1119290576
 1825              	 .text
 1826              	.Letext0:
 1827              	 .file 2 "twiddle_table.h"
 1828              	 .file 3 ".././hal/hal.h"
 1829              	 .file 4 ".././hal/sam4s/sam4s_hal.h"
 1830              	 .file 5 "<built-in>"
 1831              	 .file 6 "/usr/lib/gcc/arm-none-eabi/10.3.1/include/stdint.h"
DEFINED SYMBOLS
                            *ABS*:0000000000000000 Toeplitz_FFT.c
    {standard input}:16     .text.read_bytes:0000000000000000 $t
    {standard input}:24     .text.read_bytes:0000000000000000 read_bytes
    {standard input}:84     .text.read_bytes:0000000000000018 $d
    {standard input}:90     .text.write_bytes:0000000000000000 $t
    {standard input}:97     .text.write_bytes:0000000000000000 write_bytes
    {standard input}:154    .text.write_bytes:0000000000000018 $d
    {standard input}:160    .text.bytes_to_bits:0000000000000000 $t
    {standard input}:167    .text.bytes_to_bits:0000000000000000 bytes_to_bits
    {standard input}:236    .text.bits_to_bytes:0000000000000000 $t
    {standard input}:243    .text.bits_to_bytes:0000000000000000 bits_to_bytes
    {standard input}:318    .text.long_delay:0000000000000000 $t
    {standard input}:325    .text.long_delay:0000000000000000 long_delay
    {standard input}:377    .text.pad_key:0000000000000000 $t
    {standard input}:384    .text.pad_key:0000000000000000 pad_key
    {standard input}:498    .text.pad_key:0000000000000054 $d
    {standard input}:506    .text.conj_array:0000000000000000 $t
    {standard input}:513    .text.conj_array:0000000000000000 conj_array
    {standard input}:558    .text.reverse_bit:0000000000000000 $t
    {standard input}:565    .text.reverse_bit:0000000000000000 reverse_bit
    {standard input}:635    .text.reverse_array:0000000000000000 $t
    {standard input}:642    .text.reverse_array:0000000000000000 reverse_array
    {standard input}:737    .text.reverse_array:000000000000004c $d
    {standard input}:747    .text.DIT_FFT:0000000000000000 $t
    {standard input}:754    .text.DIT_FFT:0000000000000000 DIT_FFT
    {standard input}:1103   .text.DIT_FFT:0000000000000128 $d
    {standard input}:1123   .text.DIT_IFFT:0000000000000000 $t
    {standard input}:1130   .text.DIT_IFFT:0000000000000000 DIT_IFFT
    {standard input}:1224   .text.DIT_IFFT:0000000000000058 $d
    {standard input}:1234   .text.Toeplitz_hash_fft_seeded:0000000000000000 $t
    {standard input}:1241   .text.Toeplitz_hash_fft_seeded:0000000000000000 Toeplitz_hash_fft_seeded
    {standard input}:1474   .text.Toeplitz_hash_fft_seeded:00000000000000e4 $d
    {standard input}:1489   .text.startup.main:0000000000000000 $t
    {standard input}:1496   .text.startup.main:0000000000000000 main
    {standard input}:1597   .text.startup.main:0000000000000060 $d
    {standard input}:1664   .bss.pt:0000000000000000 pt
    {standard input}:1621   .bss.asciibuf:0000000000000000 asciibuf
    {standard input}:1689   .bss.tmp:0000000000000000 tmp
    {standard input}:1646   .bss.memory:0000000000000000 memory
    {standard input}:1622   .bss.asciibuf:0000000000000000 $d
    {standard input}:1624   .bss.input_key_bits.4:0000000000000000 $d
    {standard input}:1628   .bss.input_key_bits.4:0000000000000000 input_key_bits.4
    {standard input}:1634   .bss.input_key_bytes.5:0000000000000000 input_key_bytes.5
    {standard input}:1635   .bss.input_key_bytes.5:0000000000000000 $d
    {standard input}:1637   .bss.key_fft.7:0000000000000000 $d
    {standard input}:1641   .bss.key_fft.7:0000000000000000 key_fft.7
    {standard input}:1647   .bss.memory:0000000000000000 $d
    {standard input}:1649   .bss.output_bits.1:0000000000000000 $d
    {standard input}:1653   .bss.output_bits.1:0000000000000000 output_bits.1
    {standard input}:1659   .bss.output_bytes.0:0000000000000000 output_bytes.0
    {standard input}:1660   .bss.output_bytes.0:0000000000000000 $d
    {standard input}:1665   .bss.pt:0000000000000000 $d
    {standard input}:1667   .bss.seed_bits.2:0000000000000000 $d
    {standard input}:1671   .bss.seed_bits.2:0000000000000000 seed_bits.2
    {standard input}:1677   .bss.seed_bytes.3:0000000000000000 seed_bytes.3
    {standard input}:1678   .bss.seed_bytes.3:0000000000000000 $d
    {standard input}:1680   .bss.seed_fft.6:0000000000000000 $d
    {standard input}:1684   .bss.seed_fft.6:0000000000000000 seed_fft.6
    {standard input}:1690   .bss.tmp:0000000000000000 $d
    {standard input}:1692   .rodata.twiddle_table:0000000000000000 $d
    {standard input}:1696   .rodata.twiddle_table:0000000000000000 twiddle_table
                           .group:0000000000000000 wm4.0.40de2b83a44ef390460eeab03a270adb
                           .group:0000000000000000 wm4.stdint.h.29.6d480f4ba0f60596e88234283d42444f
                           .group:0000000000000000 wm4.hal.h.27.7074d56fee637e30bfe28f5452443c14
                           .group:0000000000000000 wm4.ieeefp.h.77.f33a4dce62116f6f5175ff8bae57a54c
                           .group:0000000000000000 wm4._newlib_version.h.4.1ef4e12f167f8b69d7c30054be56050d
                           .group:0000000000000000 wm4.newlib.h.21.1ae2897bc09bbe4bc80ffb801fb02432
                           .group:0000000000000000 wm4.features.h.22.026edb2397769f4ae13f35900dbdb560
                           .group:0000000000000000 wm4.config.h.224.c701144a7b0518c6ee9b9b5465b79f81
                           .group:0000000000000000 wm4._ansi.h.31.de524f58584151836e90d8620a16f8e8
                           .group:0000000000000000 wm4.stdlib.h.13.4ed386f5c1a80d71e72172885d946ef2
                           .group:0000000000000000 wm4.stddef.h.181.13772e73e5434e8cc4fafaaddad2b5da
                           .group:0000000000000000 wm4.stddef.h.39.1bfffcccc3897d82880a055878218da6
                           .group:0000000000000000 wm4._types.h.20.dd0d04dca3800a0d2a6129b87f3adbb2
                           .group:0000000000000000 wm4.stddef.h.155.3588ebfdd1e8c7ede80509bb9c3b8009
                           .group:0000000000000000 wm4._default_types.h.6.959254cf5f09734ea7516c89e8bb21bd
                           .group:0000000000000000 wm4._types.h.127.34941de1b2539d59d5cac00e0dd27a45
                           .group:0000000000000000 wm4.reent.h.17.e292bf8b0bec6c96e131a54347145a30
                           .group:0000000000000000 wm4.lock.h.2.c0958401bd0ce484d507ee19aacab817
                           .group:0000000000000000 wm4.reent.h.77.dcd6129ff07fe81bd5636db29abe53b2
                           .group:0000000000000000 wm4.cdefs.h.49.3d0fe8ea14e93bda8c589d4f684b21b8
                           .group:0000000000000000 wm4.alloca.h.8.dfc0c703c47ec3e69746825b17d9e66d
                           .group:0000000000000000 wm4.stdlib.h.56.f4862cfbf4363a1db01842d5bdf72c18
                           .group:0000000000000000 wm4.stdio.h.27.3fc80220048df77954e38daec3bb9670
                           .group:0000000000000000 wm4.stddef.h.155.ba788add86a0e365f264484f110c3c29
                           .group:0000000000000000 wm4.stdarg.h.34.3a23a216c0c293b3d2ea2e89281481e6
                           .group:0000000000000000 wm4.types.h.40.8b6acba56cefbb11746718204edc8f5e
                           .group:0000000000000000 wm4._stdint.h.10.c24fa3af3bc1706662bb5593a907e841
                           .group:0000000000000000 wm4._endian.h.31.65a10590763c3dde1ac4a7f66d7d4891
                           .group:0000000000000000 wm4.endian.h.9.49f3a4695c1b61e8a0808de3c4a106cb
                           .group:0000000000000000 wm4._timeval.h.32.bec3221fa7a9bb0bdde696c9c57e47d2
                           .group:0000000000000000 wm4.timespec.h.41.d855182eb0e690443ab8651bcedca6e1
                           .group:0000000000000000 wm4.select.h.19.97ca6fd0c752a0f3b6719fd314d361e6
                           .group:0000000000000000 wm4.types.h.51.5571ec98f267d17d3c670b7a3ba33afa
                           .group:0000000000000000 wm4.sched.h.22.c60982713a5c428609783c78f9c78d95
                           .group:0000000000000000 wm4._pthreadtypes.h.36.fcee9961c35163dde6267ef772ad1972
                           .group:0000000000000000 wm4.stdio.h.2.4aa87247282eca6c8f36f9de33d8df1a
                           .group:0000000000000000 wm4.stdio.h.81.932d0c162786b883f622b8d05c120c78
                           .group:0000000000000000 wm4.math.h.13.97100c05caf9f40dd9f5a3cda48ccc01
                           .group:0000000000000000 wm4.complex.h.9.e398adf3f8fc1220141cdf5a13c2daaf
                           .group:0000000000000000 wm4.time.h.8.db4619001f026d0b4874c029fef0e91f
                           .group:0000000000000000 wm4.time.h.2.4581ce0ffb6627cfc02162c94bf846c9
                           .group:0000000000000000 wm4.time.h.25.0e6a0fdbc9955f5707ed54246ed2e089
                           .group:0000000000000000 wm4.time.h.162.85256a1e684b58f061361067da714e0e

UNDEFINED SYMBOLS
getch
putch
__aeabi_i2f
__aeabi_fadd
memset
__aeabi_i2d
__aeabi_ddiv
__aeabi_d2iz
__aeabi_fsub
log
round
trigger_high
trigger_low
__mulsc3
__aeabi_fdiv
__aeabi_f2d
platform_init
init_uart
trigger_setup
