
Toeplitz_FFT-ROWLEN16-FULL-CW312_SAM4S.elf:     file format elf32-littlearm

Sections:
Idx Name          Size      VMA       LMA       File off  Algn
  0 .text         00002800  00400000  00400000  00010000  2**3
                  CONTENTS, ALLOC, LOAD, READONLY, CODE
  1 .relocate     0000006c  20000000  00402800  00020000  2**2
                  CONTENTS, ALLOC, LOAD, DATA
  2 .bss          00000e4c  2000006c  0040286c  0002006c  2**2
                  ALLOC
  3 .stack        00001000  20000eb8  004036b8  0002006c  2**0
                  ALLOC
  4 .ARM.attributes 0000002a  00000000  00000000  0002006c  2**0
                  CONTENTS, READONLY
  5 .comment      00000033  00000000  00000000  00020096  2**0
                  CONTENTS, READONLY
  6 .debug_info   000078d1  00000000  00000000  000200c9  2**0
                  CONTENTS, READONLY, DEBUGGING, OCTETS
  7 .debug_abbrev 00001af5  00000000  00000000  0002799a  2**0
                  CONTENTS, READONLY, DEBUGGING, OCTETS
  8 .debug_loc    00003a54  00000000  00000000  0002948f  2**0
                  CONTENTS, READONLY, DEBUGGING, OCTETS
  9 .debug_aranges 00000810  00000000  00000000  0002cee8  2**3
                  CONTENTS, READONLY, DEBUGGING, OCTETS
 10 .debug_ranges 00000940  00000000  00000000  0002d6f8  2**0
                  CONTENTS, READONLY, DEBUGGING, OCTETS
 11 .debug_macro  0000fe9b  00000000  00000000  0002e038  2**0
                  CONTENTS, READONLY, DEBUGGING, OCTETS
 12 .debug_line   0000716e  00000000  00000000  0003ded3  2**0
                  CONTENTS, READONLY, DEBUGGING, OCTETS
 13 .debug_str    0004cd96  00000000  00000000  00045041  2**0
                  CONTENTS, READONLY, DEBUGGING, OCTETS
 14 .debug_frame  00001168  00000000  00000000  00091dd8  2**2
                  CONTENTS, READONLY, DEBUGGING, OCTETS

Disassembly of section .text:

00400000 <exception_table>:
  400000:	b8 1e 00 20 e1 05 40 00 dd 05 40 00 dd 05 40 00     ... ..@...@...@.
  400010:	dd 05 40 00 dd 05 40 00 dd 05 40 00 00 00 00 00     ..@...@...@.....
  400020:	00 00 00 00 00 00 00 00 00 00 00 00 dd 05 40 00     ..............@.
  400030:	dd 05 40 00 00 00 00 00 dd 05 40 00 dd 05 40 00     ..@.......@...@.
  400040:	dd 05 40 00 dd 05 40 00 dd 05 40 00 dd 05 40 00     ..@...@...@...@.
  400050:	dd 05 40 00 dd 05 40 00 dd 05 40 00 00 00 00 00     ..@...@...@.....
  400060:	dd 05 40 00 dd 05 40 00 00 00 00 00 dd 05 40 00     ..@...@.......@.
  400070:	dd 05 40 00 00 00 00 00 dd 05 40 00 dd 05 40 00     ..@.......@...@.
  400080:	00 00 00 00 00 00 00 00 dd 05 40 00 dd 05 40 00     ..........@...@.
  400090:	dd 05 40 00 dd 05 40 00 dd 05 40 00 dd 05 40 00     ..@...@...@...@.
  4000a0:	dd 05 40 00 dd 05 40 00 00 00 00 00 00 00 00 00     ..@...@.........
  4000b0:	00 00 00 00 dd 05 40 00 dd 05 40 00 dd 05 40 00     ......@...@...@.
  4000c0:	dd 05 40 00 dd 05 40 00 dd 05 40 00                 ..@...@...@.

004000cc <deregister_tm_clones>:
  4000cc:	4803      	ldr	r0, [pc, #12]	; (4000dc <deregister_tm_clones+0x10>)
  4000ce:	4b04      	ldr	r3, [pc, #16]	; (4000e0 <deregister_tm_clones+0x14>)
  4000d0:	4283      	cmp	r3, r0
  4000d2:	d002      	beq.n	4000da <deregister_tm_clones+0xe>
  4000d4:	4b03      	ldr	r3, [pc, #12]	; (4000e4 <deregister_tm_clones+0x18>)
  4000d6:	b103      	cbz	r3, 4000da <deregister_tm_clones+0xe>
  4000d8:	4718      	bx	r3
  4000da:	4770      	bx	lr
  4000dc:	00402800 	.word	0x00402800
  4000e0:	00402800 	.word	0x00402800
  4000e4:	00000000 	.word	0x00000000

004000e8 <register_tm_clones>:
  4000e8:	4805      	ldr	r0, [pc, #20]	; (400100 <register_tm_clones+0x18>)
  4000ea:	4906      	ldr	r1, [pc, #24]	; (400104 <register_tm_clones+0x1c>)
  4000ec:	1a0b      	subs	r3, r1, r0
  4000ee:	0fd9      	lsrs	r1, r3, #31
  4000f0:	eb01 01a3 	add.w	r1, r1, r3, asr #2
  4000f4:	1049      	asrs	r1, r1, #1
  4000f6:	d002      	beq.n	4000fe <register_tm_clones+0x16>
  4000f8:	4b03      	ldr	r3, [pc, #12]	; (400108 <register_tm_clones+0x20>)
  4000fa:	b103      	cbz	r3, 4000fe <register_tm_clones+0x16>
  4000fc:	4718      	bx	r3
  4000fe:	4770      	bx	lr
  400100:	00402800 	.word	0x00402800
  400104:	00402800 	.word	0x00402800
  400108:	00000000 	.word	0x00000000

0040010c <__do_global_dtors_aux>:
  40010c:	b510      	push	{r4, lr}
  40010e:	4c06      	ldr	r4, [pc, #24]	; (400128 <__do_global_dtors_aux+0x1c>)
  400110:	7823      	ldrb	r3, [r4, #0]
  400112:	b943      	cbnz	r3, 400126 <__do_global_dtors_aux+0x1a>
  400114:	f7ff ffda 	bl	4000cc <deregister_tm_clones>
  400118:	4b04      	ldr	r3, [pc, #16]	; (40012c <__do_global_dtors_aux+0x20>)
  40011a:	b113      	cbz	r3, 400122 <__do_global_dtors_aux+0x16>
  40011c:	4804      	ldr	r0, [pc, #16]	; (400130 <__do_global_dtors_aux+0x24>)
  40011e:	f3af 8000 	nop.w
  400122:	2301      	movs	r3, #1
  400124:	7023      	strb	r3, [r4, #0]
  400126:	bd10      	pop	{r4, pc}
  400128:	2000006c 	.word	0x2000006c
  40012c:	00000000 	.word	0x00000000
  400130:	00402800 	.word	0x00402800

00400134 <frame_dummy>:
  400134:	b508      	push	{r3, lr}
  400136:	4b04      	ldr	r3, [pc, #16]	; (400148 <frame_dummy+0x14>)
  400138:	b11b      	cbz	r3, 400142 <frame_dummy+0xe>
  40013a:	4904      	ldr	r1, [pc, #16]	; (40014c <frame_dummy+0x18>)
  40013c:	4804      	ldr	r0, [pc, #16]	; (400150 <frame_dummy+0x1c>)
  40013e:	f3af 8000 	nop.w
  400142:	e8bd 4008 	ldmia.w	sp!, {r3, lr}
  400146:	e7cf      	b.n	4000e8 <register_tm_clones>
  400148:	00000000 	.word	0x00000000
  40014c:	20000070 	.word	0x20000070
  400150:	00402800 	.word	0x00402800

00400154 <read_bytes>:
// text. getch() blocks until a real byte is received (confirmed from the
// SAM4S HAL: uart_read() itself spins until data is available, so unlike
// the old line-based my_read() there's no "0 means not ready yet" sentinel
// to guard against; every byte returned is genuine received data,
// including a legitimate 0x00).
void read_bytes(uint8_t *buf, int len){
  400154:	b5f8      	push	{r3, r4, r5, r6, r7, lr}
  for(int i = 0; i < len; i++){
    buf[i] = getch();
  400156:	4f05      	ldr	r7, [pc, #20]	; (40016c <read_bytes+0x18>)
void read_bytes(uint8_t *buf, int len){
  400158:	4606      	mov	r6, r0
  40015a:	460d      	mov	r5, r1
  for(int i = 0; i < len; i++){
  40015c:	2400      	movs	r4, #0
  40015e:	42ac      	cmp	r4, r5
  400160:	db00      	blt.n	400164 <read_bytes+0x10>
  }
}
  400162:	bdf8      	pop	{r3, r4, r5, r6, r7, pc}
    buf[i] = getch();
  400164:	47b8      	blx	r7
  400166:	5530      	strb	r0, [r6, r4]
  for(int i = 0; i < len; i++){
  400168:	3401      	adds	r4, #1
  40016a:	e7f8      	b.n	40015e <read_bytes+0xa>
  40016c:	0040078d 	.word	0x0040078d

00400170 <write_bytes>:

void write_bytes(const uint8_t *buf, int len){
  400170:	b5f8      	push	{r3, r4, r5, r6, r7, lr}
  for(int i = 0; i < len; i++){
    putch(buf[i]);
  400172:	4f05      	ldr	r7, [pc, #20]	; (400188 <write_bytes+0x18>)
void write_bytes(const uint8_t *buf, int len){
  400174:	4606      	mov	r6, r0
  400176:	460d      	mov	r5, r1
  for(int i = 0; i < len; i++){
  400178:	2400      	movs	r4, #0
  40017a:	42ac      	cmp	r4, r5
  40017c:	db00      	blt.n	400180 <write_bytes+0x10>
  }
}
  40017e:	bdf8      	pop	{r3, r4, r5, r6, r7, pc}
    putch(buf[i]);
  400180:	5d30      	ldrb	r0, [r6, r4]
  400182:	47b8      	blx	r7
  for(int i = 0; i < len; i++){
  400184:	3401      	adds	r4, #1
  400186:	e7f8      	b.n	40017a <write_bytes+0xa>
  400188:	00400771 	.word	0x00400771

0040018c <bytes_to_bits>:

// MSB-first: bit 7 of bytes_in[i] becomes bits_out[i*8], bit 0 becomes
// bits_out[i*8+7]. Must match bits_to_bytes()'s packing order exactly, and
// the Python controller's unpacking convention.
void bytes_to_bits(const uint8_t *bytes_in, int *bits_out, int nbytes){
  40018c:	b570      	push	{r4, r5, r6, lr}
  for(int i = 0; i < nbytes; i++){
  40018e:	2300      	movs	r3, #0
  400190:	4293      	cmp	r3, r2
  400192:	db00      	blt.n	400196 <bytes_to_bits+0xa>
    for(int b = 0; b < 8; b++){
      bits_out[i*8 + b] = (bytes_in[i] >> (7 - b)) & 1;
    }
  }
}
  400194:	bd70      	pop	{r4, r5, r6, pc}
  400196:	eb01 1643 	add.w	r6, r1, r3, lsl #5
  for(int i = 0; i < nbytes; i++){
  40019a:	2507      	movs	r5, #7
      bits_out[i*8 + b] = (bytes_in[i] >> (7 - b)) & 1;
  40019c:	5cc4      	ldrb	r4, [r0, r3]
  40019e:	412c      	asrs	r4, r5
  4001a0:	f004 0401 	and.w	r4, r4, #1
    for(int b = 0; b < 8; b++){
  4001a4:	3d01      	subs	r5, #1
      bits_out[i*8 + b] = (bytes_in[i] >> (7 - b)) & 1;
  4001a6:	f846 4b04 	str.w	r4, [r6], #4
    for(int b = 0; b < 8; b++){
  4001aa:	d2f7      	bcs.n	40019c <bytes_to_bits+0x10>
  for(int i = 0; i < nbytes; i++){
  4001ac:	3301      	adds	r3, #1
  4001ae:	e7ef      	b.n	400190 <bytes_to_bits+0x4>

004001b0 <bits_to_bytes>:

void bits_to_bytes(const int *bits_in, uint8_t *bytes_out, int nbytes){
  4001b0:	b570      	push	{r4, r5, r6, lr}
  for(int i = 0; i < nbytes; i++){
  4001b2:	2400      	movs	r4, #0
  4001b4:	4294      	cmp	r4, r2
  4001b6:	db00      	blt.n	4001ba <bits_to_bytes+0xa>
    for(int b = 0; b < 8; b++){
      byte = (byte << 1) | (bits_in[i*8 + b] & 1);
    }
    bytes_out[i] = byte;
  }
}
  4001b8:	bd70      	pop	{r4, r5, r6, pc}
    uint8_t byte = 0;
  4001ba:	2300      	movs	r3, #0
  4001bc:	f100 0620 	add.w	r6, r0, #32
      byte = (byte << 1) | (bits_in[i*8 + b] & 1);
  4001c0:	f850 5b04 	ldr.w	r5, [r0], #4
  4001c4:	f005 0501 	and.w	r5, r5, #1
  4001c8:	ea45 0343 	orr.w	r3, r5, r3, lsl #1
    for(int b = 0; b < 8; b++){
  4001cc:	42b0      	cmp	r0, r6
      byte = (byte << 1) | (bits_in[i*8 + b] & 1);
  4001ce:	b2db      	uxtb	r3, r3
    for(int b = 0; b < 8; b++){
  4001d0:	d1f6      	bne.n	4001c0 <bits_to_bytes+0x10>
    bytes_out[i] = byte;
  4001d2:	550b      	strb	r3, [r1, r4]
  for(int i = 0; i < nbytes; i++){
  4001d4:	3401      	adds	r4, #1
  4001d6:	e7ed      	b.n	4001b4 <bits_to_bytes+0x4>

004001d8 <conj_array>:
  }
}


void conj_array(float complex *arr, int N){
  for(int i = 0; i < N; i++){
  4001d8:	3004      	adds	r0, #4
  4001da:	2300      	movs	r3, #0
  4001dc:	428b      	cmp	r3, r1
  4001de:	f100 0008 	add.w	r0, r0, #8
  4001e2:	db00      	blt.n	4001e6 <conj_array+0xe>
    arr[i] = conj(arr[i]);
  }
}
  4001e4:	4770      	bx	lr
    arr[i] = conj(arr[i]);
  4001e6:	f850 2c08 	ldr.w	r2, [r0, #-8]
  4001ea:	f102 4200 	add.w	r2, r2, #2147483648	; 0x80000000
  4001ee:	f840 2c08 	str.w	r2, [r0, #-8]
  for(int i = 0; i < N; i++){
  4001f2:	3301      	adds	r3, #1
  4001f4:	e7f2      	b.n	4001dc <conj_array+0x4>

004001f6 <reverse_bit>:


int reverse_bit(int num, int s) {
    int res = 0;
    for (int i = 0; i < s; i++) {
  4001f6:	2300      	movs	r3, #0
int reverse_bit(int num, int s) {
  4001f8:	b570      	push	{r4, r5, r6, lr}
  4001fa:	4602      	mov	r2, r0
        if (num & (1 << i))
            res |= 1 << (s - 1 - i);
  4001fc:	1e4d      	subs	r5, r1, #1
    int res = 0;
  4001fe:	4618      	mov	r0, r3
            res |= 1 << (s - 1 - i);
  400200:	2601      	movs	r6, #1
    for (int i = 0; i < s; i++) {
  400202:	428b      	cmp	r3, r1
  400204:	db00      	blt.n	400208 <reverse_bit+0x12>
    }
    return res;
}
  400206:	bd70      	pop	{r4, r5, r6, pc}
        if (num & (1 << i))
  400208:	fa42 f403 	asr.w	r4, r2, r3
  40020c:	07e4      	lsls	r4, r4, #31
            res |= 1 << (s - 1 - i);
  40020e:	bf42      	ittt	mi
  400210:	1aec      	submi	r4, r5, r3
  400212:	fa06 f404 	lslmi.w	r4, r6, r4
  400216:	4320      	orrmi	r0, r4
    for (int i = 0; i < s; i++) {
  400218:	3301      	adds	r3, #1
  40021a:	e7f2      	b.n	400202 <reverse_bit+0xc>

0040021c <reverse_array>:

void reverse_array(float complex *X, int N, int s){
  40021c:	e92d 43f8 	stmdb	sp!, {r3, r4, r5, r6, r7, r8, r9, lr}
    for(int i = 0; i < N; i ++){
        int rb = reverse_bit(i,s);
  400220:	4f11      	ldr	r7, [pc, #68]	; (400268 <reverse_array+0x4c>)
void reverse_array(float complex *X, int N, int s){
  400222:	460e      	mov	r6, r1
  400224:	4605      	mov	r5, r0
  400226:	4611      	mov	r1, r2
    for(int i = 0; i < N; i ++){
  400228:	2400      	movs	r4, #0
  40022a:	42b4      	cmp	r4, r6
  40022c:	db01      	blt.n	400232 <reverse_array+0x16>
          float complex tmp = X[i];
            X[i] = X[rb];
            X[rb] = tmp;
        }
    }
}
  40022e:	e8bd 83f8 	ldmia.w	sp!, {r3, r4, r5, r6, r7, r8, r9, pc}
        int rb = reverse_bit(i,s);
  400232:	4620      	mov	r0, r4
  400234:	47b8      	blx	r7
        if(i < rb){
  400236:	4284      	cmp	r4, r0
  400238:	da13      	bge.n	400262 <reverse_array+0x46>
          float complex tmp = X[i];
  40023a:	eb05 02c4 	add.w	r2, r5, r4, lsl #3
            X[i] = X[rb];
  40023e:	eb05 03c0 	add.w	r3, r5, r0, lsl #3
          float complex tmp = X[i];
  400242:	f855 e034 	ldr.w	lr, [r5, r4, lsl #3]
  400246:	f8d2 c004 	ldr.w	ip, [r2, #4]
            X[i] = X[rb];
  40024a:	f855 9030 	ldr.w	r9, [r5, r0, lsl #3]
  40024e:	f8d3 8004 	ldr.w	r8, [r3, #4]
  400252:	f845 9034 	str.w	r9, [r5, r4, lsl #3]
  400256:	f8c2 8004 	str.w	r8, [r2, #4]
            X[rb] = tmp;
  40025a:	f845 e030 	str.w	lr, [r5, r0, lsl #3]
  40025e:	f8c3 c004 	str.w	ip, [r3, #4]
    for(int i = 0; i < N; i ++){
  400262:	3401      	adds	r4, #1
  400264:	e7e1      	b.n	40022a <reverse_array+0xe>
  400266:	bf00      	nop
  400268:	004001f7 	.word	0x004001f7
  40026c:	00000000 	.word	0x00000000

00400270 <DIT_FFT>:
// compute time between traces -- worse, it delays the target getting back
// to read_bytes() for the *next* key long enough that a host write can land
// before the target is listening again, desyncing the UART (single holding
// register, no FIFO). Callers that need a correct FFT result (the full
// hash's key/seed FFTs, and DIT_IFFT) must pass 0 here.
void DIT_FFT(float complex *X, int N, int trigger, int stop_after_stage1){
  400270:	e92d 4ff0 	stmdb	sp!, {r4, r5, r6, r7, r8, r9, sl, fp, lr}
  400274:	b08d      	sub	sp, #52	; 0x34
  400276:	4605      	mov	r5, r0
  400278:	9202      	str	r2, [sp, #8]
  40027a:	9308      	str	r3, [sp, #32]

    //int collected = 0;

    int s = round(log2(N));
  40027c:	4608      	mov	r0, r1
  40027e:	4b48      	ldr	r3, [pc, #288]	; (4003a0 <DIT_FFT+0x130>)
  400280:	4c48      	ldr	r4, [pc, #288]	; (4003a4 <DIT_FFT+0x134>)
void DIT_FFT(float complex *X, int N, int trigger, int stop_after_stage1){
  400282:	4688      	mov	r8, r1
    int s = round(log2(N));
  400284:	4798      	blx	r3
  400286:	4b48      	ldr	r3, [pc, #288]	; (4003a8 <DIT_FFT+0x138>)
  400288:	4798      	blx	r3
  40028a:	a343      	add	r3, pc, #268	; (adr r3, 400398 <DIT_FFT+0x128>)
  40028c:	e9d3 2300 	ldrd	r2, r3, [r3]
  400290:	47a0      	blx	r4
  400292:	4b46      	ldr	r3, [pc, #280]	; (4003ac <DIT_FFT+0x13c>)
  400294:	4798      	blx	r3
  400296:	4b46      	ldr	r3, [pc, #280]	; (4003b0 <DIT_FFT+0x140>)
  400298:	4798      	blx	r3
    reverse_array(X,N,s);
  40029a:	4b46      	ldr	r3, [pc, #280]	; (4003b4 <DIT_FFT+0x144>)
    int s = round(log2(N));
  40029c:	9003      	str	r0, [sp, #12]
    reverse_array(X,N,s);
  40029e:	4602      	mov	r2, r0
  4002a0:	4641      	mov	r1, r8
  4002a2:	4628      	mov	r0, r5
  4002a4:	4798      	blx	r3
    if(trigger){
  4002a6:	9b02      	ldr	r3, [sp, #8]
  4002a8:	b10b      	cbz	r3, 4002ae <DIT_FFT+0x3e>
      trigger_high();
  4002aa:	4b43      	ldr	r3, [pc, #268]	; (4003b8 <DIT_FFT+0x148>)
  4002ac:	4798      	blx	r3
        // hash at larger N -- easily seconds of wasted time for what's
        // always just an integer power of two.
        int half_span = 1 << (stage - 1);
        int span = 1 << stage;
        int table_stride = N >> stage;  // N/span
        int p = 0;
  4002ae:	2601      	movs	r6, #1
    for(int stage=1; stage <= s; stage++){
  4002b0:	9b03      	ldr	r3, [sp, #12]
  4002b2:	429e      	cmp	r6, r3
  4002b4:	dd02      	ble.n	4002bc <DIT_FFT+0x4c>
              trigger_low();
            }
            break;
        }
    }
}
  4002b6:	b00d      	add	sp, #52	; 0x34
  4002b8:	e8bd 8ff0 	ldmia.w	sp!, {r4, r5, r6, r7, r8, r9, sl, fp, pc}
        int half_span = 1 << (stage - 1);
  4002bc:	2301      	movs	r3, #1
  4002be:	1e72      	subs	r2, r6, #1
  4002c0:	fa03 fa02 	lsl.w	sl, r3, r2
        int span = 1 << stage;
  4002c4:	40b3      	lsls	r3, r6
  4002c6:	9304      	str	r3, [sp, #16]
        int n = 0;
  4002c8:	f04f 0900 	mov.w	r9, #0
        int table_stride = N >> stage;  // N/span
  4002cc:	fa48 f306 	asr.w	r3, r8, r6
  4002d0:	9307      	str	r3, [sp, #28]
        int half_span = 1 << (stage - 1);
  4002d2:	4654      	mov	r4, sl
        int p = 0;
  4002d4:	464f      	mov	r7, r9
        while (n <= half_span - 1 && q <= N)
  4002d6:	45d1      	cmp	r9, sl
  4002d8:	da01      	bge.n	4002de <DIT_FFT+0x6e>
  4002da:	4544      	cmp	r4, r8
  4002dc:	dd0c      	ble.n	4002f8 <DIT_FFT+0x88>
        if (stage == 1 && stop_after_stage1){
  4002de:	2e01      	cmp	r6, #1
  4002e0:	d158      	bne.n	400394 <DIT_FFT+0x124>
  4002e2:	9b08      	ldr	r3, [sp, #32]
  4002e4:	2b00      	cmp	r3, #0
  4002e6:	d055      	beq.n	400394 <DIT_FFT+0x124>
            if (trigger){
  4002e8:	9b02      	ldr	r3, [sp, #8]
  4002ea:	2b00      	cmp	r3, #0
  4002ec:	d0e3      	beq.n	4002b6 <DIT_FFT+0x46>
              trigger_low();
  4002ee:	4b33      	ldr	r3, [pc, #204]	; (4003bc <DIT_FFT+0x14c>)
}
  4002f0:	b00d      	add	sp, #52	; 0x34
  4002f2:	e8bd 4ff0 	ldmia.w	sp!, {r4, r5, r6, r7, r8, r9, sl, fp, lr}
              trigger_low();
  4002f6:	4718      	bx	r3
            if (stage == 2 && trigger){
  4002f8:	2e02      	cmp	r6, #2
  4002fa:	d103      	bne.n	400304 <DIT_FFT+0x94>
  4002fc:	9b02      	ldr	r3, [sp, #8]
  4002fe:	b10b      	cbz	r3, 400304 <DIT_FFT+0x94>
              trigger_low();
  400300:	4b2e      	ldr	r3, [pc, #184]	; (4003bc <DIT_FFT+0x14c>)
  400302:	4798      	blx	r3
            float complex w = twiddle_table[n * table_stride];
  400304:	9b07      	ldr	r3, [sp, #28]
            z *= w;
  400306:	482e      	ldr	r0, [pc, #184]	; (4003c0 <DIT_FFT+0x150>)
  400308:	f8df c0b8 	ldr.w	ip, [pc, #184]	; 4003c4 <DIT_FFT+0x154>
  40030c:	f855 b037 	ldr.w	fp, [r5, r7, lsl #3]
            float complex w = twiddle_table[n * table_stride];
  400310:	fb03 f109 	mul.w	r1, r3, r9
            float complex y = X[p];
  400314:	eb05 03c7 	add.w	r3, r5, r7, lsl #3
            z *= w;
  400318:	eb00 02c1 	add.w	r2, r0, r1, lsl #3
  40031c:	685b      	ldr	r3, [r3, #4]
  40031e:	9306      	str	r3, [sp, #24]
  400320:	eb05 03c4 	add.w	r3, r5, r4, lsl #3
  400324:	f850 1031 	ldr.w	r1, [r0, r1, lsl #3]
  400328:	685b      	ldr	r3, [r3, #4]
  40032a:	6852      	ldr	r2, [r2, #4]
  40032c:	9300      	str	r3, [sp, #0]
  40032e:	a80a      	add	r0, sp, #40	; 0x28
  400330:	f855 3034 	ldr.w	r3, [r5, r4, lsl #3]
  400334:	47e0      	blx	ip
  400336:	9b0a      	ldr	r3, [sp, #40]	; 0x28
  400338:	9a0b      	ldr	r2, [sp, #44]	; 0x2c
            X[p] = y+z;
  40033a:	9309      	str	r3, [sp, #36]	; 0x24
  40033c:	4618      	mov	r0, r3
            z *= w;
  40033e:	9205      	str	r2, [sp, #20]
            X[p] = y+z;
  400340:	4659      	mov	r1, fp
  400342:	4a21      	ldr	r2, [pc, #132]	; (4003c8 <DIT_FFT+0x158>)
  400344:	4790      	blx	r2
  400346:	9905      	ldr	r1, [sp, #20]
  400348:	f845 0037 	str.w	r0, [r5, r7, lsl #3]
  40034c:	4a1e      	ldr	r2, [pc, #120]	; (4003c8 <DIT_FFT+0x158>)
  40034e:	9806      	ldr	r0, [sp, #24]
  400350:	4790      	blx	r2
  400352:	eb05 03c7 	add.w	r3, r5, r7, lsl #3
            X[q] = y-z;
  400356:	4a1d      	ldr	r2, [pc, #116]	; (4003cc <DIT_FFT+0x15c>)
            X[p] = y+z;
  400358:	6058      	str	r0, [r3, #4]
            X[q] = y-z;
  40035a:	9b09      	ldr	r3, [sp, #36]	; 0x24
  40035c:	4658      	mov	r0, fp
  40035e:	4619      	mov	r1, r3
  400360:	4790      	blx	r2
  400362:	4a1a      	ldr	r2, [pc, #104]	; (4003cc <DIT_FFT+0x15c>)
  400364:	f845 0034 	str.w	r0, [r5, r4, lsl #3]
  400368:	9905      	ldr	r1, [sp, #20]
  40036a:	9806      	ldr	r0, [sp, #24]
  40036c:	4790      	blx	r2
  40036e:	eb05 03c4 	add.w	r3, r5, r4, lsl #3
            if(q % span == 0){
  400372:	9a04      	ldr	r2, [sp, #16]
            X[q] = y-z;
  400374:	6058      	str	r0, [r3, #4]
            q++;
  400376:	3401      	adds	r4, #1
            if(q % span == 0){
  400378:	9b04      	ldr	r3, [sp, #16]
  40037a:	fb94 f3f3 	sdiv	r3, r4, r3
  40037e:	fb02 4313 	mls	r3, r2, r3, r4
            p++;
  400382:	3701      	adds	r7, #1
            if(q % span == 0){
  400384:	b11b      	cbz	r3, 40038e <DIT_FFT+0x11e>
            n++;
  400386:	f109 0301 	add.w	r3, r9, #1
void DIT_FFT(float complex *X, int N, int trigger, int stop_after_stage1){
  40038a:	4699      	mov	r9, r3
  40038c:	e7a3      	b.n	4002d6 <DIT_FFT+0x66>
                p = p + half_span;
  40038e:	4457      	add	r7, sl
                q = q + half_span;
  400390:	4454      	add	r4, sl
                n=0;
  400392:	e7fa      	b.n	40038a <DIT_FFT+0x11a>
    for(int stage=1; stage <= s; stage++){
  400394:	3601      	adds	r6, #1
  400396:	e78b      	b.n	4002b0 <DIT_FFT+0x40>
  400398:	fefa39ef 	.word	0xfefa39ef
  40039c:	3fe62e42 	.word	0x3fe62e42
  4003a0:	00401431 	.word	0x00401431
  4003a4:	00401759 	.word	0x00401759
  4003a8:	00400d0d 	.word	0x00400d0d
  4003ac:	00400c79 	.word	0x00400c79
  4003b0:	00401a65 	.word	0x00401a65
  4003b4:	0040021d 	.word	0x0040021d
  4003b8:	004007f1 	.word	0x004007f1
  4003bc:	004007d1 	.word	0x004007d1
  4003c0:	004025dc 	.word	0x004025dc
  4003c4:	00401f71 	.word	0x00401f71
  4003c8:	00401ac1 	.word	0x00401ac1
  4003cc:	00401abd 	.word	0x00401abd

004003d0 <DIT_IFFT>:

void DIT_IFFT(float complex *X, int N){
  4003d0:	e92d 47f0 	stmdb	sp!, {r4, r5, r6, r7, r8, r9, sl, lr}
    conj_array(X, N);
  4003d4:	4e14      	ldr	r6, [pc, #80]	; (400428 <DIT_IFFT+0x58>)
    DIT_FFT(X,N,0,0);
  4003d6:	4f15      	ldr	r7, [pc, #84]	; (40042c <DIT_IFFT+0x5c>)
    conj_array(X,N);

    for(int i = 0; i < N; i++){
      X[i] = X[i]/N;
  4003d8:	f8df a054 	ldr.w	sl, [pc, #84]	; 400430 <DIT_IFFT+0x60>
  4003dc:	f8df 9054 	ldr.w	r9, [pc, #84]	; 400434 <DIT_IFFT+0x64>
void DIT_IFFT(float complex *X, int N){
  4003e0:	4604      	mov	r4, r0
    conj_array(X, N);
  4003e2:	47b0      	blx	r6
    DIT_FFT(X,N,0,0);
  4003e4:	2300      	movs	r3, #0
void DIT_IFFT(float complex *X, int N){
  4003e6:	460d      	mov	r5, r1
    DIT_FFT(X,N,0,0);
  4003e8:	461a      	mov	r2, r3
  4003ea:	4620      	mov	r0, r4
  4003ec:	47b8      	blx	r7
    conj_array(X,N);
  4003ee:	4629      	mov	r1, r5
  4003f0:	4620      	mov	r0, r4
  4003f2:	47b0      	blx	r6
    for(int i = 0; i < N; i++){
  4003f4:	2700      	movs	r7, #0
  4003f6:	42af      	cmp	r7, r5
  4003f8:	f104 0408 	add.w	r4, r4, #8
  4003fc:	db01      	blt.n	400402 <DIT_IFFT+0x32>
    }
}
  4003fe:	e8bd 87f0 	ldmia.w	sp!, {r4, r5, r6, r7, r8, r9, sl, pc}
      X[i] = X[i]/N;
  400402:	4628      	mov	r0, r5
  400404:	47d0      	blx	sl
  400406:	4601      	mov	r1, r0
  400408:	4606      	mov	r6, r0
  40040a:	f854 0c04 	ldr.w	r0, [r4, #-4]
  40040e:	47c8      	blx	r9
  400410:	4631      	mov	r1, r6
  400412:	4680      	mov	r8, r0
  400414:	f854 0c08 	ldr.w	r0, [r4, #-8]
  400418:	47c8      	blx	r9
    for(int i = 0; i < N; i++){
  40041a:	3701      	adds	r7, #1
      X[i] = X[i]/N;
  40041c:	f844 0c08 	str.w	r0, [r4, #-8]
  400420:	f844 8c04 	str.w	r8, [r4, #-4]
    for(int i = 0; i < N; i++){
  400424:	e7e7      	b.n	4003f6 <DIT_IFFT+0x26>
  400426:	bf00      	nop
  400428:	004001d9 	.word	0x004001d9
  40042c:	00400271 	.word	0x00400271
  400430:	00401c29 	.word	0x00401c29
  400434:	00401e39 	.word	0x00401e39

00400438 <Toeplitz_hash_fft_seeded>:
// spec, a random seed of the same length as the key is FFT'd and pointwise
// multiplied with the key's FFT (circular convolution of key and seed),
// then IFFT'd and reduced mod 2. Only the key's FFT is triggered so power
// traces capture leakage from the key-dependent NTT butterfly and nothing
// else.
void Toeplitz_hash_fft_seeded(int *input_key, int *seed, int *output_key, int N){
  400438:	e92d 4ff0 	stmdb	sp!, {r4, r5, r6, r7, r8, r9, sl, fp, lr}
  40043c:	b089      	sub	sp, #36	; 0x24
  40043e:	4d37      	ldr	r5, [pc, #220]	; (40051c <Toeplitz_hash_fft_seeded+0xe4>)
  400440:	4e37      	ldr	r6, [pc, #220]	; (400520 <Toeplitz_hash_fft_seeded+0xe8>)
    // re-zeroing between calls is harmless.
    static float complex key_fft[ROWBITS];
    static float complex seed_fft[ROWBITS];

    for(int i = 0; i < N; i++){
      key_fft[i]  = input_key[i] + 0*I;
  400442:	f8df a0e0 	ldr.w	sl, [pc, #224]	; 400524 <Toeplitz_hash_fft_seeded+0xec>
  400446:	f8df b0e0 	ldr.w	fp, [pc, #224]	; 400528 <Toeplitz_hash_fft_seeded+0xf0>
void Toeplitz_hash_fft_seeded(int *input_key, int *seed, int *output_key, int N){
  40044a:	9204      	str	r2, [sp, #16]
  40044c:	e9cd 0102 	strd	r0, r1, [sp, #8]
  400450:	461c      	mov	r4, r3
    for(int i = 0; i < N; i++){
  400452:	46a8      	mov	r8, r5
  400454:	4633      	mov	r3, r6
  400456:	2700      	movs	r7, #0
      key_fft[i]  = input_key[i] + 0*I;
  400458:	f04f 0900 	mov.w	r9, #0
    for(int i = 0; i < N; i++){
  40045c:	42a7      	cmp	r7, r4
  40045e:	f108 0808 	add.w	r8, r8, #8
  400462:	f103 0308 	add.w	r3, r3, #8
  400466:	db21      	blt.n	4004ac <Toeplitz_hash_fft_seeded+0x74>
      seed_fft[i] = seed[i] + 0*I;
    }

    DIT_FFT(key_fft, N, 1, 0);   // triggered: key NTT
  400468:	4f30      	ldr	r7, [pc, #192]	; (40052c <Toeplitz_hash_fft_seeded+0xf4>)
  40046a:	482c      	ldr	r0, [pc, #176]	; (40051c <Toeplitz_hash_fft_seeded+0xe4>)
    DIT_FFT(seed_fft, N, 0, 0);  // untriggered: seed NTT

    for(int i = 0; i < N; i++){
      key_fft[i] = key_fft[i] * seed_fft[i];
  40046c:	f8df 80c0 	ldr.w	r8, [pc, #192]	; 400530 <Toeplitz_hash_fft_seeded+0xf8>
    DIT_FFT(key_fft, N, 1, 0);   // triggered: key NTT
  400470:	2300      	movs	r3, #0
  400472:	2201      	movs	r2, #1
  400474:	4621      	mov	r1, r4
  400476:	47b8      	blx	r7
    DIT_FFT(seed_fft, N, 0, 0);  // untriggered: seed NTT
  400478:	2300      	movs	r3, #0
  40047a:	4829      	ldr	r0, [pc, #164]	; (400520 <Toeplitz_hash_fft_seeded+0xe8>)
  40047c:	461a      	mov	r2, r3
  40047e:	4621      	mov	r1, r4
  400480:	47b8      	blx	r7
    for(int i = 0; i < N; i++){
  400482:	2700      	movs	r7, #0
  400484:	42a7      	cmp	r7, r4
  400486:	f105 0508 	add.w	r5, r5, #8
  40048a:	f106 0608 	add.w	r6, r6, #8
  40048e:	db25      	blt.n	4004dc <Toeplitz_hash_fft_seeded+0xa4>
    }

    DIT_IFFT(key_fft, N);     // untriggered
  400490:	4822      	ldr	r0, [pc, #136]	; (40051c <Toeplitz_hash_fft_seeded+0xe4>)
  400492:	4b28      	ldr	r3, [pc, #160]	; (400534 <Toeplitz_hash_fft_seeded+0xfc>)

    for(int i = 0; i < N; i++){
      int bit_rounded = round(creal(key_fft[i]));
  400494:	f8df 80a0 	ldr.w	r8, [pc, #160]	; 400538 <Toeplitz_hash_fft_seeded+0x100>
  400498:	4d28      	ldr	r5, [pc, #160]	; (40053c <Toeplitz_hash_fft_seeded+0x104>)
  40049a:	4e29      	ldr	r6, [pc, #164]	; (400540 <Toeplitz_hash_fft_seeded+0x108>)
    DIT_IFFT(key_fft, N);     // untriggered
  40049c:	4621      	mov	r1, r4
  40049e:	4798      	blx	r3
    for(int i = 0; i < N; i++){
  4004a0:	2700      	movs	r7, #0
  4004a2:	42a7      	cmp	r7, r4
  4004a4:	db2d      	blt.n	400502 <Toeplitz_hash_fft_seeded+0xca>
      output_key[i] = ((bit_rounded % 2) + 2) % 2;
    }
}
  4004a6:	b009      	add	sp, #36	; 0x24
  4004a8:	e8bd 8ff0 	ldmia.w	sp!, {r4, r5, r6, r7, r8, r9, sl, fp, pc}
  4004ac:	9305      	str	r3, [sp, #20]
      key_fft[i]  = input_key[i] + 0*I;
  4004ae:	9b02      	ldr	r3, [sp, #8]
  4004b0:	f853 0027 	ldr.w	r0, [r3, r7, lsl #2]
  4004b4:	47d0      	blx	sl
  4004b6:	4649      	mov	r1, r9
  4004b8:	47d8      	blx	fp
      seed_fft[i] = seed[i] + 0*I;
  4004ba:	9b03      	ldr	r3, [sp, #12]
      key_fft[i]  = input_key[i] + 0*I;
  4004bc:	f848 0c08 	str.w	r0, [r8, #-8]
  4004c0:	f848 9c04 	str.w	r9, [r8, #-4]
      seed_fft[i] = seed[i] + 0*I;
  4004c4:	f853 0027 	ldr.w	r0, [r3, r7, lsl #2]
  4004c8:	47d0      	blx	sl
  4004ca:	2100      	movs	r1, #0
  4004cc:	47d8      	blx	fp
  4004ce:	9b05      	ldr	r3, [sp, #20]
    for(int i = 0; i < N; i++){
  4004d0:	3701      	adds	r7, #1
      seed_fft[i] = seed[i] + 0*I;
  4004d2:	f843 0c08 	str.w	r0, [r3, #-8]
  4004d6:	f843 9c04 	str.w	r9, [r3, #-4]
    for(int i = 0; i < N; i++){
  4004da:	e7bf      	b.n	40045c <Toeplitz_hash_fft_seeded+0x24>
      key_fft[i] = key_fft[i] * seed_fft[i];
  4004dc:	f856 3c04 	ldr.w	r3, [r6, #-4]
  4004e0:	9300      	str	r3, [sp, #0]
  4004e2:	f856 3c08 	ldr.w	r3, [r6, #-8]
  4004e6:	f855 2c04 	ldr.w	r2, [r5, #-4]
  4004ea:	f855 1c08 	ldr.w	r1, [r5, #-8]
  4004ee:	a806      	add	r0, sp, #24
  4004f0:	47c0      	blx	r8
  4004f2:	9b06      	ldr	r3, [sp, #24]
  4004f4:	f845 3c08 	str.w	r3, [r5, #-8]
  4004f8:	9b07      	ldr	r3, [sp, #28]
  4004fa:	f845 3c04 	str.w	r3, [r5, #-4]
    for(int i = 0; i < N; i++){
  4004fe:	3701      	adds	r7, #1
  400500:	e7c0      	b.n	400484 <Toeplitz_hash_fft_seeded+0x4c>
      int bit_rounded = round(creal(key_fft[i]));
  400502:	4b06      	ldr	r3, [pc, #24]	; (40051c <Toeplitz_hash_fft_seeded+0xe4>)
  400504:	f853 0037 	ldr.w	r0, [r3, r7, lsl #3]
  400508:	47c0      	blx	r8
  40050a:	47a8      	blx	r5
  40050c:	47b0      	blx	r6
      output_key[i] = ((bit_rounded % 2) + 2) % 2;
  40050e:	9b04      	ldr	r3, [sp, #16]
  400510:	f000 0001 	and.w	r0, r0, #1
  400514:	f843 0027 	str.w	r0, [r3, r7, lsl #2]
    for(int i = 0; i < N; i++){
  400518:	3701      	adds	r7, #1
  40051a:	e7c2      	b.n	4004a2 <Toeplitz_hash_fft_seeded+0x6a>
  40051c:	20000298 	.word	0x20000298
  400520:	20000ab8 	.word	0x20000ab8
  400524:	00401c29 	.word	0x00401c29
  400528:	00401ac1 	.word	0x00401ac1
  40052c:	00400271 	.word	0x00400271
  400530:	00401f71 	.word	0x00401f71
  400534:	004003d1 	.word	0x004003d1
  400538:	00401455 	.word	0x00401455
  40053c:	00400c79 	.word	0x00400c79
  400540:	00401a65 	.word	0x00401a65

00400544 <main>:

//////////////////////////
/// END FFT STUFF ////////

int main(void)
{
  400544:	b580      	push	{r7, lr}
    platform_init();
  400546:	4b17      	ldr	r3, [pc, #92]	; (4005a4 <main+0x60>)
    static uint8_t output_bytes[ROWLEN];
    static int seed_bits[ROWBITS];
    static int output_bits[ROWBITS];

    while(1){
      read_bytes(input_key_bytes, ROWLEN);
  400548:	4e17      	ldr	r6, [pc, #92]	; (4005a8 <main+0x64>)
      write_bytes(input_key_bytes, ROWLEN);  // echo, so the host can detect a UART desync
      bytes_to_bits(input_key_bytes, input_key_bits, ROWLEN);

      read_bytes(seed_bytes, ROWLEN);
  40054a:	4d18      	ldr	r5, [pc, #96]	; (4005ac <main+0x68>)
    platform_init();
  40054c:	4798      	blx	r3
    init_uart();
  40054e:	4b18      	ldr	r3, [pc, #96]	; (4005b0 <main+0x6c>)
  400550:	4798      	blx	r3
    trigger_setup();
  400552:	4b18      	ldr	r3, [pc, #96]	; (4005b4 <main+0x70>)
  400554:	4798      	blx	r3
      read_bytes(input_key_bytes, ROWLEN);
  400556:	f8df 8060 	ldr.w	r8, [pc, #96]	; 4005b8 <main+0x74>
      write_bytes(input_key_bytes, ROWLEN);  // echo, so the host can detect a UART desync
  40055a:	4c18      	ldr	r4, [pc, #96]	; (4005bc <main+0x78>)
      bytes_to_bits(input_key_bytes, input_key_bits, ROWLEN);
  40055c:	4f18      	ldr	r7, [pc, #96]	; (4005c0 <main+0x7c>)
      read_bytes(input_key_bytes, ROWLEN);
  40055e:	4630      	mov	r0, r6
  400560:	2110      	movs	r1, #16
  400562:	47c0      	blx	r8
      write_bytes(input_key_bytes, ROWLEN);  // echo, so the host can detect a UART desync
  400564:	4630      	mov	r0, r6
  400566:	2110      	movs	r1, #16
  400568:	47a0      	blx	r4
      bytes_to_bits(input_key_bytes, input_key_bits, ROWLEN);
  40056a:	2210      	movs	r2, #16
  40056c:	4630      	mov	r0, r6
  40056e:	4915      	ldr	r1, [pc, #84]	; (4005c4 <main+0x80>)
  400570:	47b8      	blx	r7
      read_bytes(seed_bytes, ROWLEN);
  400572:	4611      	mov	r1, r2
  400574:	4628      	mov	r0, r5
  400576:	47c0      	blx	r8
      write_bytes(seed_bytes, ROWLEN);  // echo
  400578:	4628      	mov	r0, r5
  40057a:	2110      	movs	r1, #16
  40057c:	47a0      	blx	r4
      bytes_to_bits(seed_bytes, seed_bits, ROWLEN);
  40057e:	4912      	ldr	r1, [pc, #72]	; (4005c8 <main+0x84>)
  400580:	4628      	mov	r0, r5
  400582:	2210      	movs	r2, #16
  400584:	47b8      	blx	r7

      Toeplitz_hash_fft_seeded(input_key_bits, seed_bits, output_bits, ROWBITS);
  400586:	4a11      	ldr	r2, [pc, #68]	; (4005cc <main+0x88>)
  400588:	480e      	ldr	r0, [pc, #56]	; (4005c4 <main+0x80>)
  40058a:	4f11      	ldr	r7, [pc, #68]	; (4005d0 <main+0x8c>)
  40058c:	2380      	movs	r3, #128	; 0x80
  40058e:	47b8      	blx	r7

      bits_to_bytes(output_bits, output_bytes, ROWLEN);
  400590:	2210      	movs	r2, #16
  400592:	4910      	ldr	r1, [pc, #64]	; (4005d4 <main+0x90>)
  400594:	480d      	ldr	r0, [pc, #52]	; (4005cc <main+0x88>)
  400596:	4b10      	ldr	r3, [pc, #64]	; (4005d8 <main+0x94>)
  400598:	4798      	blx	r3
      write_bytes(output_bytes, ROWLEN);  // result
  40059a:	480e      	ldr	r0, [pc, #56]	; (4005d4 <main+0x90>)
  40059c:	4611      	mov	r1, r2
  40059e:	47a0      	blx	r4
    while(1){
  4005a0:	e7d9      	b.n	400556 <main+0x12>
  4005a2:	bf00      	nop
  4005a4:	00400675 	.word	0x00400675
  4005a8:	20000288 	.word	0x20000288
  4005ac:	20000aa8 	.word	0x20000aa8
  4005b0:	0040070d 	.word	0x0040070d
  4005b4:	004007b1 	.word	0x004007b1
  4005b8:	00400155 	.word	0x00400155
  4005bc:	00400171 	.word	0x00400171
  4005c0:	0040018d 	.word	0x0040018d
  4005c4:	20000088 	.word	0x20000088
  4005c8:	200008a8 	.word	0x200008a8
  4005cc:	20000698 	.word	0x20000698
  4005d0:	00400439 	.word	0x00400439
  4005d4:	20000898 	.word	0x20000898
  4005d8:	004001b1 	.word	0x004001b1

004005dc <Dummy_Handler>:
/**
 * \brief Default interrupt handler for unused IRQs.
 */
void Dummy_Handler(void)
{
	while (1) {
  4005dc:	e7fe      	b.n	4005dc <Dummy_Handler>
  4005de:	0000      	movs	r0, r0

004005e0 <Reset_Handler>:
	if (pSrc > pDest) {
  4005e0:	4919      	ldr	r1, [pc, #100]	; (400648 <Reset_Handler+0x68>)
  4005e2:	481a      	ldr	r0, [pc, #104]	; (40064c <Reset_Handler+0x6c>)
  4005e4:	4281      	cmp	r1, r0
{
  4005e6:	b510      	push	{r4, lr}
	if (pSrc > pDest) {
  4005e8:	d920      	bls.n	40062c <Reset_Handler+0x4c>
			*pDest++ = *pSrc++;
  4005ea:	4b19      	ldr	r3, [pc, #100]	; (400650 <Reset_Handler+0x70>)
  4005ec:	1cda      	adds	r2, r3, #3
  4005ee:	1a12      	subs	r2, r2, r0
  4005f0:	f022 0203 	bic.w	r2, r2, #3
  4005f4:	1ec4      	subs	r4, r0, #3
  4005f6:	42a3      	cmp	r3, r4
  4005f8:	bf38      	it	cc
  4005fa:	2200      	movcc	r2, #0
  4005fc:	4b15      	ldr	r3, [pc, #84]	; (400654 <Reset_Handler+0x74>)
  4005fe:	4798      	blx	r3

    No Operation does nothing. This instruction can be used for code alignment purposes.
 */
__attribute__( ( always_inline ) ) __STATIC_INLINE void __NOP(void)
{
  __ASM volatile ("nop");
  400600:	bf00      	nop
		*pDest++ = 0;
  400602:	4b15      	ldr	r3, [pc, #84]	; (400658 <Reset_Handler+0x78>)
  400604:	4815      	ldr	r0, [pc, #84]	; (40065c <Reset_Handler+0x7c>)
  400606:	1cda      	adds	r2, r3, #3
  400608:	1a12      	subs	r2, r2, r0
  40060a:	1ec1      	subs	r1, r0, #3
  40060c:	f022 0203 	bic.w	r2, r2, #3
  400610:	4299      	cmp	r1, r3
  400612:	bf88      	it	hi
  400614:	2200      	movhi	r2, #0
  400616:	4b12      	ldr	r3, [pc, #72]	; (400660 <Reset_Handler+0x80>)
  400618:	2100      	movs	r1, #0
  40061a:	4798      	blx	r3
	SCB->VTOR = ((uint32_t) pSrc);
  40061c:	4b11      	ldr	r3, [pc, #68]	; (400664 <Reset_Handler+0x84>)
  40061e:	4a12      	ldr	r2, [pc, #72]	; (400668 <Reset_Handler+0x88>)
  400620:	609a      	str	r2, [r3, #8]
	__libc_init_array();
  400622:	4b12      	ldr	r3, [pc, #72]	; (40066c <Reset_Handler+0x8c>)
  400624:	4798      	blx	r3
	main();
  400626:	4b12      	ldr	r3, [pc, #72]	; (400670 <Reset_Handler+0x90>)
  400628:	4798      	blx	r3
	while (1);
  40062a:	e7fe      	b.n	40062a <Reset_Handler+0x4a>
	} else if (pSrc < pDest) {
  40062c:	d2e8      	bcs.n	400600 <Reset_Handler+0x20>
		uint32_t nb_bytes = (uint32_t)&_erelocate - (uint32_t)&_srelocate;
  40062e:	4b08      	ldr	r3, [pc, #32]	; (400650 <Reset_Handler+0x70>)
		pSrc = (uint32_t*)((uint32_t)pSrc + nb_bytes) - 1;
  400630:	1f0a      	subs	r2, r1, #4
		uint32_t nb_bytes = (uint32_t)&_erelocate - (uint32_t)&_srelocate;
  400632:	1a18      	subs	r0, r3, r0
		pSrc = (uint32_t*)((uint32_t)pSrc + nb_bytes) - 1;
  400634:	4410      	add	r0, r2
		for (;nb_bytes;nb_bytes -= 4) {
  400636:	f1c1 0104 	rsb	r1, r1, #4
  40063a:	42c8      	cmn	r0, r1
  40063c:	d0e0      	beq.n	400600 <Reset_Handler+0x20>
			*pDest-- = *pSrc--;
  40063e:	f850 2904 	ldr.w	r2, [r0], #-4
  400642:	f843 2d04 	str.w	r2, [r3, #-4]!
		for (;nb_bytes;nb_bytes -= 4) {
  400646:	e7f8      	b.n	40063a <Reset_Handler+0x5a>
  400648:	00402800 	.word	0x00402800
  40064c:	20000000 	.word	0x20000000
  400650:	2000006c 	.word	0x2000006c
  400654:	00402405 	.word	0x00402405
  400658:	20000eb8 	.word	0x20000eb8
  40065c:	2000006c 	.word	0x2000006c
  400660:	00402539 	.word	0x00402539
  400664:	e000ed00 	.word	0xe000ed00
  400668:	00400000 	.word	0x00400000
  40066c:	004023bd 	.word	0x004023bd
  400670:	00400545 	.word	0x00400545

00400674 <platform_init>:
#include "sysclk.h"
#include "gpio.h"

void platform_init(void)
{
	WDT->WDT_MR = WDT_MR_WDDIS;
  400674:	4b18      	ldr	r3, [pc, #96]	; (4006d8 <platform_init+0x64>)
  400676:	f44f 4200 	mov.w	r2, #32768	; 0x8000
{
  40067a:	b570      	push	{r4, r5, r6, lr}
 *
 * \param ul_id Id (number) of the peripheral clock.
 */
static inline void sysclk_enable_peripheral_clock(uint32_t ul_id)
{
	pmc_enable_periph_clk(ul_id);
  40067c:	2000      	movs	r0, #0
	WDT->WDT_MR = WDT_MR_WDDIS;
  40067e:	655a      	str	r2, [r3, #84]	; 0x54
  400680:	4d16      	ldr	r5, [pc, #88]	; (4006dc <platform_init+0x68>)
    sysclk_enable_peripheral_clock(ID_SUPC);
    sysclk_enable_peripheral_clock(ID_RSTC);
    sysclk_enable_peripheral_clock(ID_PMC);
    pmc_set_writeprotect(0);
    system_init_flash(CHIP_FREQ_CPU_MAX);
  400682:	4c17      	ldr	r4, [pc, #92]	; (4006e0 <platform_init+0x6c>)
	case OSC_MAINCK_4M_RC:
	case OSC_MAINCK_8M_RC:
	case OSC_MAINCK_12M_RC:
	case OSC_MAINCK_XTAL:
	case OSC_MAINCK_BYPASS:
		return pmc_osc_is_ready_mainck();
  400684:	4e17      	ldr	r6, [pc, #92]	; (4006e4 <platform_init+0x70>)
  400686:	47a8      	blx	r5
  400688:	2001      	movs	r0, #1
  40068a:	47a8      	blx	r5
  40068c:	2005      	movs	r0, #5
  40068e:	47a8      	blx	r5
    pmc_set_writeprotect(0);
  400690:	4b15      	ldr	r3, [pc, #84]	; (4006e8 <platform_init+0x74>)
  400692:	2000      	movs	r0, #0
  400694:	4798      	blx	r3
    system_init_flash(CHIP_FREQ_CPU_MAX);
  400696:	4815      	ldr	r0, [pc, #84]	; (4006ec <platform_init+0x78>)
  400698:	47a0      	blx	r4
    pmc_switch_mck_to_sclk(SYSCLK_PRES_1);
  40069a:	4b15      	ldr	r3, [pc, #84]	; (4006f0 <platform_init+0x7c>)
  40069c:	2000      	movs	r0, #0
  40069e:	4798      	blx	r3
		pmc_switch_mainck_to_xtal(PMC_OSC_BYPASS,
  4006a0:	4b14      	ldr	r3, [pc, #80]	; (4006f4 <platform_init+0x80>)
  4006a2:	213e      	movs	r1, #62	; 0x3e
  4006a4:	2001      	movs	r0, #1
  4006a6:	4798      	blx	r3
		return pmc_osc_is_ready_mainck();
  4006a8:	47b0      	blx	r6
 *
 * \param id A number identifying the oscillator to wait for.
 */
static inline void osc_wait_ready(uint8_t id)
{
	while (!osc_is_ready(id)) {
  4006aa:	2800      	cmp	r0, #0
  4006ac:	d0fc      	beq.n	4006a8 <platform_init+0x34>
    osc_enable(OSC_MAINCK_BYPASS);
    osc_wait_ready(OSC_MAINCK_BYPASS);
    pmc_switch_mck_to_mainck(SYSCLK_PRES_1);
  4006ae:	4b12      	ldr	r3, [pc, #72]	; (4006f8 <platform_init+0x84>)
  4006b0:	2000      	movs	r0, #0
  4006b2:	4798      	blx	r3
    SystemCoreClockUpdate();
  4006b4:	4b11      	ldr	r3, [pc, #68]	; (4006fc <platform_init+0x88>)
  4006b6:	4798      	blx	r3
    system_init_flash(7.37E6);
  4006b8:	4811      	ldr	r0, [pc, #68]	; (400700 <platform_init+0x8c>)
  4006ba:	47a0      	blx	r4
    EFC0->EEFC_FMR &= ~(0b100 << 24); // disable code loop optimizations (causes trace desyncs)
  4006bc:	4a11      	ldr	r2, [pc, #68]	; (400704 <platform_init+0x90>)
  4006be:	6813      	ldr	r3, [r2, #0]
  4006c0:	f023 6380 	bic.w	r3, r3, #67108864	; 0x4000000
  4006c4:	6013      	str	r3, [r2, #0]
  4006c6:	200b      	movs	r0, #11
  4006c8:	47a8      	blx	r5
    //     gpio_configure_pin(PIO_PA16_IDX, PIO_OUTPUT_1 | PIO_DEFAULT);
    //     for (volatile uint32_t i = 0; i < 100000; i++) {
    //     }
    // }
    // gpio_configure_pin(PIO_PA10_IDX, PIO_PERIPH_A | PIO_DEFAULT);
}
  4006ca:	e8bd 4070 	ldmia.w	sp!, {r4, r5, r6, lr}
    gpio_configure_pin(PIO_PA15_IDX, PIO_OUTPUT_1 | PIO_DEFAULT);
  4006ce:	4b0e      	ldr	r3, [pc, #56]	; (400708 <platform_init+0x94>)
  4006d0:	f04f 5160 	mov.w	r1, #939524096	; 0x38000000
  4006d4:	200f      	movs	r0, #15
  4006d6:	4718      	bx	r3
  4006d8:	400e1400 	.word	0x400e1400
  4006dc:	00400c1d 	.word	0x00400c1d
  4006e0:	00400ad9 	.word	0x00400ad9
  4006e4:	00400c0d 	.word	0x00400c0d
  4006e8:	00400c5d 	.word	0x00400c5d
  4006ec:	07270e00 	.word	0x07270e00
  4006f0:	00400b3d 	.word	0x00400b3d
  4006f4:	00400bc1 	.word	0x00400bc1
  4006f8:	00400b7d 	.word	0x00400b7d
  4006fc:	00400a0d 	.word	0x00400a0d
  400700:	00707510 	.word	0x00707510
  400704:	400e0a00 	.word	0x400e0a00
  400708:	00400961 	.word	0x00400961

0040070c <init_uart>:

void init_uart(void)
{
  40070c:	b51f      	push	{r0, r1, r2, r3, r4, lr}
    #if SS_VER == SS_VER_2_1
        uopts.ul_baudrate = 230400;
    #else
        uopts.ul_baudrate = 38400;
    #endif
    uopts.ul_mck = 7.45E6; //overestimate clock a little to avoid large baud error from calc rounding down, 38400/7.37E6 results in baud of 41k, not 38400
  40070e:	4b10      	ldr	r3, [pc, #64]	; (400750 <init_uart+0x44>)
    uopts.ul_mode = (0x00 << 14) | (0x04 << 9);

    sysclk_enable_peripheral_clock(ID_UART0);


    uart_init(UART0, &uopts);
  400710:	4c10      	ldr	r4, [pc, #64]	; (400754 <init_uart+0x48>)
    uopts.ul_mck = 7.45E6; //overestimate clock a little to avoid large baud error from calc rounding down, 38400/7.37E6 results in baud of 41k, not 38400
  400712:	f44f 4216 	mov.w	r2, #38400	; 0x9600
  400716:	e9cd 3201 	strd	r3, r2, [sp, #4]
    uopts.ul_mode = (0x00 << 14) | (0x04 << 9);
  40071a:	f44f 6300 	mov.w	r3, #2048	; 0x800
  40071e:	9303      	str	r3, [sp, #12]
  400720:	2008      	movs	r0, #8
  400722:	4b0d      	ldr	r3, [pc, #52]	; (400758 <init_uart+0x4c>)
  400724:	4798      	blx	r3
    uart_init(UART0, &uopts);
  400726:	a901      	add	r1, sp, #4
  400728:	4b0c      	ldr	r3, [pc, #48]	; (40075c <init_uart+0x50>)
  40072a:	4620      	mov	r0, r4
  40072c:	4798      	blx	r3
    uart_enable_rx(UART0);
  40072e:	4620      	mov	r0, r4
  400730:	4b0b      	ldr	r3, [pc, #44]	; (400760 <init_uart+0x54>)
  400732:	4798      	blx	r3
    uart_enable_tx(UART0);
  400734:	4b0b      	ldr	r3, [pc, #44]	; (400764 <init_uart+0x58>)
  400736:	4620      	mov	r0, r4
  400738:	4798      	blx	r3
    gpio_configure_pin(PIO_PA9_IDX, PIO_PERIPH_A | PIO_DEFAULT | PIO_PULLUP);
  40073a:	4c0b      	ldr	r4, [pc, #44]	; (400768 <init_uart+0x5c>)
  40073c:	490b      	ldr	r1, [pc, #44]	; (40076c <init_uart+0x60>)
  40073e:	2009      	movs	r0, #9
  400740:	47a0      	blx	r4
    gpio_configure_pin(PIO_PA10_IDX, PIO_PERIPH_A | PIO_DEFAULT);
  400742:	f04f 6100 	mov.w	r1, #134217728	; 0x8000000
  400746:	200a      	movs	r0, #10
  400748:	47a0      	blx	r4
}
  40074a:	b004      	add	sp, #16
  40074c:	bd10      	pop	{r4, pc}
  40074e:	bf00      	nop
  400750:	0071ad90 	.word	0x0071ad90
  400754:	400e0600 	.word	0x400e0600
  400758:	00400c1d 	.word	0x00400c1d
  40075c:	00400811 	.word	0x00400811
  400760:	0040084b 	.word	0x0040084b
  400764:	00400845 	.word	0x00400845
  400768:	00400961 	.word	0x00400961
  40076c:	08000001 	.word	0x08000001

00400770 <putch>:

void putch(char c)
{
  400770:	b570      	push	{r4, r5, r6, lr}
    // while (!uart_is_tx_buf_end(UART0));
    while(uart_write(UART0, c));
  400772:	4e04      	ldr	r6, [pc, #16]	; (400784 <putch+0x14>)
  400774:	4d04      	ldr	r5, [pc, #16]	; (400788 <putch+0x18>)
{
  400776:	4604      	mov	r4, r0
    while(uart_write(UART0, c));
  400778:	4621      	mov	r1, r4
  40077a:	4630      	mov	r0, r6
  40077c:	47a8      	blx	r5
  40077e:	2800      	cmp	r0, #0
  400780:	d1fa      	bne.n	400778 <putch+0x8>
}
  400782:	bd70      	pop	{r4, r5, r6, pc}
  400784:	400e0600 	.word	0x400e0600
  400788:	00400851 	.word	0x00400851

0040078c <getch>:

char getch(void)
{
  40078c:	b537      	push	{r0, r1, r2, r4, r5, lr}
    uint8_t c;
    while(uart_read(UART0, &c));
  40078e:	4d06      	ldr	r5, [pc, #24]	; (4007a8 <getch+0x1c>)
  400790:	4c06      	ldr	r4, [pc, #24]	; (4007ac <getch+0x20>)
  400792:	f10d 0107 	add.w	r1, sp, #7
  400796:	4628      	mov	r0, r5
  400798:	47a0      	blx	r4
  40079a:	2800      	cmp	r0, #0
  40079c:	d1f9      	bne.n	400792 <getch+0x6>
    return c;
}
  40079e:	f89d 0007 	ldrb.w	r0, [sp, #7]
  4007a2:	b003      	add	sp, #12
  4007a4:	bd30      	pop	{r4, r5, pc}
  4007a6:	bf00      	nop
  4007a8:	400e0600 	.word	0x400e0600
  4007ac:	0040085f 	.word	0x0040085f

004007b0 <trigger_setup>:

void trigger_setup(void)
{
  4007b0:	b510      	push	{r4, lr}
  4007b2:	4b05      	ldr	r3, [pc, #20]	; (4007c8 <trigger_setup+0x18>)
  4007b4:	200b      	movs	r0, #11
  4007b6:	4798      	blx	r3
    sysclk_enable_peripheral_clock(ID_PIOA);
    gpio_configure_pin(PIO_PA7_IDX, PIO_OUTPUT_0 | PIO_DEFAULT);
}
  4007b8:	e8bd 4010 	ldmia.w	sp!, {r4, lr}
    gpio_configure_pin(PIO_PA7_IDX, PIO_OUTPUT_0 | PIO_DEFAULT);
  4007bc:	4b03      	ldr	r3, [pc, #12]	; (4007cc <trigger_setup+0x1c>)
  4007be:	f04f 5140 	mov.w	r1, #805306368	; 0x30000000
  4007c2:	2007      	movs	r0, #7
  4007c4:	4718      	bx	r3
  4007c6:	bf00      	nop
  4007c8:	00400c1d 	.word	0x00400c1d
  4007cc:	00400961 	.word	0x00400961

004007d0 <trigger_low>:

void trigger_low(void)
{
  4007d0:	b510      	push	{r4, lr}
    gpio_set_pin_low(PIO_PA7_IDX);
  4007d2:	4b05      	ldr	r3, [pc, #20]	; (4007e8 <trigger_low+0x18>)
  4007d4:	2007      	movs	r0, #7
  4007d6:	4798      	blx	r3
    gpio_configure_pin(PIO_PA7_IDX, PIO_OUTPUT_0 | PIO_DEFAULT);
}
  4007d8:	e8bd 4010 	ldmia.w	sp!, {r4, lr}
    gpio_configure_pin(PIO_PA7_IDX, PIO_OUTPUT_0 | PIO_DEFAULT);
  4007dc:	4b03      	ldr	r3, [pc, #12]	; (4007ec <trigger_low+0x1c>)
  4007de:	f04f 5140 	mov.w	r1, #805306368	; 0x30000000
  4007e2:	2007      	movs	r0, #7
  4007e4:	4718      	bx	r3
  4007e6:	bf00      	nop
  4007e8:	00400947 	.word	0x00400947
  4007ec:	00400961 	.word	0x00400961

004007f0 <trigger_high>:

void trigger_high(void)
{
  4007f0:	b510      	push	{r4, lr}
    gpio_set_pin_high(PIO_PA7_IDX);
  4007f2:	4b05      	ldr	r3, [pc, #20]	; (400808 <trigger_high+0x18>)
  4007f4:	2007      	movs	r0, #7
  4007f6:	4798      	blx	r3
    gpio_configure_pin(PIO_PA7_IDX, PIO_OUTPUT_1 | PIO_DEFAULT);
  4007f8:	e8bd 4010 	ldmia.w	sp!, {r4, lr}
    gpio_configure_pin(PIO_PA7_IDX, PIO_OUTPUT_1 | PIO_DEFAULT);
  4007fc:	4b03      	ldr	r3, [pc, #12]	; (40080c <trigger_high+0x1c>)
  4007fe:	f04f 5160 	mov.w	r1, #939524096	; 0x38000000
  400802:	2007      	movs	r0, #7
  400804:	4718      	bx	r3
  400806:	bf00      	nop
  400808:	0040092d 	.word	0x0040092d
  40080c:	00400961 	.word	0x00400961

00400810 <uart_init>:
uint32_t uart_init(Uart *p_uart, const sam_uart_opt_t *p_uart_opt)
{
	uint32_t cd = 0;

	/* Reset and disable receiver & transmitter */
	p_uart->UART_CR = UART_CR_RSTRX | UART_CR_RSTTX
  400810:	23ac      	movs	r3, #172	; 0xac
{
  400812:	b510      	push	{r4, lr}
	p_uart->UART_CR = UART_CR_RSTRX | UART_CR_RSTTX
  400814:	6003      	str	r3, [r0, #0]
			| UART_CR_RXDIS | UART_CR_TXDIS;

	/* Check and configure baudrate */
	/* Asynchronous, no oversampling */
	cd = (p_uart_opt->ul_mck / p_uart_opt->ul_baudrate) / UART_MCK_DIV;
  400816:	e9d1 3200 	ldrd	r3, r2, [r1]
  40081a:	fbb3 f3f2 	udiv	r3, r3, r2
  40081e:	091b      	lsrs	r3, r3, #4
	if (cd < UART_MCK_DIV_MIN_FACTOR || cd > UART_MCK_DIV_MAX_FACTOR)
  400820:	1e5c      	subs	r4, r3, #1
  400822:	f64f 72fe 	movw	r2, #65534	; 0xfffe
  400826:	4294      	cmp	r4, r2
  400828:	d80a      	bhi.n	400840 <uart_init+0x30>
		return 1;

	p_uart->UART_BRGR = cd;
  40082a:	6203      	str	r3, [r0, #32]
	/* Configure mode */
	p_uart->UART_MR = p_uart_opt->ul_mode;
  40082c:	688b      	ldr	r3, [r1, #8]
  40082e:	6043      	str	r3, [r0, #4]

#if (!SAMV71 && !SAMV70 && !SAME70 && !SAMS70)
	/* Disable PDC channel */
	p_uart->UART_PTCR = UART_PTCR_RXTDIS | UART_PTCR_TXTDIS;
  400830:	f240 2302 	movw	r3, #514	; 0x202
  400834:	f8c0 3120 	str.w	r3, [r0, #288]	; 0x120
#endif

	/* Enable receiver and transmitter */
	p_uart->UART_CR = UART_CR_RXEN | UART_CR_TXEN;
  400838:	2350      	movs	r3, #80	; 0x50
  40083a:	6003      	str	r3, [r0, #0]

	return 0;
  40083c:	2000      	movs	r0, #0
}
  40083e:	bd10      	pop	{r4, pc}
		return 1;
  400840:	2001      	movs	r0, #1
  400842:	e7fc      	b.n	40083e <uart_init+0x2e>

00400844 <uart_enable_tx>:
 * \param p_uart Pointer to a UART instance.
 */
void uart_enable_tx(Uart *p_uart)
{
	/* Enable transmitter */
	p_uart->UART_CR = UART_CR_TXEN;
  400844:	2340      	movs	r3, #64	; 0x40
  400846:	6003      	str	r3, [r0, #0]
}
  400848:	4770      	bx	lr

0040084a <uart_enable_rx>:
 * \param p_uart Pointer to a UART instance.
 */
void uart_enable_rx(Uart *p_uart)
{
	/* Enable receiver */
	p_uart->UART_CR = UART_CR_RXEN;
  40084a:	2310      	movs	r3, #16
  40084c:	6003      	str	r3, [r0, #0]
}
  40084e:	4770      	bx	lr

00400850 <uart_write>:
 * \retval 1 I/O Failure, UART is not ready.
 */
uint32_t uart_write(Uart *p_uart, const uint8_t uc_data)
{
	/* Check if the transmitter is ready */
	if (!(p_uart->UART_SR & UART_SR_TXRDY))
  400850:	6943      	ldr	r3, [r0, #20]
  400852:	079b      	lsls	r3, r3, #30
		return 1;

	/* Send character */
	p_uart->UART_THR = uc_data;
  400854:	bf46      	itte	mi
  400856:	61c1      	strmi	r1, [r0, #28]
	return 0;
  400858:	2000      	movmi	r0, #0
		return 1;
  40085a:	2001      	movpl	r0, #1
}
  40085c:	4770      	bx	lr

0040085e <uart_read>:
 * \retval 1 I/O Failure, UART is not ready.
 */
uint32_t uart_read(Uart *p_uart, uint8_t *puc_data)
{
	/* Check if the receiver is ready */
	if ((p_uart->UART_SR & UART_SR_RXRDY) == 0)
  40085e:	6943      	ldr	r3, [r0, #20]
  400860:	07db      	lsls	r3, r3, #31
		return 1;

	/* Read character */
	*puc_data = (uint8_t) p_uart->UART_RHR;
  400862:	bf43      	ittte	mi
  400864:	6983      	ldrmi	r3, [r0, #24]
  400866:	700b      	strbmi	r3, [r1, #0]
	return 0;
  400868:	2000      	movmi	r0, #0
		return 1;
  40086a:	2001      	movpl	r0, #1
}
  40086c:	4770      	bx	lr

0040086e <pio_set_peripheral>:

	/* Disable interrupts on the pin(s) */
	p_pio->PIO_IDR = ul_mask;

#if (SAM3S || SAM3N || SAM4S || SAM4E || SAM4N || SAM4C || SAMG || SAM4CP || SAM4CM || SAMV71 || SAMV70 || SAME70 || SAMS70)
	switch (ul_type) {
  40086e:	f1b1 5fc0 	cmp.w	r1, #402653184	; 0x18000000
	p_pio->PIO_IDR = ul_mask;
  400872:	6442      	str	r2, [r0, #68]	; 0x44
	switch (ul_type) {
  400874:	d026      	beq.n	4008c4 <pio_set_peripheral+0x56>
  400876:	d807      	bhi.n	400888 <pio_set_peripheral+0x1a>
  400878:	f1b1 6f00 	cmp.w	r1, #134217728	; 0x8000000
  40087c:	d012      	beq.n	4008a4 <pio_set_peripheral+0x36>
  40087e:	f1b1 5f80 	cmp.w	r1, #268435456	; 0x10000000
  400882:	d01c      	beq.n	4008be <pio_set_peripheral+0x50>
  400884:	b961      	cbnz	r1, 4008a0 <pio_set_peripheral+0x32>
  400886:	4770      	bx	lr
  400888:	f1b1 5f00 	cmp.w	r1, #536870912	; 0x20000000
  40088c:	d023      	beq.n	4008d6 <pio_set_peripheral+0x68>
  40088e:	d307      	bcc.n	4008a0 <pio_set_peripheral+0x32>
  400890:	f1b1 5f40 	cmp.w	r1, #805306368	; 0x30000000
  400894:	d005      	beq.n	4008a2 <pio_set_peripheral+0x34>
  400896:	f021 5180 	bic.w	r1, r1, #268435456	; 0x10000000
  40089a:	f1b1 5f20 	cmp.w	r1, #671088640	; 0x28000000
  40089e:	d000      	beq.n	4008a2 <pio_set_peripheral+0x34>
#else
#error "Unsupported device"
#endif

	/* Remove the pins from under the control of PIO */
	p_pio->PIO_PDR = ul_mask;
  4008a0:	6042      	str	r2, [r0, #4]
}
  4008a2:	4770      	bx	lr
		ul_sr = p_pio->PIO_ABCDSR[0];
  4008a4:	6f01      	ldr	r1, [r0, #112]	; 0x70
		p_pio->PIO_ABCDSR[0] &= (~ul_mask & ul_sr);
  4008a6:	6f03      	ldr	r3, [r0, #112]	; 0x70
  4008a8:	400b      	ands	r3, r1
  4008aa:	ea23 0302 	bic.w	r3, r3, r2
		p_pio->PIO_ABCDSR[0] = (ul_mask | ul_sr);
  4008ae:	6703      	str	r3, [r0, #112]	; 0x70
		ul_sr = p_pio->PIO_ABCDSR[1];
  4008b0:	6f41      	ldr	r1, [r0, #116]	; 0x74
		p_pio->PIO_ABCDSR[1] &= (~ul_mask & ul_sr);
  4008b2:	6f43      	ldr	r3, [r0, #116]	; 0x74
  4008b4:	400b      	ands	r3, r1
  4008b6:	ea23 0302 	bic.w	r3, r3, r2
		p_pio->PIO_ABCDSR[1] = (ul_mask | ul_sr);
  4008ba:	6743      	str	r3, [r0, #116]	; 0x74
		break;
  4008bc:	e7f0      	b.n	4008a0 <pio_set_peripheral+0x32>
		ul_sr = p_pio->PIO_ABCDSR[0];
  4008be:	6f03      	ldr	r3, [r0, #112]	; 0x70
		p_pio->PIO_ABCDSR[0] = (ul_mask | ul_sr);
  4008c0:	4313      	orrs	r3, r2
  4008c2:	e7f4      	b.n	4008ae <pio_set_peripheral+0x40>
		ul_sr = p_pio->PIO_ABCDSR[0];
  4008c4:	6f01      	ldr	r1, [r0, #112]	; 0x70
		p_pio->PIO_ABCDSR[0] &= (~ul_mask & ul_sr);
  4008c6:	6f03      	ldr	r3, [r0, #112]	; 0x70
  4008c8:	400b      	ands	r3, r1
  4008ca:	ea23 0302 	bic.w	r3, r3, r2
		p_pio->PIO_ABCDSR[0] = (ul_mask | ul_sr);
  4008ce:	6703      	str	r3, [r0, #112]	; 0x70
		ul_sr = p_pio->PIO_ABCDSR[1];
  4008d0:	6f43      	ldr	r3, [r0, #116]	; 0x74
		p_pio->PIO_ABCDSR[1] = (ul_mask | ul_sr);
  4008d2:	4313      	orrs	r3, r2
  4008d4:	e7f1      	b.n	4008ba <pio_set_peripheral+0x4c>
		ul_sr = p_pio->PIO_ABCDSR[0];
  4008d6:	6f03      	ldr	r3, [r0, #112]	; 0x70
		p_pio->PIO_ABCDSR[0] = (ul_mask | ul_sr);
  4008d8:	4313      	orrs	r3, r2
  4008da:	e7f8      	b.n	4008ce <pio_set_peripheral+0x60>

004008dc <pio_set_input>:
	if (ul_pull_up_enable) {
  4008dc:	07d3      	lsls	r3, r2, #31
 * \param p_pio Pointer to a PIO instance.
 * \param ul_mask Interrupt sources bit map.
 */
void pio_disable_interrupt(Pio *p_pio, const uint32_t ul_mask)
{
	p_pio->PIO_IDR = ul_mask;
  4008de:	6441      	str	r1, [r0, #68]	; 0x44
		p_pio->PIO_PUER = ul_mask;
  4008e0:	bf4c      	ite	mi
  4008e2:	6641      	strmi	r1, [r0, #100]	; 0x64
		p_pio->PIO_PUDR = ul_mask;
  4008e4:	6601      	strpl	r1, [r0, #96]	; 0x60
	if (ul_attribute & (PIO_DEGLITCH | PIO_DEBOUNCE)) {
  4008e6:	f012 0f0a 	tst.w	r2, #10
		p_pio->PIO_IFER = ul_mask;
  4008ea:	bf14      	ite	ne
  4008ec:	6201      	strne	r1, [r0, #32]
		p_pio->PIO_IFDR = ul_mask;
  4008ee:	6241      	streq	r1, [r0, #36]	; 0x24
	if (ul_attribute & PIO_DEGLITCH) {
  4008f0:	0793      	lsls	r3, r2, #30
  4008f2:	d504      	bpl.n	4008fe <pio_set_input+0x22>
		p_pio->PIO_IFSCDR = ul_mask;
  4008f4:	f8c0 1080 	str.w	r1, [r0, #128]	; 0x80
	p_pio->PIO_ODR = ul_mask;
  4008f8:	6141      	str	r1, [r0, #20]
	p_pio->PIO_PER = ul_mask;
  4008fa:	6001      	str	r1, [r0, #0]
}
  4008fc:	4770      	bx	lr
		if (ul_attribute & PIO_DEBOUNCE) {
  4008fe:	0713      	lsls	r3, r2, #28
			p_pio->PIO_IFSCER = ul_mask;
  400900:	bf48      	it	mi
  400902:	f8c0 1084 	strmi.w	r1, [r0, #132]	; 0x84
  400906:	e7f7      	b.n	4008f8 <pio_set_input+0x1c>

00400908 <pio_set_output>:
{
  400908:	b510      	push	{r4, lr}
  40090a:	9c02      	ldr	r4, [sp, #8]
	p_pio->PIO_IDR = ul_mask;
  40090c:	6441      	str	r1, [r0, #68]	; 0x44
	if (ul_pull_up_enable) {
  40090e:	b13c      	cbz	r4, 400920 <pio_set_output+0x18>
		p_pio->PIO_PUER = ul_mask;
  400910:	6641      	str	r1, [r0, #100]	; 0x64
	if (ul_multidrive_enable) {
  400912:	b13b      	cbz	r3, 400924 <pio_set_output+0x1c>
		p_pio->PIO_MDER = ul_mask;
  400914:	6501      	str	r1, [r0, #80]	; 0x50
	if (ul_default_level) {
  400916:	b13a      	cbz	r2, 400928 <pio_set_output+0x20>
		p_pio->PIO_SODR = ul_mask;
  400918:	6301      	str	r1, [r0, #48]	; 0x30
	p_pio->PIO_OER = ul_mask;
  40091a:	6101      	str	r1, [r0, #16]
	p_pio->PIO_PER = ul_mask;
  40091c:	6001      	str	r1, [r0, #0]
}
  40091e:	bd10      	pop	{r4, pc}
		p_pio->PIO_PUDR = ul_mask;
  400920:	6601      	str	r1, [r0, #96]	; 0x60
  400922:	e7f6      	b.n	400912 <pio_set_output+0xa>
		p_pio->PIO_MDDR = ul_mask;
  400924:	6541      	str	r1, [r0, #84]	; 0x54
  400926:	e7f6      	b.n	400916 <pio_set_output+0xe>
		p_pio->PIO_CODR = ul_mask;
  400928:	6341      	str	r1, [r0, #52]	; 0x34
  40092a:	e7f6      	b.n	40091a <pio_set_output+0x12>

0040092c <pio_set_pin_high>:
		p_pio = PIOC;
	} else {
		p_pio = (Pio *)((uint32_t)PIOA + (PIO_DELTA * (ul_pin >> 5)));
	}
#else
	p_pio = (Pio *)((uint32_t)PIOA + (PIO_DELTA * (ul_pin >> 5)));
  40092c:	0943      	lsrs	r3, r0, #5
  40092e:	f503 1300 	add.w	r3, r3, #2097152	; 0x200000
  400932:	f203 7307 	addw	r3, r3, #1799	; 0x707
  400936:	025b      	lsls	r3, r3, #9
	p_pio->PIO_SODR = 1 << (ul_pin & 0x1F);
  400938:	f000 001f 	and.w	r0, r0, #31
  40093c:	2201      	movs	r2, #1
  40093e:	fa02 f000 	lsl.w	r0, r2, r0
  400942:	6318      	str	r0, [r3, #48]	; 0x30
}
  400944:	4770      	bx	lr

00400946 <pio_set_pin_low>:
	p_pio = (Pio *)((uint32_t)PIOA + (PIO_DELTA * (ul_pin >> 5)));
  400946:	0943      	lsrs	r3, r0, #5
  400948:	f503 1300 	add.w	r3, r3, #2097152	; 0x200000
  40094c:	f203 7307 	addw	r3, r3, #1799	; 0x707
  400950:	025b      	lsls	r3, r3, #9
	p_pio->PIO_CODR = 1 << (ul_pin & 0x1F);
  400952:	f000 001f 	and.w	r0, r0, #31
  400956:	2201      	movs	r2, #1
  400958:	fa02 f000 	lsl.w	r0, r2, r0
  40095c:	6358      	str	r0, [r3, #52]	; 0x34
}
  40095e:	4770      	bx	lr

00400960 <pio_configure_pin>:
{
  400960:	b573      	push	{r0, r1, r4, r5, r6, lr}
  400962:	4604      	mov	r4, r0
	p_pio = (Pio *)((uint32_t)PIOA + (PIO_DELTA * (ul_pin >> 5)));
  400964:	0940      	lsrs	r0, r0, #5
{
  400966:	460d      	mov	r5, r1
	p_pio = (Pio *)((uint32_t)PIOA + (PIO_DELTA * (ul_pin >> 5)));
  400968:	f500 1000 	add.w	r0, r0, #2097152	; 0x200000
	switch (ul_flags & PIO_TYPE_Msk) {
  40096c:	f001 41f0 	and.w	r1, r1, #2013265920	; 0x78000000
	p_pio = (Pio *)((uint32_t)PIOA + (PIO_DELTA * (ul_pin >> 5)));
  400970:	f200 7007 	addw	r0, r0, #1799	; 0x707
	switch (ul_flags & PIO_TYPE_Msk) {
  400974:	f1b1 5f00 	cmp.w	r1, #536870912	; 0x20000000
	p_pio = (Pio *)((uint32_t)PIOA + (PIO_DELTA * (ul_pin >> 5)));
  400978:	ea4f 2040 	mov.w	r0, r0, lsl #9
	switch (ul_flags & PIO_TYPE_Msk) {
  40097c:	d01e      	beq.n	4009bc <pio_configure_pin+0x5c>
  40097e:	d80c      	bhi.n	40099a <pio_configure_pin+0x3a>
  400980:	f1b1 5f80 	cmp.w	r1, #268435456	; 0x10000000
  400984:	d01a      	beq.n	4009bc <pio_configure_pin+0x5c>
  400986:	f1b1 5fc0 	cmp.w	r1, #402653184	; 0x18000000
  40098a:	d017      	beq.n	4009bc <pio_configure_pin+0x5c>
  40098c:	f1b1 6f00 	cmp.w	r1, #134217728	; 0x8000000
  400990:	d014      	beq.n	4009bc <pio_configure_pin+0x5c>
  400992:	2600      	movs	r6, #0
}
  400994:	4630      	mov	r0, r6
  400996:	b002      	add	sp, #8
  400998:	bd70      	pop	{r4, r5, r6, pc}
	switch (ul_flags & PIO_TYPE_Msk) {
  40099a:	f005 43e0 	and.w	r3, r5, #1879048192	; 0x70000000
  40099e:	f1b3 5f40 	cmp.w	r3, #805306368	; 0x30000000
  4009a2:	d019      	beq.n	4009d8 <pio_configure_pin+0x78>
  4009a4:	f1b1 5f20 	cmp.w	r1, #671088640	; 0x28000000
  4009a8:	d1f3      	bne.n	400992 <pio_configure_pin+0x32>
		pio_set_input(p_pio, (1 << (ul_pin & 0x1F)), ul_flags);
  4009aa:	f004 041f 	and.w	r4, r4, #31
  4009ae:	2601      	movs	r6, #1
  4009b0:	4b13      	ldr	r3, [pc, #76]	; (400a00 <pio_configure_pin+0xa0>)
  4009b2:	462a      	mov	r2, r5
  4009b4:	fa06 f104 	lsl.w	r1, r6, r4
  4009b8:	4798      	blx	r3
		break;
  4009ba:	e7eb      	b.n	400994 <pio_configure_pin+0x34>
		pio_set_peripheral(p_pio, PIO_PERIPH_D, (1 << (ul_pin & 0x1F)));
  4009bc:	f004 021f 	and.w	r2, r4, #31
  4009c0:	2401      	movs	r4, #1
  4009c2:	fa04 f202 	lsl.w	r2, r4, r2
  4009c6:	4b0f      	ldr	r3, [pc, #60]	; (400a04 <pio_configure_pin+0xa4>)
  4009c8:	4798      	blx	r3
	if (ul_pull_up_enable) {
  4009ca:	ea15 0604 	ands.w	r6, r5, r4
		p_pio->PIO_PUER = ul_mask;
  4009ce:	bf12      	itee	ne
  4009d0:	6642      	strne	r2, [r0, #100]	; 0x64
		p_pio->PIO_PUDR = ul_mask;
  4009d2:	6602      	streq	r2, [r0, #96]	; 0x60
	return 1;
  4009d4:	4626      	moveq	r6, r4
  4009d6:	e7dd      	b.n	400994 <pio_configure_pin+0x34>
				((ul_flags & PIO_TYPE_PIO_OUTPUT_1)
  4009d8:	f005 5260 	and.w	r2, r5, #939524096	; 0x38000000
		pio_set_output(p_pio, (1 << (ul_pin & 0x1F)),
  4009dc:	2601      	movs	r6, #1
  4009de:	f102 4148 	add.w	r1, r2, #3355443200	; 0xc8000000
  4009e2:	ea05 0306 	and.w	r3, r5, r6
  4009e6:	424a      	negs	r2, r1
  4009e8:	f004 041f 	and.w	r4, r4, #31
  4009ec:	9300      	str	r3, [sp, #0]
  4009ee:	414a      	adcs	r2, r1
  4009f0:	f3c5 0380 	ubfx	r3, r5, #2, #1
  4009f4:	fa06 f104 	lsl.w	r1, r6, r4
  4009f8:	4c03      	ldr	r4, [pc, #12]	; (400a08 <pio_configure_pin+0xa8>)
  4009fa:	47a0      	blx	r4
		break;
  4009fc:	e7ca      	b.n	400994 <pio_configure_pin+0x34>
  4009fe:	bf00      	nop
  400a00:	004008dd 	.word	0x004008dd
  400a04:	0040086f 	.word	0x0040086f
  400a08:	00400909 	.word	0x00400909

00400a0c <SystemCoreClockUpdate>:

/**
 * \brief Get Core Clock Frequency.
 */
void SystemCoreClockUpdate( void )
{
  400a0c:	b510      	push	{r4, lr}
	/* Determine clock frequency according to clock register values */
	switch ( PMC->PMC_MCKR & (uint32_t) PMC_MCKR_CSS_Msk ) {
  400a0e:	4a2c      	ldr	r2, [pc, #176]	; (400ac0 <SystemCoreClockUpdate+0xb4>)
  400a10:	4b2c      	ldr	r3, [pc, #176]	; (400ac4 <SystemCoreClockUpdate+0xb8>)
  400a12:	6b11      	ldr	r1, [r2, #48]	; 0x30
  400a14:	f001 0103 	and.w	r1, r1, #3
  400a18:	2901      	cmp	r1, #1
  400a1a:	d02a      	beq.n	400a72 <SystemCoreClockUpdate+0x66>
  400a1c:	3902      	subs	r1, #2
  400a1e:	2901      	cmp	r1, #1
  400a20:	d81d      	bhi.n	400a5e <SystemCoreClockUpdate+0x52>
		}
		break;
		
	case PMC_MCKR_CSS_PLLA_CLK:	/* PLLA clock */
	case PMC_MCKR_CSS_PLLB_CLK:	/* PLLB clock */
			if ( PMC->CKGR_MOR & CKGR_MOR_MOSCSEL ) {
  400a22:	6a11      	ldr	r1, [r2, #32]
  400a24:	01cc      	lsls	r4, r1, #7
  400a26:	d448      	bmi.n	400aba <SystemCoreClockUpdate+0xae>
				SystemCoreClock = CHIP_FREQ_XTAL;
			} else {
				SystemCoreClock = CHIP_FREQ_MAINCK_RC_4MHZ;
  400a28:	4927      	ldr	r1, [pc, #156]	; (400ac8 <SystemCoreClockUpdate+0xbc>)
  400a2a:	6019      	str	r1, [r3, #0]
				
				switch ( PMC->CKGR_MOR & CKGR_MOR_MOSCRCF_Msk ) {
  400a2c:	6a11      	ldr	r1, [r2, #32]
  400a2e:	f001 0170 	and.w	r1, r1, #112	; 0x70
  400a32:	2910      	cmp	r1, #16
  400a34:	d03e      	beq.n	400ab4 <SystemCoreClockUpdate+0xa8>
  400a36:	2920      	cmp	r1, #32
  400a38:	d03f      	beq.n	400aba <SystemCoreClockUpdate+0xae>
				default:
					break;
				}
			}
			
			if ( (uint32_t)(PMC->PMC_MCKR & (uint32_t) PMC_MCKR_CSS_Msk) ==
  400a3a:	6b10      	ldr	r0, [r2, #48]	; 0x30
					PMC_MCKR_CSS_PLLA_CLK ) {
				SystemCoreClock *= ((((PMC->CKGR_PLLAR) & CKGR_PLLAR_MULA_Msk)
  400a3c:	6819      	ldr	r1, [r3, #0]
			if ( (uint32_t)(PMC->PMC_MCKR & (uint32_t) PMC_MCKR_CSS_Msk) ==
  400a3e:	f000 0003 	and.w	r0, r0, #3
  400a42:	2802      	cmp	r0, #2
				SystemCoreClock *= ((((PMC->CKGR_PLLAR) & CKGR_PLLAR_MULA_Msk)
  400a44:	bf0b      	itete	eq
  400a46:	6a94      	ldreq	r4, [r2, #40]	; 0x28
						>> CKGR_PLLAR_MULA_Pos) + 1U);
				SystemCoreClock /= ((((PMC->CKGR_PLLAR) & CKGR_PLLAR_DIVA_Msk)
						>> CKGR_PLLAR_DIVA_Pos));
			} else {
				SystemCoreClock *= ((((PMC->CKGR_PLLBR) & CKGR_PLLBR_MULB_Msk)
  400a48:	6ad4      	ldrne	r4, [r2, #44]	; 0x2c
				SystemCoreClock /= ((((PMC->CKGR_PLLAR) & CKGR_PLLAR_DIVA_Msk)
  400a4a:	6a90      	ldreq	r0, [r2, #40]	; 0x28
						>> CKGR_PLLBR_MULB_Pos) + 1U);
				SystemCoreClock /= ((((PMC->CKGR_PLLBR) & CKGR_PLLBR_DIVB_Msk)
  400a4c:	6ad0      	ldrne	r0, [r2, #44]	; 0x2c
						>> CKGR_PLLBR_MULB_Pos) + 1U);
  400a4e:	f3c4 440a 	ubfx	r4, r4, #16, #11
				SystemCoreClock *= ((((PMC->CKGR_PLLBR) & CKGR_PLLBR_MULB_Msk)
  400a52:	fb04 1101 	mla	r1, r4, r1, r1
						>> CKGR_PLLBR_DIVB_Pos));
  400a56:	b2c0      	uxtb	r0, r0
				SystemCoreClock /= ((((PMC->CKGR_PLLBR) & CKGR_PLLBR_DIVB_Msk)
  400a58:	fbb1 f1f0 	udiv	r1, r1, r0
  400a5c:	e007      	b.n	400a6e <SystemCoreClockUpdate+0x62>
			if ( SUPC->SUPC_SR & SUPC_SR_OSCSEL ) {
  400a5e:	491b      	ldr	r1, [pc, #108]	; (400acc <SystemCoreClockUpdate+0xc0>)
  400a60:	6a49      	ldr	r1, [r1, #36]	; 0x24
  400a62:	0608      	lsls	r0, r1, #24
				SystemCoreClock = CHIP_FREQ_XTAL_32K;
  400a64:	bf4c      	ite	mi
  400a66:	f44f 4100 	movmi.w	r1, #32768	; 0x8000
				SystemCoreClock = CHIP_FREQ_SLCK_RC;
  400a6a:	f44f 41fa 	movpl.w	r1, #32000	; 0x7d00
				SystemCoreClock /= ((((PMC->CKGR_PLLBR) & CKGR_PLLBR_DIVB_Msk)
  400a6e:	6019      	str	r1, [r3, #0]
  400a70:	e00d      	b.n	400a8e <SystemCoreClockUpdate+0x82>
		if ( PMC->CKGR_MOR & CKGR_MOR_MOSCSEL ) {
  400a72:	6a11      	ldr	r1, [r2, #32]
  400a74:	01c9      	lsls	r1, r1, #7
  400a76:	d501      	bpl.n	400a7c <SystemCoreClockUpdate+0x70>
				SystemCoreClock = CHIP_FREQ_MAINCK_RC_12MHZ;
  400a78:	4915      	ldr	r1, [pc, #84]	; (400ad0 <SystemCoreClockUpdate+0xc4>)
  400a7a:	e7f8      	b.n	400a6e <SystemCoreClockUpdate+0x62>
			SystemCoreClock = CHIP_FREQ_MAINCK_RC_4MHZ;
  400a7c:	4912      	ldr	r1, [pc, #72]	; (400ac8 <SystemCoreClockUpdate+0xbc>)
  400a7e:	6019      	str	r1, [r3, #0]
			switch ( PMC->CKGR_MOR & CKGR_MOR_MOSCRCF_Msk ) {
  400a80:	6a11      	ldr	r1, [r2, #32]
  400a82:	f001 0170 	and.w	r1, r1, #112	; 0x70
  400a86:	2910      	cmp	r1, #16
  400a88:	d012      	beq.n	400ab0 <SystemCoreClockUpdate+0xa4>
  400a8a:	2920      	cmp	r1, #32
  400a8c:	d0f4      	beq.n	400a78 <SystemCoreClockUpdate+0x6c>
		
	default:
		break;
	}

	if ( (PMC->PMC_MCKR & PMC_MCKR_PRES_Msk) == PMC_MCKR_PRES_CLK_3 ) {
  400a8e:	6b10      	ldr	r0, [r2, #48]	; 0x30
		SystemCoreClock /= 3U;
  400a90:	6819      	ldr	r1, [r3, #0]
	if ( (PMC->PMC_MCKR & PMC_MCKR_PRES_Msk) == PMC_MCKR_PRES_CLK_3 ) {
  400a92:	f000 0070 	and.w	r0, r0, #112	; 0x70
  400a96:	2870      	cmp	r0, #112	; 0x70
	} else {
		SystemCoreClock >>=
			((PMC->PMC_MCKR & PMC_MCKR_PRES_Msk) >> PMC_MCKR_PRES_Pos);
  400a98:	bf1b      	ittet	ne
  400a9a:	6b12      	ldrne	r2, [r2, #48]	; 0x30
  400a9c:	f3c2 1202 	ubfxne	r2, r2, #4, #3
		SystemCoreClock /= 3U;
  400aa0:	2203      	moveq	r2, #3
		SystemCoreClock >>=
  400aa2:	fa21 f202 	lsrne.w	r2, r1, r2
		SystemCoreClock /= 3U;
  400aa6:	bf08      	it	eq
  400aa8:	fbb1 f2f2 	udiveq	r2, r1, r2
		SystemCoreClock >>=
  400aac:	601a      	str	r2, [r3, #0]
	}
}
  400aae:	bd10      	pop	{r4, pc}
				SystemCoreClock = CHIP_FREQ_MAINCK_RC_8MHZ;
  400ab0:	4908      	ldr	r1, [pc, #32]	; (400ad4 <SystemCoreClockUpdate+0xc8>)
  400ab2:	e7dc      	b.n	400a6e <SystemCoreClockUpdate+0x62>
					SystemCoreClock = CHIP_FREQ_MAINCK_RC_8MHZ;
  400ab4:	4907      	ldr	r1, [pc, #28]	; (400ad4 <SystemCoreClockUpdate+0xc8>)
					SystemCoreClock = CHIP_FREQ_MAINCK_RC_12MHZ;
  400ab6:	6019      	str	r1, [r3, #0]
					break;
  400ab8:	e7bf      	b.n	400a3a <SystemCoreClockUpdate+0x2e>
					SystemCoreClock = CHIP_FREQ_MAINCK_RC_12MHZ;
  400aba:	4905      	ldr	r1, [pc, #20]	; (400ad0 <SystemCoreClockUpdate+0xc4>)
  400abc:	e7fb      	b.n	400ab6 <SystemCoreClockUpdate+0xaa>
  400abe:	bf00      	nop
  400ac0:	400e0400 	.word	0x400e0400
  400ac4:	20000000 	.word	0x20000000
  400ac8:	003d0900 	.word	0x003d0900
  400acc:	400e1400 	.word	0x400e1400
  400ad0:	00b71b00 	.word	0x00b71b00
  400ad4:	007a1200 	.word	0x007a1200

00400ad8 <system_init_flash>:
 */
void system_init_flash( uint32_t ul_clk )
{
  /* Set FWS for embedded Flash access according to operating frequency */
#if !defined(ID_EFC1)
	if ( ul_clk < CHIP_FREQ_FWS_0 ) {
  400ad8:	4b0e      	ldr	r3, [pc, #56]	; (400b14 <system_init_flash+0x3c>)
  400ada:	4298      	cmp	r0, r3
  400adc:	4b0e      	ldr	r3, [pc, #56]	; (400b18 <system_init_flash+0x40>)
  400ade:	d803      	bhi.n	400ae8 <system_init_flash+0x10>
		EFC0->EEFC_FMR = EEFC_FMR_FWS(0)|EEFC_FMR_CLOE;
  400ae0:	f04f 6280 	mov.w	r2, #67108864	; 0x4000000
					EFC0->EEFC_FMR = EEFC_FMR_FWS(3)|EEFC_FMR_CLOE;
				} else {
					if ( ul_clk < CHIP_FREQ_FWS_4 ) {
					EFC0->EEFC_FMR = EEFC_FMR_FWS(4)|EEFC_FMR_CLOE;
					} else {
					EFC0->EEFC_FMR = EEFC_FMR_FWS(5)|EEFC_FMR_CLOE;
  400ae4:	601a      	str	r2, [r3, #0]
				}
			}
		}
	}
#endif
}
  400ae6:	4770      	bx	lr
		if ( ul_clk < CHIP_FREQ_FWS_1 ) {
  400ae8:	4a0c      	ldr	r2, [pc, #48]	; (400b1c <system_init_flash+0x44>)
  400aea:	4290      	cmp	r0, r2
  400aec:	d201      	bcs.n	400af2 <system_init_flash+0x1a>
			EFC0->EEFC_FMR = EEFC_FMR_FWS(1)|EEFC_FMR_CLOE;
  400aee:	4a0c      	ldr	r2, [pc, #48]	; (400b20 <system_init_flash+0x48>)
  400af0:	e7f8      	b.n	400ae4 <system_init_flash+0xc>
			if ( ul_clk < CHIP_FREQ_FWS_2 ) {
  400af2:	4a0c      	ldr	r2, [pc, #48]	; (400b24 <system_init_flash+0x4c>)
  400af4:	4290      	cmp	r0, r2
  400af6:	d201      	bcs.n	400afc <system_init_flash+0x24>
				EFC0->EEFC_FMR = EEFC_FMR_FWS(2)|EEFC_FMR_CLOE;
  400af8:	4a0b      	ldr	r2, [pc, #44]	; (400b28 <system_init_flash+0x50>)
  400afa:	e7f3      	b.n	400ae4 <system_init_flash+0xc>
				if ( ul_clk < CHIP_FREQ_FWS_3 ) {
  400afc:	4a0b      	ldr	r2, [pc, #44]	; (400b2c <system_init_flash+0x54>)
  400afe:	4290      	cmp	r0, r2
  400b00:	d801      	bhi.n	400b06 <system_init_flash+0x2e>
					EFC0->EEFC_FMR = EEFC_FMR_FWS(3)|EEFC_FMR_CLOE;
  400b02:	4a0b      	ldr	r2, [pc, #44]	; (400b30 <system_init_flash+0x58>)
  400b04:	e7ee      	b.n	400ae4 <system_init_flash+0xc>
					if ( ul_clk < CHIP_FREQ_FWS_4 ) {
  400b06:	4a0b      	ldr	r2, [pc, #44]	; (400b34 <system_init_flash+0x5c>)
  400b08:	4290      	cmp	r0, r2
					EFC0->EEFC_FMR = EEFC_FMR_FWS(5)|EEFC_FMR_CLOE;
  400b0a:	bf8c      	ite	hi
  400b0c:	4a0a      	ldrhi	r2, [pc, #40]	; (400b38 <system_init_flash+0x60>)
					EFC0->EEFC_FMR = EEFC_FMR_FWS(4)|EEFC_FMR_CLOE;
  400b0e:	f04f 2204 	movls.w	r2, #67109888	; 0x4000400
					EFC0->EEFC_FMR = EEFC_FMR_FWS(5)|EEFC_FMR_CLOE;
  400b12:	e7e7      	b.n	400ae4 <system_init_flash+0xc>
  400b14:	01312cff 	.word	0x01312cff
  400b18:	400e0a00 	.word	0x400e0a00
  400b1c:	02625a00 	.word	0x02625a00
  400b20:	04000100 	.word	0x04000100
  400b24:	03938700 	.word	0x03938700
  400b28:	04000200 	.word	0x04000200
  400b2c:	04c4b3ff 	.word	0x04c4b3ff
  400b30:	04000300 	.word	0x04000300
  400b34:	05f5e0ff 	.word	0x05f5e0ff
  400b38:	04000500 	.word	0x04000500

00400b3c <pmc_switch_mck_to_sclk>:
 */
uint32_t pmc_switch_mck_to_sclk(uint32_t ul_pres)
{
	uint32_t ul_timeout;

	PMC->PMC_MCKR = (PMC->PMC_MCKR & (~PMC_MCKR_CSS_Msk)) |
  400b3c:	4b0e      	ldr	r3, [pc, #56]	; (400b78 <pmc_switch_mck_to_sclk+0x3c>)
  400b3e:	6b1a      	ldr	r2, [r3, #48]	; 0x30
  400b40:	f022 0203 	bic.w	r2, r2, #3
  400b44:	631a      	str	r2, [r3, #48]	; 0x30
			PMC_MCKR_CSS_SLOW_CLK;
	for (ul_timeout = PMC_TIMEOUT; !(PMC->PMC_SR & PMC_SR_MCKRDY);
  400b46:	f640 0201 	movw	r2, #2049	; 0x801
  400b4a:	6e99      	ldr	r1, [r3, #104]	; 0x68
  400b4c:	0709      	lsls	r1, r1, #28
  400b4e:	d50b      	bpl.n	400b68 <pmc_switch_mck_to_sclk+0x2c>
		if (ul_timeout == 0) {
			return 1;
		}
	}

	PMC->PMC_MCKR = (PMC->PMC_MCKR & (~PMC_MCKR_PRES_Msk)) | ul_pres;
  400b50:	6b1a      	ldr	r2, [r3, #48]	; 0x30
  400b52:	f022 0270 	bic.w	r2, r2, #112	; 0x70
  400b56:	4310      	orrs	r0, r2
  400b58:	6318      	str	r0, [r3, #48]	; 0x30
	for (ul_timeout = PMC_TIMEOUT; !(PMC->PMC_SR & PMC_SR_MCKRDY);
  400b5a:	f640 0201 	movw	r2, #2049	; 0x801
  400b5e:	6e99      	ldr	r1, [r3, #104]	; 0x68
  400b60:	0709      	lsls	r1, r1, #28
  400b62:	d505      	bpl.n	400b70 <pmc_switch_mck_to_sclk+0x34>
		if (ul_timeout == 0) {
			return 1;
		}
	}

	return 0;
  400b64:	2000      	movs	r0, #0
}
  400b66:	4770      	bx	lr
		if (ul_timeout == 0) {
  400b68:	3a01      	subs	r2, #1
  400b6a:	d1ee      	bne.n	400b4a <pmc_switch_mck_to_sclk+0xe>
			return 1;
  400b6c:	2001      	movs	r0, #1
  400b6e:	4770      	bx	lr
		if (ul_timeout == 0) {
  400b70:	3a01      	subs	r2, #1
  400b72:	d1f4      	bne.n	400b5e <pmc_switch_mck_to_sclk+0x22>
  400b74:	e7fa      	b.n	400b6c <pmc_switch_mck_to_sclk+0x30>
  400b76:	bf00      	nop
  400b78:	400e0400 	.word	0x400e0400

00400b7c <pmc_switch_mck_to_mainck>:
 */
uint32_t pmc_switch_mck_to_mainck(uint32_t ul_pres)
{
	uint32_t ul_timeout;

	PMC->PMC_MCKR = (PMC->PMC_MCKR & (~PMC_MCKR_CSS_Msk)) |
  400b7c:	4b0f      	ldr	r3, [pc, #60]	; (400bbc <pmc_switch_mck_to_mainck+0x40>)
  400b7e:	6b1a      	ldr	r2, [r3, #48]	; 0x30
  400b80:	f022 0203 	bic.w	r2, r2, #3
  400b84:	f042 0201 	orr.w	r2, r2, #1
  400b88:	631a      	str	r2, [r3, #48]	; 0x30
			PMC_MCKR_CSS_MAIN_CLK;
	for (ul_timeout = PMC_TIMEOUT; !(PMC->PMC_SR & PMC_SR_MCKRDY);
  400b8a:	f640 0201 	movw	r2, #2049	; 0x801
  400b8e:	6e99      	ldr	r1, [r3, #104]	; 0x68
  400b90:	0709      	lsls	r1, r1, #28
  400b92:	d50b      	bpl.n	400bac <pmc_switch_mck_to_mainck+0x30>
		if (ul_timeout == 0) {
			return 1;
		}
	}

	PMC->PMC_MCKR = (PMC->PMC_MCKR & (~PMC_MCKR_PRES_Msk)) | ul_pres;
  400b94:	6b1a      	ldr	r2, [r3, #48]	; 0x30
  400b96:	f022 0270 	bic.w	r2, r2, #112	; 0x70
  400b9a:	4310      	orrs	r0, r2
  400b9c:	6318      	str	r0, [r3, #48]	; 0x30
	for (ul_timeout = PMC_TIMEOUT; !(PMC->PMC_SR & PMC_SR_MCKRDY);
  400b9e:	f640 0201 	movw	r2, #2049	; 0x801
  400ba2:	6e99      	ldr	r1, [r3, #104]	; 0x68
  400ba4:	0709      	lsls	r1, r1, #28
  400ba6:	d505      	bpl.n	400bb4 <pmc_switch_mck_to_mainck+0x38>
		if (ul_timeout == 0) {
			return 1;
		}
	}

	return 0;
  400ba8:	2000      	movs	r0, #0
}
  400baa:	4770      	bx	lr
		if (ul_timeout == 0) {
  400bac:	3a01      	subs	r2, #1
  400bae:	d1ee      	bne.n	400b8e <pmc_switch_mck_to_mainck+0x12>
			return 1;
  400bb0:	2001      	movs	r0, #1
  400bb2:	4770      	bx	lr
		if (ul_timeout == 0) {
  400bb4:	3a01      	subs	r2, #1
  400bb6:	d1f4      	bne.n	400ba2 <pmc_switch_mck_to_mainck+0x26>
  400bb8:	e7fa      	b.n	400bb0 <pmc_switch_mck_to_mainck+0x34>
  400bba:	bf00      	nop
  400bbc:	400e0400 	.word	0x400e0400

00400bc0 <pmc_switch_mainck_to_xtal>:
 */
void pmc_switch_mainck_to_xtal(uint32_t ul_bypass,
		uint32_t ul_xtal_startup_time)
{
	/* Enable Main Xtal oscillator */
	if (ul_bypass) {
  400bc0:	4a0f      	ldr	r2, [pc, #60]	; (400c00 <pmc_switch_mainck_to_xtal+0x40>)
  400bc2:	b130      	cbz	r0, 400bd2 <pmc_switch_mainck_to_xtal+0x12>
		PMC->CKGR_MOR = (PMC->CKGR_MOR & ~CKGR_MOR_MOSCXTEN) |
  400bc4:	6a13      	ldr	r3, [r2, #32]
				CKGR_MOR_KEY_PASSWD | CKGR_MOR_MOSCXTBY |
  400bc6:	490f      	ldr	r1, [pc, #60]	; (400c04 <pmc_switch_mainck_to_xtal+0x44>)
  400bc8:	4019      	ands	r1, r3
  400bca:	4b0f      	ldr	r3, [pc, #60]	; (400c08 <pmc_switch_mainck_to_xtal+0x48>)
  400bcc:	430b      	orrs	r3, r1
				CKGR_MOR_KEY_PASSWD | CKGR_MOR_MOSCXTEN |
				CKGR_MOR_MOSCXTST(ul_xtal_startup_time);
		/* Wait the Xtal to stabilize */
		while (!(PMC->PMC_SR & PMC_SR_MOSCXTS));

		PMC->CKGR_MOR |= CKGR_MOR_KEY_PASSWD | CKGR_MOR_MOSCSEL;
  400bce:	6213      	str	r3, [r2, #32]
	}
}
  400bd0:	4770      	bx	lr
		PMC->CKGR_MOR = (PMC->CKGR_MOR & ~CKGR_MOR_MOSCXTBY) |
  400bd2:	6a10      	ldr	r0, [r2, #32]
				CKGR_MOR_MOSCXTST(ul_xtal_startup_time);
  400bd4:	020b      	lsls	r3, r1, #8
				CKGR_MOR_KEY_PASSWD | CKGR_MOR_MOSCXTEN |
  400bd6:	f420 115c 	bic.w	r1, r0, #3604480	; 0x370000
				CKGR_MOR_MOSCXTST(ul_xtal_startup_time);
  400bda:	b29b      	uxth	r3, r3
				CKGR_MOR_KEY_PASSWD | CKGR_MOR_MOSCXTEN |
  400bdc:	f021 0103 	bic.w	r1, r1, #3
  400be0:	430b      	orrs	r3, r1
  400be2:	f443 135c 	orr.w	r3, r3, #3604480	; 0x370000
  400be6:	f043 0301 	orr.w	r3, r3, #1
		PMC->CKGR_MOR = (PMC->CKGR_MOR & ~CKGR_MOR_MOSCXTBY) |
  400bea:	6213      	str	r3, [r2, #32]
		while (!(PMC->PMC_SR & PMC_SR_MOSCXTS));
  400bec:	6e93      	ldr	r3, [r2, #104]	; 0x68
  400bee:	07db      	lsls	r3, r3, #31
  400bf0:	d5fc      	bpl.n	400bec <pmc_switch_mainck_to_xtal+0x2c>
		PMC->CKGR_MOR |= CKGR_MOR_KEY_PASSWD | CKGR_MOR_MOSCSEL;
  400bf2:	6a13      	ldr	r3, [r2, #32]
  400bf4:	f043 739b 	orr.w	r3, r3, #20316160	; 0x1360000
  400bf8:	f443 3380 	orr.w	r3, r3, #65536	; 0x10000
  400bfc:	e7e7      	b.n	400bce <pmc_switch_mainck_to_xtal+0xe>
  400bfe:	bf00      	nop
  400c00:	400e0400 	.word	0x400e0400
  400c04:	fec8fffc 	.word	0xfec8fffc
  400c08:	01370002 	.word	0x01370002

00400c0c <pmc_osc_is_ready_mainck>:
 * \retval 1 Xtal is ready.
 * \retval 0 Xtal is not ready.
 */
uint32_t pmc_osc_is_ready_mainck(void)
{
	return PMC->PMC_SR & PMC_SR_MOSCSELS;
  400c0c:	4b02      	ldr	r3, [pc, #8]	; (400c18 <pmc_osc_is_ready_mainck+0xc>)
  400c0e:	6e98      	ldr	r0, [r3, #104]	; 0x68
}
  400c10:	f400 3080 	and.w	r0, r0, #65536	; 0x10000
  400c14:	4770      	bx	lr
  400c16:	bf00      	nop
  400c18:	400e0400 	.word	0x400e0400

00400c1c <pmc_enable_periph_clk>:
	PMC->PMC_PCR = ul_id & 0x7F;
	pcr = PMC->PMC_PCR | PMC_PCR_EN | PMC_PCR_CMD;
	PMC->PMC_PCR = pcr;
	return 0;
#else
	if (ul_id > MAX_PERIPH_ID) {
  400c1c:	2822      	cmp	r0, #34	; 0x22
  400c1e:	d818      	bhi.n	400c52 <pmc_enable_periph_clk+0x36>
		return 1;
	}

	if (ul_id < 32) {
  400c20:	281f      	cmp	r0, #31
  400c22:	4a0d      	ldr	r2, [pc, #52]	; (400c58 <pmc_enable_periph_clk+0x3c>)
  400c24:	f04f 0301 	mov.w	r3, #1
  400c28:	d808      	bhi.n	400c3c <pmc_enable_periph_clk+0x20>
		if ((PMC->PMC_PCSR0 & (1u << ul_id)) != (1u << ul_id)) {
  400c2a:	6991      	ldr	r1, [r2, #24]
  400c2c:	fa03 f000 	lsl.w	r0, r3, r0
  400c30:	ea30 0301 	bics.w	r3, r0, r1
  400c34:	d000      	beq.n	400c38 <pmc_enable_periph_clk+0x1c>
			PMC->PMC_PCER0 = 1 << ul_id;
  400c36:	6110      	str	r0, [r2, #16]
			PMC->PMC_PCER1 = 1 << ul_id;
		}
#endif
	}

	return 0;
  400c38:	2000      	movs	r0, #0
#endif /* defined(REG_PMC_PCR) && !SAMG55 */
}
  400c3a:	4770      	bx	lr
		if ((PMC->PMC_PCSR1 & (1u << ul_id)) != (1u << ul_id)) {
  400c3c:	f8d2 1108 	ldr.w	r1, [r2, #264]	; 0x108
		ul_id -= 32;
  400c40:	3820      	subs	r0, #32
		if ((PMC->PMC_PCSR1 & (1u << ul_id)) != (1u << ul_id)) {
  400c42:	fa03 f000 	lsl.w	r0, r3, r0
  400c46:	ea30 0301 	bics.w	r3, r0, r1
  400c4a:	d0f5      	beq.n	400c38 <pmc_enable_periph_clk+0x1c>
			PMC->PMC_PCER1 = 1 << ul_id;
  400c4c:	f8c2 0100 	str.w	r0, [r2, #256]	; 0x100
  400c50:	e7f2      	b.n	400c38 <pmc_enable_periph_clk+0x1c>
		return 1;
  400c52:	2001      	movs	r0, #1
  400c54:	4770      	bx	lr
  400c56:	bf00      	nop
  400c58:	400e0400 	.word	0x400e0400

00400c5c <pmc_set_writeprotect>:
 *
 * \param ul_enable 1 to enable, 0 to disable.
 */
void pmc_set_writeprotect(uint32_t ul_enable)
{
	if (ul_enable) {
  400c5c:	4b03      	ldr	r3, [pc, #12]	; (400c6c <pmc_set_writeprotect+0x10>)
  400c5e:	b118      	cbz	r0, 400c68 <pmc_set_writeprotect+0xc>
		PMC->PMC_WPMR = PMC_WPMR_WPKEY_PASSWD | PMC_WPMR_WPEN;
  400c60:	4a03      	ldr	r2, [pc, #12]	; (400c70 <pmc_set_writeprotect+0x14>)
	} else {
		PMC->PMC_WPMR = PMC_WPMR_WPKEY_PASSWD;
  400c62:	f8c3 20e4 	str.w	r2, [r3, #228]	; 0xe4
	}
}
  400c66:	4770      	bx	lr
		PMC->PMC_WPMR = PMC_WPMR_WPKEY_PASSWD;
  400c68:	4a02      	ldr	r2, [pc, #8]	; (400c74 <pmc_set_writeprotect+0x18>)
  400c6a:	e7fa      	b.n	400c62 <pmc_set_writeprotect+0x6>
  400c6c:	400e0400 	.word	0x400e0400
  400c70:	504d4301 	.word	0x504d4301
  400c74:	504d4300 	.word	0x504d4300

00400c78 <round>:
  400c78:	b538      	push	{r3, r4, r5, lr}
  400c7a:	f3c1 550a 	ubfx	r5, r1, #20, #11
  400c7e:	f2a5 32ff 	subw	r2, r5, #1023	; 0x3ff
  400c82:	2a13      	cmp	r2, #19
  400c84:	460b      	mov	r3, r1
  400c86:	4684      	mov	ip, r0
  400c88:	468e      	mov	lr, r1
  400c8a:	4604      	mov	r4, r0
  400c8c:	dc1e      	bgt.n	400ccc <round+0x54>
  400c8e:	2a00      	cmp	r2, #0
  400c90:	db0e      	blt.n	400cb0 <round+0x38>
  400c92:	491d      	ldr	r1, [pc, #116]	; (400d08 <round+0x90>)
  400c94:	4111      	asrs	r1, r2
  400c96:	ea03 0001 	and.w	r0, r3, r1
  400c9a:	4320      	orrs	r0, r4
  400c9c:	d013      	beq.n	400cc6 <round+0x4e>
  400c9e:	f44f 2300 	mov.w	r3, #524288	; 0x80000
  400ca2:	fa43 f202 	asr.w	r2, r3, r2
  400ca6:	4496      	add	lr, r2
  400ca8:	ea2e 0e01 	bic.w	lr, lr, r1
  400cac:	2400      	movs	r4, #0
  400cae:	e008      	b.n	400cc2 <round+0x4a>
  400cb0:	f001 4e00 	and.w	lr, r1, #2147483648	; 0x80000000
  400cb4:	3201      	adds	r2, #1
  400cb6:	bf04      	itt	eq
  400cb8:	f04e 5e7f 	orreq.w	lr, lr, #1069547520	; 0x3fc00000
  400cbc:	f44e 1e40 	orreq.w	lr, lr, #3145728	; 0x300000
  400cc0:	2400      	movs	r4, #0
  400cc2:	4673      	mov	r3, lr
  400cc4:	46a4      	mov	ip, r4
  400cc6:	4660      	mov	r0, ip
  400cc8:	4619      	mov	r1, r3
  400cca:	bd38      	pop	{r3, r4, r5, pc}
  400ccc:	2a33      	cmp	r2, #51	; 0x33
  400cce:	dd08      	ble.n	400ce2 <round+0x6a>
  400cd0:	f5b2 6f80 	cmp.w	r2, #1024	; 0x400
  400cd4:	d1f7      	bne.n	400cc6 <round+0x4e>
  400cd6:	4602      	mov	r2, r0
  400cd8:	f000 fa5e 	bl	401198 <__adddf3>
  400cdc:	4684      	mov	ip, r0
  400cde:	460b      	mov	r3, r1
  400ce0:	e7f1      	b.n	400cc6 <round+0x4e>
  400ce2:	f2a5 4513 	subw	r5, r5, #1043	; 0x413
  400ce6:	f04f 31ff 	mov.w	r1, #4294967295	; 0xffffffff
  400cea:	fa21 f505 	lsr.w	r5, r1, r5
  400cee:	4228      	tst	r0, r5
  400cf0:	d0e9      	beq.n	400cc6 <round+0x4e>
  400cf2:	2301      	movs	r3, #1
  400cf4:	f1c2 0233 	rsb	r2, r2, #51	; 0x33
  400cf8:	fa03 f202 	lsl.w	r2, r3, r2
  400cfc:	1884      	adds	r4, r0, r2
  400cfe:	bf28      	it	cs
  400d00:	449e      	addcs	lr, r3
  400d02:	ea24 0405 	bic.w	r4, r4, r5
  400d06:	e7dc      	b.n	400cc2 <round+0x4a>
  400d08:	000fffff 	.word	0x000fffff

00400d0c <log>:
  400d0c:	b5f8      	push	{r3, r4, r5, r6, r7, lr}
  400d0e:	4604      	mov	r4, r0
  400d10:	460d      	mov	r5, r1
  400d12:	f000 f835 	bl	400d80 <__ieee754_log>
  400d16:	4b17      	ldr	r3, [pc, #92]	; (400d74 <log+0x68>)
  400d18:	f993 3000 	ldrsb.w	r3, [r3]
  400d1c:	3301      	adds	r3, #1
  400d1e:	4606      	mov	r6, r0
  400d20:	460f      	mov	r7, r1
  400d22:	d01a      	beq.n	400d5a <log+0x4e>
  400d24:	4622      	mov	r2, r4
  400d26:	462b      	mov	r3, r5
  400d28:	4620      	mov	r0, r4
  400d2a:	4629      	mov	r1, r5
  400d2c:	f000 fe84 	bl	401a38 <__aeabi_dcmpun>
  400d30:	b998      	cbnz	r0, 400d5a <log+0x4e>
  400d32:	2200      	movs	r2, #0
  400d34:	2300      	movs	r3, #0
  400d36:	4620      	mov	r0, r4
  400d38:	4629      	mov	r1, r5
  400d3a:	f000 fe73 	bl	401a24 <__aeabi_dcmpgt>
  400d3e:	b960      	cbnz	r0, 400d5a <log+0x4e>
  400d40:	2200      	movs	r2, #0
  400d42:	2300      	movs	r3, #0
  400d44:	4620      	mov	r0, r4
  400d46:	4629      	mov	r1, r5
  400d48:	f000 fe44 	bl	4019d4 <__aeabi_dcmpeq>
  400d4c:	b140      	cbz	r0, 400d60 <log+0x54>
  400d4e:	f001 fb2f 	bl	4023b0 <__errno>
  400d52:	4f09      	ldr	r7, [pc, #36]	; (400d78 <log+0x6c>)
  400d54:	2322      	movs	r3, #34	; 0x22
  400d56:	6003      	str	r3, [r0, #0]
  400d58:	2600      	movs	r6, #0
  400d5a:	4630      	mov	r0, r6
  400d5c:	4639      	mov	r1, r7
  400d5e:	bdf8      	pop	{r3, r4, r5, r6, r7, pc}
  400d60:	f001 fb26 	bl	4023b0 <__errno>
  400d64:	4603      	mov	r3, r0
  400d66:	2221      	movs	r2, #33	; 0x21
  400d68:	601a      	str	r2, [r3, #0]
  400d6a:	4804      	ldr	r0, [pc, #16]	; (400d7c <log+0x70>)
  400d6c:	e8bd 40f8 	ldmia.w	sp!, {r3, r4, r5, r6, r7, lr}
  400d70:	f000 ba06 	b.w	401180 <nan>
  400d74:	20000004 	.word	0x20000004
  400d78:	fff00000 	.word	0xfff00000
  400d7c:	004027dc 	.word	0x004027dc

00400d80 <__ieee754_log>:
  400d80:	e92d 4ff0 	stmdb	sp!, {r4, r5, r6, r7, r8, r9, sl, fp, lr}
  400d84:	f5b1 1f80 	cmp.w	r1, #1048576	; 0x100000
  400d88:	b087      	sub	sp, #28
  400d8a:	4602      	mov	r2, r0
  400d8c:	460b      	mov	r3, r1
  400d8e:	460f      	mov	r7, r1
  400d90:	da58      	bge.n	400e44 <__ieee754_log+0xc4>
  400d92:	f021 4400 	bic.w	r4, r1, #2147483648	; 0x80000000
  400d96:	4304      	orrs	r4, r0
  400d98:	f000 80f8 	beq.w	400f8c <__ieee754_log+0x20c>
  400d9c:	2900      	cmp	r1, #0
  400d9e:	f2c0 8132 	blt.w	401006 <__ieee754_log+0x286>
  400da2:	4bd7      	ldr	r3, [pc, #860]	; (401100 <__ieee754_log+0x380>)
  400da4:	2200      	movs	r2, #0
  400da6:	f000 fbad 	bl	401504 <__aeabi_dmul>
  400daa:	460f      	mov	r7, r1
  400dac:	460b      	mov	r3, r1
  400dae:	49d5      	ldr	r1, [pc, #852]	; (401104 <__ieee754_log+0x384>)
  400db0:	428f      	cmp	r7, r1
  400db2:	4602      	mov	r2, r0
  400db4:	f06f 0035 	mvn.w	r0, #53	; 0x35
  400db8:	dc49      	bgt.n	400e4e <__ieee754_log+0xce>
  400dba:	153e      	asrs	r6, r7, #20
  400dbc:	f3c7 0713 	ubfx	r7, r7, #0, #20
  400dc0:	f507 2115 	add.w	r1, r7, #610304	; 0x95000
  400dc4:	f2a6 36ff 	subw	r6, r6, #1023	; 0x3ff
  400dc8:	f601 7164 	addw	r1, r1, #3940	; 0xf64
  400dcc:	4406      	add	r6, r0
  400dce:	f401 1180 	and.w	r1, r1, #1048576	; 0x100000
  400dd2:	eb06 5611 	add.w	r6, r6, r1, lsr #20
  400dd6:	f081 517f 	eor.w	r1, r1, #1069547520	; 0x3fc00000
  400dda:	f481 1140 	eor.w	r1, r1, #3145728	; 0x300000
  400dde:	ea41 0307 	orr.w	r3, r1, r7
  400de2:	4610      	mov	r0, r2
  400de4:	4619      	mov	r1, r3
  400de6:	2200      	movs	r2, #0
  400de8:	4bc7      	ldr	r3, [pc, #796]	; (401108 <__ieee754_log+0x388>)
  400dea:	f000 f9d3 	bl	401194 <__aeabi_dsub>
  400dee:	1cbb      	adds	r3, r7, #2
  400df0:	f3c3 0313 	ubfx	r3, r3, #0, #20
  400df4:	2b02      	cmp	r3, #2
  400df6:	4682      	mov	sl, r0
  400df8:	468b      	mov	fp, r1
  400dfa:	dc2f      	bgt.n	400e5c <__ieee754_log+0xdc>
  400dfc:	2200      	movs	r2, #0
  400dfe:	2300      	movs	r3, #0
  400e00:	f000 fde8 	bl	4019d4 <__aeabi_dcmpeq>
  400e04:	2800      	cmp	r0, #0
  400e06:	f000 80ca 	beq.w	400f9e <__ieee754_log+0x21e>
  400e0a:	2e00      	cmp	r6, #0
  400e0c:	f000 814b 	beq.w	4010a6 <__ieee754_log+0x326>
  400e10:	4630      	mov	r0, r6
  400e12:	f000 fb0d 	bl	401430 <__aeabi_i2d>
  400e16:	a3a6      	add	r3, pc, #664	; (adr r3, 4010b0 <__ieee754_log+0x330>)
  400e18:	e9d3 2300 	ldrd	r2, r3, [r3]
  400e1c:	4606      	mov	r6, r0
  400e1e:	460f      	mov	r7, r1
  400e20:	f000 fb70 	bl	401504 <__aeabi_dmul>
  400e24:	a3a4      	add	r3, pc, #656	; (adr r3, 4010b8 <__ieee754_log+0x338>)
  400e26:	e9d3 2300 	ldrd	r2, r3, [r3]
  400e2a:	4604      	mov	r4, r0
  400e2c:	460d      	mov	r5, r1
  400e2e:	4630      	mov	r0, r6
  400e30:	4639      	mov	r1, r7
  400e32:	f000 fb67 	bl	401504 <__aeabi_dmul>
  400e36:	4602      	mov	r2, r0
  400e38:	460b      	mov	r3, r1
  400e3a:	4620      	mov	r0, r4
  400e3c:	4629      	mov	r1, r5
  400e3e:	f000 f9ab 	bl	401198 <__adddf3>
  400e42:	e008      	b.n	400e56 <__ieee754_log+0xd6>
  400e44:	49af      	ldr	r1, [pc, #700]	; (401104 <__ieee754_log+0x384>)
  400e46:	428f      	cmp	r7, r1
  400e48:	f04f 0000 	mov.w	r0, #0
  400e4c:	ddb5      	ble.n	400dba <__ieee754_log+0x3a>
  400e4e:	4610      	mov	r0, r2
  400e50:	4619      	mov	r1, r3
  400e52:	f000 f9a1 	bl	401198 <__adddf3>
  400e56:	b007      	add	sp, #28
  400e58:	e8bd 8ff0 	ldmia.w	sp!, {r4, r5, r6, r7, r8, r9, sl, fp, pc}
  400e5c:	f5a7 23c2 	sub.w	r3, r7, #397312	; 0x61000
  400e60:	f2a3 437a 	subw	r3, r3, #1146	; 0x47a
  400e64:	9301      	str	r3, [sp, #4]
  400e66:	2200      	movs	r2, #0
  400e68:	f04f 4380 	mov.w	r3, #1073741824	; 0x40000000
  400e6c:	f000 f994 	bl	401198 <__adddf3>
  400e70:	4602      	mov	r2, r0
  400e72:	460b      	mov	r3, r1
  400e74:	4650      	mov	r0, sl
  400e76:	4659      	mov	r1, fp
  400e78:	f000 fc6e 	bl	401758 <__aeabi_ddiv>
  400e7c:	4604      	mov	r4, r0
  400e7e:	4630      	mov	r0, r6
  400e80:	460d      	mov	r5, r1
  400e82:	f000 fad5 	bl	401430 <__aeabi_i2d>
  400e86:	4622      	mov	r2, r4
  400e88:	e9cd 0104 	strd	r0, r1, [sp, #16]
  400e8c:	462b      	mov	r3, r5
  400e8e:	4620      	mov	r0, r4
  400e90:	4629      	mov	r1, r5
  400e92:	e9cd 4502 	strd	r4, r5, [sp, #8]
  400e96:	f000 fb35 	bl	401504 <__aeabi_dmul>
  400e9a:	4602      	mov	r2, r0
  400e9c:	460b      	mov	r3, r1
  400e9e:	4680      	mov	r8, r0
  400ea0:	4689      	mov	r9, r1
  400ea2:	f000 fb2f 	bl	401504 <__aeabi_dmul>
  400ea6:	a386      	add	r3, pc, #536	; (adr r3, 4010c0 <__ieee754_log+0x340>)
  400ea8:	e9d3 2300 	ldrd	r2, r3, [r3]
  400eac:	4604      	mov	r4, r0
  400eae:	460d      	mov	r5, r1
  400eb0:	f000 fb28 	bl	401504 <__aeabi_dmul>
  400eb4:	a384      	add	r3, pc, #528	; (adr r3, 4010c8 <__ieee754_log+0x348>)
  400eb6:	e9d3 2300 	ldrd	r2, r3, [r3]
  400eba:	f000 f96d 	bl	401198 <__adddf3>
  400ebe:	4622      	mov	r2, r4
  400ec0:	462b      	mov	r3, r5
  400ec2:	f000 fb1f 	bl	401504 <__aeabi_dmul>
  400ec6:	a382      	add	r3, pc, #520	; (adr r3, 4010d0 <__ieee754_log+0x350>)
  400ec8:	e9d3 2300 	ldrd	r2, r3, [r3]
  400ecc:	f000 f964 	bl	401198 <__adddf3>
  400ed0:	4622      	mov	r2, r4
  400ed2:	462b      	mov	r3, r5
  400ed4:	f000 fb16 	bl	401504 <__aeabi_dmul>
  400ed8:	a37f      	add	r3, pc, #508	; (adr r3, 4010d8 <__ieee754_log+0x358>)
  400eda:	e9d3 2300 	ldrd	r2, r3, [r3]
  400ede:	f000 f95b 	bl	401198 <__adddf3>
  400ee2:	4642      	mov	r2, r8
  400ee4:	464b      	mov	r3, r9
  400ee6:	f000 fb0d 	bl	401504 <__aeabi_dmul>
  400eea:	a37d      	add	r3, pc, #500	; (adr r3, 4010e0 <__ieee754_log+0x360>)
  400eec:	e9d3 2300 	ldrd	r2, r3, [r3]
  400ef0:	4680      	mov	r8, r0
  400ef2:	4689      	mov	r9, r1
  400ef4:	4620      	mov	r0, r4
  400ef6:	4629      	mov	r1, r5
  400ef8:	f000 fb04 	bl	401504 <__aeabi_dmul>
  400efc:	a37a      	add	r3, pc, #488	; (adr r3, 4010e8 <__ieee754_log+0x368>)
  400efe:	e9d3 2300 	ldrd	r2, r3, [r3]
  400f02:	f000 f949 	bl	401198 <__adddf3>
  400f06:	4622      	mov	r2, r4
  400f08:	462b      	mov	r3, r5
  400f0a:	f000 fafb 	bl	401504 <__aeabi_dmul>
  400f0e:	a378      	add	r3, pc, #480	; (adr r3, 4010f0 <__ieee754_log+0x370>)
  400f10:	e9d3 2300 	ldrd	r2, r3, [r3]
  400f14:	f000 f940 	bl	401198 <__adddf3>
  400f18:	4622      	mov	r2, r4
  400f1a:	462b      	mov	r3, r5
  400f1c:	f000 faf2 	bl	401504 <__aeabi_dmul>
  400f20:	460b      	mov	r3, r1
  400f22:	4602      	mov	r2, r0
  400f24:	4649      	mov	r1, r9
  400f26:	4640      	mov	r0, r8
  400f28:	f000 f936 	bl	401198 <__adddf3>
  400f2c:	f5c7 27d7 	rsb	r7, r7, #440320	; 0x6b800
  400f30:	9b01      	ldr	r3, [sp, #4]
  400f32:	3751      	adds	r7, #81	; 0x51
  400f34:	431f      	orrs	r7, r3
  400f36:	2f00      	cmp	r7, #0
  400f38:	4680      	mov	r8, r0
  400f3a:	4689      	mov	r9, r1
  400f3c:	dd55      	ble.n	400fea <__ieee754_log+0x26a>
  400f3e:	4b73      	ldr	r3, [pc, #460]	; (40110c <__ieee754_log+0x38c>)
  400f40:	2200      	movs	r2, #0
  400f42:	4650      	mov	r0, sl
  400f44:	4659      	mov	r1, fp
  400f46:	f000 fadd 	bl	401504 <__aeabi_dmul>
  400f4a:	4652      	mov	r2, sl
  400f4c:	465b      	mov	r3, fp
  400f4e:	f000 fad9 	bl	401504 <__aeabi_dmul>
  400f52:	4604      	mov	r4, r0
  400f54:	460d      	mov	r5, r1
  400f56:	2e00      	cmp	r6, #0
  400f58:	d15c      	bne.n	401014 <__ieee754_log+0x294>
  400f5a:	4622      	mov	r2, r4
  400f5c:	462b      	mov	r3, r5
  400f5e:	4640      	mov	r0, r8
  400f60:	4649      	mov	r1, r9
  400f62:	f000 f919 	bl	401198 <__adddf3>
  400f66:	e9dd 2302 	ldrd	r2, r3, [sp, #8]
  400f6a:	f000 facb 	bl	401504 <__aeabi_dmul>
  400f6e:	4602      	mov	r2, r0
  400f70:	460b      	mov	r3, r1
  400f72:	4620      	mov	r0, r4
  400f74:	4629      	mov	r1, r5
  400f76:	f000 f90d 	bl	401194 <__aeabi_dsub>
  400f7a:	4602      	mov	r2, r0
  400f7c:	460b      	mov	r3, r1
  400f7e:	4650      	mov	r0, sl
  400f80:	4659      	mov	r1, fp
  400f82:	f000 f907 	bl	401194 <__aeabi_dsub>
  400f86:	b007      	add	sp, #28
  400f88:	e8bd 8ff0 	ldmia.w	sp!, {r4, r5, r6, r7, r8, r9, sl, fp, pc}
  400f8c:	2200      	movs	r2, #0
  400f8e:	2300      	movs	r3, #0
  400f90:	495f      	ldr	r1, [pc, #380]	; (401110 <__ieee754_log+0x390>)
  400f92:	2000      	movs	r0, #0
  400f94:	f000 fbe0 	bl	401758 <__aeabi_ddiv>
  400f98:	b007      	add	sp, #28
  400f9a:	e8bd 8ff0 	ldmia.w	sp!, {r4, r5, r6, r7, r8, r9, sl, fp, pc}
  400f9e:	a356      	add	r3, pc, #344	; (adr r3, 4010f8 <__ieee754_log+0x378>)
  400fa0:	e9d3 2300 	ldrd	r2, r3, [r3]
  400fa4:	4650      	mov	r0, sl
  400fa6:	4659      	mov	r1, fp
  400fa8:	f000 faac 	bl	401504 <__aeabi_dmul>
  400fac:	4602      	mov	r2, r0
  400fae:	460b      	mov	r3, r1
  400fb0:	2000      	movs	r0, #0
  400fb2:	4956      	ldr	r1, [pc, #344]	; (40110c <__ieee754_log+0x38c>)
  400fb4:	f000 f8ee 	bl	401194 <__aeabi_dsub>
  400fb8:	4652      	mov	r2, sl
  400fba:	4604      	mov	r4, r0
  400fbc:	460d      	mov	r5, r1
  400fbe:	465b      	mov	r3, fp
  400fc0:	4650      	mov	r0, sl
  400fc2:	4659      	mov	r1, fp
  400fc4:	f000 fa9e 	bl	401504 <__aeabi_dmul>
  400fc8:	4602      	mov	r2, r0
  400fca:	460b      	mov	r3, r1
  400fcc:	4620      	mov	r0, r4
  400fce:	4629      	mov	r1, r5
  400fd0:	f000 fa98 	bl	401504 <__aeabi_dmul>
  400fd4:	4604      	mov	r4, r0
  400fd6:	460d      	mov	r5, r1
  400fd8:	2e00      	cmp	r6, #0
  400fda:	d150      	bne.n	40107e <__ieee754_log+0x2fe>
  400fdc:	4602      	mov	r2, r0
  400fde:	460b      	mov	r3, r1
  400fe0:	4650      	mov	r0, sl
  400fe2:	4659      	mov	r1, fp
  400fe4:	f000 f8d6 	bl	401194 <__aeabi_dsub>
  400fe8:	e735      	b.n	400e56 <__ieee754_log+0xd6>
  400fea:	2e00      	cmp	r6, #0
  400fec:	f040 8092 	bne.w	401114 <__ieee754_log+0x394>
  400ff0:	4602      	mov	r2, r0
  400ff2:	460b      	mov	r3, r1
  400ff4:	4650      	mov	r0, sl
  400ff6:	4659      	mov	r1, fp
  400ff8:	f000 f8cc 	bl	401194 <__aeabi_dsub>
  400ffc:	e9dd 2302 	ldrd	r2, r3, [sp, #8]
  401000:	f000 fa80 	bl	401504 <__aeabi_dmul>
  401004:	e7b9      	b.n	400f7a <__ieee754_log+0x1fa>
  401006:	f000 f8c5 	bl	401194 <__aeabi_dsub>
  40100a:	2200      	movs	r2, #0
  40100c:	2300      	movs	r3, #0
  40100e:	f000 fba3 	bl	401758 <__aeabi_ddiv>
  401012:	e720      	b.n	400e56 <__ieee754_log+0xd6>
  401014:	a326      	add	r3, pc, #152	; (adr r3, 4010b0 <__ieee754_log+0x330>)
  401016:	e9d3 2300 	ldrd	r2, r3, [r3]
  40101a:	e9dd 0104 	ldrd	r0, r1, [sp, #16]
  40101e:	f000 fa71 	bl	401504 <__aeabi_dmul>
  401022:	4622      	mov	r2, r4
  401024:	462b      	mov	r3, r5
  401026:	4606      	mov	r6, r0
  401028:	460f      	mov	r7, r1
  40102a:	4640      	mov	r0, r8
  40102c:	4649      	mov	r1, r9
  40102e:	f000 f8b3 	bl	401198 <__adddf3>
  401032:	e9dd 2302 	ldrd	r2, r3, [sp, #8]
  401036:	f000 fa65 	bl	401504 <__aeabi_dmul>
  40103a:	a31f      	add	r3, pc, #124	; (adr r3, 4010b8 <__ieee754_log+0x338>)
  40103c:	e9d3 2300 	ldrd	r2, r3, [r3]
  401040:	4680      	mov	r8, r0
  401042:	4689      	mov	r9, r1
  401044:	e9dd 0104 	ldrd	r0, r1, [sp, #16]
  401048:	f000 fa5c 	bl	401504 <__aeabi_dmul>
  40104c:	4602      	mov	r2, r0
  40104e:	460b      	mov	r3, r1
  401050:	4640      	mov	r0, r8
  401052:	4649      	mov	r1, r9
  401054:	f000 f8a0 	bl	401198 <__adddf3>
  401058:	4602      	mov	r2, r0
  40105a:	460b      	mov	r3, r1
  40105c:	4620      	mov	r0, r4
  40105e:	4629      	mov	r1, r5
  401060:	f000 f898 	bl	401194 <__aeabi_dsub>
  401064:	4652      	mov	r2, sl
  401066:	465b      	mov	r3, fp
  401068:	f000 f894 	bl	401194 <__aeabi_dsub>
  40106c:	4602      	mov	r2, r0
  40106e:	460b      	mov	r3, r1
  401070:	4630      	mov	r0, r6
  401072:	4639      	mov	r1, r7
  401074:	f000 f88e 	bl	401194 <__aeabi_dsub>
  401078:	b007      	add	sp, #28
  40107a:	e8bd 8ff0 	ldmia.w	sp!, {r4, r5, r6, r7, r8, r9, sl, fp, pc}
  40107e:	4630      	mov	r0, r6
  401080:	f000 f9d6 	bl	401430 <__aeabi_i2d>
  401084:	a30a      	add	r3, pc, #40	; (adr r3, 4010b0 <__ieee754_log+0x330>)
  401086:	e9d3 2300 	ldrd	r2, r3, [r3]
  40108a:	4680      	mov	r8, r0
  40108c:	4689      	mov	r9, r1
  40108e:	f000 fa39 	bl	401504 <__aeabi_dmul>
  401092:	a309      	add	r3, pc, #36	; (adr r3, 4010b8 <__ieee754_log+0x338>)
  401094:	e9d3 2300 	ldrd	r2, r3, [r3]
  401098:	4606      	mov	r6, r0
  40109a:	460f      	mov	r7, r1
  40109c:	4640      	mov	r0, r8
  40109e:	4649      	mov	r1, r9
  4010a0:	f000 fa30 	bl	401504 <__aeabi_dmul>
  4010a4:	e7d8      	b.n	401058 <__ieee754_log+0x2d8>
  4010a6:	2000      	movs	r0, #0
  4010a8:	2100      	movs	r1, #0
  4010aa:	e6d4      	b.n	400e56 <__ieee754_log+0xd6>
  4010ac:	f3af 8000 	nop.w
  4010b0:	fee00000 	.word	0xfee00000
  4010b4:	3fe62e42 	.word	0x3fe62e42
  4010b8:	35793c76 	.word	0x35793c76
  4010bc:	3dea39ef 	.word	0x3dea39ef
  4010c0:	df3e5244 	.word	0xdf3e5244
  4010c4:	3fc2f112 	.word	0x3fc2f112
  4010c8:	96cb03de 	.word	0x96cb03de
  4010cc:	3fc74664 	.word	0x3fc74664
  4010d0:	94229359 	.word	0x94229359
  4010d4:	3fd24924 	.word	0x3fd24924
  4010d8:	55555593 	.word	0x55555593
  4010dc:	3fe55555 	.word	0x3fe55555
  4010e0:	d078c69f 	.word	0xd078c69f
  4010e4:	3fc39a09 	.word	0x3fc39a09
  4010e8:	1d8e78af 	.word	0x1d8e78af
  4010ec:	3fcc71c5 	.word	0x3fcc71c5
  4010f0:	9997fa04 	.word	0x9997fa04
  4010f4:	3fd99999 	.word	0x3fd99999
  4010f8:	55555555 	.word	0x55555555
  4010fc:	3fd55555 	.word	0x3fd55555
  401100:	43500000 	.word	0x43500000
  401104:	7fefffff 	.word	0x7fefffff
  401108:	3ff00000 	.word	0x3ff00000
  40110c:	3fe00000 	.word	0x3fe00000
  401110:	c3500000 	.word	0xc3500000
  401114:	a316      	add	r3, pc, #88	; (adr r3, 401170 <__ieee754_log+0x3f0>)
  401116:	e9d3 2300 	ldrd	r2, r3, [r3]
  40111a:	e9dd 0104 	ldrd	r0, r1, [sp, #16]
  40111e:	f000 f9f1 	bl	401504 <__aeabi_dmul>
  401122:	4642      	mov	r2, r8
  401124:	464b      	mov	r3, r9
  401126:	4604      	mov	r4, r0
  401128:	460d      	mov	r5, r1
  40112a:	4650      	mov	r0, sl
  40112c:	4659      	mov	r1, fp
  40112e:	f000 f831 	bl	401194 <__aeabi_dsub>
  401132:	e9dd 2302 	ldrd	r2, r3, [sp, #8]
  401136:	f000 f9e5 	bl	401504 <__aeabi_dmul>
  40113a:	a30f      	add	r3, pc, #60	; (adr r3, 401178 <__ieee754_log+0x3f8>)
  40113c:	e9d3 2300 	ldrd	r2, r3, [r3]
  401140:	4606      	mov	r6, r0
  401142:	460f      	mov	r7, r1
  401144:	e9dd 0104 	ldrd	r0, r1, [sp, #16]
  401148:	f000 f9dc 	bl	401504 <__aeabi_dmul>
  40114c:	4602      	mov	r2, r0
  40114e:	460b      	mov	r3, r1
  401150:	4630      	mov	r0, r6
  401152:	4639      	mov	r1, r7
  401154:	f000 f81e 	bl	401194 <__aeabi_dsub>
  401158:	4652      	mov	r2, sl
  40115a:	465b      	mov	r3, fp
  40115c:	f000 f81a 	bl	401194 <__aeabi_dsub>
  401160:	4602      	mov	r2, r0
  401162:	460b      	mov	r3, r1
  401164:	4620      	mov	r0, r4
  401166:	4629      	mov	r1, r5
  401168:	f000 f814 	bl	401194 <__aeabi_dsub>
  40116c:	e673      	b.n	400e56 <__ieee754_log+0xd6>
  40116e:	bf00      	nop
  401170:	fee00000 	.word	0xfee00000
  401174:	3fe62e42 	.word	0x3fe62e42
  401178:	35793c76 	.word	0x35793c76
  40117c:	3dea39ef 	.word	0x3dea39ef

00401180 <nan>:
  401180:	4901      	ldr	r1, [pc, #4]	; (401188 <nan+0x8>)
  401182:	2000      	movs	r0, #0
  401184:	4770      	bx	lr
  401186:	bf00      	nop
  401188:	7ff80000 	.word	0x7ff80000

0040118c <__aeabi_drsub>:
  40118c:	f081 4100 	eor.w	r1, r1, #2147483648	; 0x80000000
  401190:	e002      	b.n	401198 <__adddf3>
  401192:	bf00      	nop

00401194 <__aeabi_dsub>:
  401194:	f083 4300 	eor.w	r3, r3, #2147483648	; 0x80000000

00401198 <__adddf3>:
  401198:	b530      	push	{r4, r5, lr}
  40119a:	ea4f 0441 	mov.w	r4, r1, lsl #1
  40119e:	ea4f 0543 	mov.w	r5, r3, lsl #1
  4011a2:	ea94 0f05 	teq	r4, r5
  4011a6:	bf08      	it	eq
  4011a8:	ea90 0f02 	teqeq	r0, r2
  4011ac:	bf1f      	itttt	ne
  4011ae:	ea54 0c00 	orrsne.w	ip, r4, r0
  4011b2:	ea55 0c02 	orrsne.w	ip, r5, r2
  4011b6:	ea7f 5c64 	mvnsne.w	ip, r4, asr #21
  4011ba:	ea7f 5c65 	mvnsne.w	ip, r5, asr #21
  4011be:	f000 80e2 	beq.w	401386 <__adddf3+0x1ee>
  4011c2:	ea4f 5454 	mov.w	r4, r4, lsr #21
  4011c6:	ebd4 5555 	rsbs	r5, r4, r5, lsr #21
  4011ca:	bfb8      	it	lt
  4011cc:	426d      	neglt	r5, r5
  4011ce:	dd0c      	ble.n	4011ea <__adddf3+0x52>
  4011d0:	442c      	add	r4, r5
  4011d2:	ea80 0202 	eor.w	r2, r0, r2
  4011d6:	ea81 0303 	eor.w	r3, r1, r3
  4011da:	ea82 0000 	eor.w	r0, r2, r0
  4011de:	ea83 0101 	eor.w	r1, r3, r1
  4011e2:	ea80 0202 	eor.w	r2, r0, r2
  4011e6:	ea81 0303 	eor.w	r3, r1, r3
  4011ea:	2d36      	cmp	r5, #54	; 0x36
  4011ec:	bf88      	it	hi
  4011ee:	bd30      	pophi	{r4, r5, pc}
  4011f0:	f011 4f00 	tst.w	r1, #2147483648	; 0x80000000
  4011f4:	ea4f 3101 	mov.w	r1, r1, lsl #12
  4011f8:	f44f 1c80 	mov.w	ip, #1048576	; 0x100000
  4011fc:	ea4c 3111 	orr.w	r1, ip, r1, lsr #12
  401200:	d002      	beq.n	401208 <__adddf3+0x70>
  401202:	4240      	negs	r0, r0
  401204:	eb61 0141 	sbc.w	r1, r1, r1, lsl #1
  401208:	f013 4f00 	tst.w	r3, #2147483648	; 0x80000000
  40120c:	ea4f 3303 	mov.w	r3, r3, lsl #12
  401210:	ea4c 3313 	orr.w	r3, ip, r3, lsr #12
  401214:	d002      	beq.n	40121c <__adddf3+0x84>
  401216:	4252      	negs	r2, r2
  401218:	eb63 0343 	sbc.w	r3, r3, r3, lsl #1
  40121c:	ea94 0f05 	teq	r4, r5
  401220:	f000 80a7 	beq.w	401372 <__adddf3+0x1da>
  401224:	f1a4 0401 	sub.w	r4, r4, #1
  401228:	f1d5 0e20 	rsbs	lr, r5, #32
  40122c:	db0d      	blt.n	40124a <__adddf3+0xb2>
  40122e:	fa02 fc0e 	lsl.w	ip, r2, lr
  401232:	fa22 f205 	lsr.w	r2, r2, r5
  401236:	1880      	adds	r0, r0, r2
  401238:	f141 0100 	adc.w	r1, r1, #0
  40123c:	fa03 f20e 	lsl.w	r2, r3, lr
  401240:	1880      	adds	r0, r0, r2
  401242:	fa43 f305 	asr.w	r3, r3, r5
  401246:	4159      	adcs	r1, r3
  401248:	e00e      	b.n	401268 <__adddf3+0xd0>
  40124a:	f1a5 0520 	sub.w	r5, r5, #32
  40124e:	f10e 0e20 	add.w	lr, lr, #32
  401252:	2a01      	cmp	r2, #1
  401254:	fa03 fc0e 	lsl.w	ip, r3, lr
  401258:	bf28      	it	cs
  40125a:	f04c 0c02 	orrcs.w	ip, ip, #2
  40125e:	fa43 f305 	asr.w	r3, r3, r5
  401262:	18c0      	adds	r0, r0, r3
  401264:	eb51 71e3 	adcs.w	r1, r1, r3, asr #31
  401268:	f001 4500 	and.w	r5, r1, #2147483648	; 0x80000000
  40126c:	d507      	bpl.n	40127e <__adddf3+0xe6>
  40126e:	f04f 0e00 	mov.w	lr, #0
  401272:	f1dc 0c00 	rsbs	ip, ip, #0
  401276:	eb7e 0000 	sbcs.w	r0, lr, r0
  40127a:	eb6e 0101 	sbc.w	r1, lr, r1
  40127e:	f5b1 1f80 	cmp.w	r1, #1048576	; 0x100000
  401282:	d31b      	bcc.n	4012bc <__adddf3+0x124>
  401284:	f5b1 1f00 	cmp.w	r1, #2097152	; 0x200000
  401288:	d30c      	bcc.n	4012a4 <__adddf3+0x10c>
  40128a:	0849      	lsrs	r1, r1, #1
  40128c:	ea5f 0030 	movs.w	r0, r0, rrx
  401290:	ea4f 0c3c 	mov.w	ip, ip, rrx
  401294:	f104 0401 	add.w	r4, r4, #1
  401298:	ea4f 5244 	mov.w	r2, r4, lsl #21
  40129c:	f512 0f80 	cmn.w	r2, #4194304	; 0x400000
  4012a0:	f080 809a 	bcs.w	4013d8 <__adddf3+0x240>
  4012a4:	f1bc 4f00 	cmp.w	ip, #2147483648	; 0x80000000
  4012a8:	bf08      	it	eq
  4012aa:	ea5f 0c50 	movseq.w	ip, r0, lsr #1
  4012ae:	f150 0000 	adcs.w	r0, r0, #0
  4012b2:	eb41 5104 	adc.w	r1, r1, r4, lsl #20
  4012b6:	ea41 0105 	orr.w	r1, r1, r5
  4012ba:	bd30      	pop	{r4, r5, pc}
  4012bc:	ea5f 0c4c 	movs.w	ip, ip, lsl #1
  4012c0:	4140      	adcs	r0, r0
  4012c2:	eb41 0101 	adc.w	r1, r1, r1
  4012c6:	3c01      	subs	r4, #1
  4012c8:	bf28      	it	cs
  4012ca:	f5b1 1f80 	cmpcs.w	r1, #1048576	; 0x100000
  4012ce:	d2e9      	bcs.n	4012a4 <__adddf3+0x10c>
  4012d0:	f091 0f00 	teq	r1, #0
  4012d4:	bf04      	itt	eq
  4012d6:	4601      	moveq	r1, r0
  4012d8:	2000      	moveq	r0, #0
  4012da:	fab1 f381 	clz	r3, r1
  4012de:	bf08      	it	eq
  4012e0:	3320      	addeq	r3, #32
  4012e2:	f1a3 030b 	sub.w	r3, r3, #11
  4012e6:	f1b3 0220 	subs.w	r2, r3, #32
  4012ea:	da0c      	bge.n	401306 <__adddf3+0x16e>
  4012ec:	320c      	adds	r2, #12
  4012ee:	dd08      	ble.n	401302 <__adddf3+0x16a>
  4012f0:	f102 0c14 	add.w	ip, r2, #20
  4012f4:	f1c2 020c 	rsb	r2, r2, #12
  4012f8:	fa01 f00c 	lsl.w	r0, r1, ip
  4012fc:	fa21 f102 	lsr.w	r1, r1, r2
  401300:	e00c      	b.n	40131c <__adddf3+0x184>
  401302:	f102 0214 	add.w	r2, r2, #20
  401306:	bfd8      	it	le
  401308:	f1c2 0c20 	rsble	ip, r2, #32
  40130c:	fa01 f102 	lsl.w	r1, r1, r2
  401310:	fa20 fc0c 	lsr.w	ip, r0, ip
  401314:	bfdc      	itt	le
  401316:	ea41 010c 	orrle.w	r1, r1, ip
  40131a:	4090      	lslle	r0, r2
  40131c:	1ae4      	subs	r4, r4, r3
  40131e:	bfa2      	ittt	ge
  401320:	eb01 5104 	addge.w	r1, r1, r4, lsl #20
  401324:	4329      	orrge	r1, r5
  401326:	bd30      	popge	{r4, r5, pc}
  401328:	ea6f 0404 	mvn.w	r4, r4
  40132c:	3c1f      	subs	r4, #31
  40132e:	da1c      	bge.n	40136a <__adddf3+0x1d2>
  401330:	340c      	adds	r4, #12
  401332:	dc0e      	bgt.n	401352 <__adddf3+0x1ba>
  401334:	f104 0414 	add.w	r4, r4, #20
  401338:	f1c4 0220 	rsb	r2, r4, #32
  40133c:	fa20 f004 	lsr.w	r0, r0, r4
  401340:	fa01 f302 	lsl.w	r3, r1, r2
  401344:	ea40 0003 	orr.w	r0, r0, r3
  401348:	fa21 f304 	lsr.w	r3, r1, r4
  40134c:	ea45 0103 	orr.w	r1, r5, r3
  401350:	bd30      	pop	{r4, r5, pc}
  401352:	f1c4 040c 	rsb	r4, r4, #12
  401356:	f1c4 0220 	rsb	r2, r4, #32
  40135a:	fa20 f002 	lsr.w	r0, r0, r2
  40135e:	fa01 f304 	lsl.w	r3, r1, r4
  401362:	ea40 0003 	orr.w	r0, r0, r3
  401366:	4629      	mov	r1, r5
  401368:	bd30      	pop	{r4, r5, pc}
  40136a:	fa21 f004 	lsr.w	r0, r1, r4
  40136e:	4629      	mov	r1, r5
  401370:	bd30      	pop	{r4, r5, pc}
  401372:	f094 0f00 	teq	r4, #0
  401376:	f483 1380 	eor.w	r3, r3, #1048576	; 0x100000
  40137a:	bf06      	itte	eq
  40137c:	f481 1180 	eoreq.w	r1, r1, #1048576	; 0x100000
  401380:	3401      	addeq	r4, #1
  401382:	3d01      	subne	r5, #1
  401384:	e74e      	b.n	401224 <__adddf3+0x8c>
  401386:	ea7f 5c64 	mvns.w	ip, r4, asr #21
  40138a:	bf18      	it	ne
  40138c:	ea7f 5c65 	mvnsne.w	ip, r5, asr #21
  401390:	d029      	beq.n	4013e6 <__adddf3+0x24e>
  401392:	ea94 0f05 	teq	r4, r5
  401396:	bf08      	it	eq
  401398:	ea90 0f02 	teqeq	r0, r2
  40139c:	d005      	beq.n	4013aa <__adddf3+0x212>
  40139e:	ea54 0c00 	orrs.w	ip, r4, r0
  4013a2:	bf04      	itt	eq
  4013a4:	4619      	moveq	r1, r3
  4013a6:	4610      	moveq	r0, r2
  4013a8:	bd30      	pop	{r4, r5, pc}
  4013aa:	ea91 0f03 	teq	r1, r3
  4013ae:	bf1e      	ittt	ne
  4013b0:	2100      	movne	r1, #0
  4013b2:	2000      	movne	r0, #0
  4013b4:	bd30      	popne	{r4, r5, pc}
  4013b6:	ea5f 5c54 	movs.w	ip, r4, lsr #21
  4013ba:	d105      	bne.n	4013c8 <__adddf3+0x230>
  4013bc:	0040      	lsls	r0, r0, #1
  4013be:	4149      	adcs	r1, r1
  4013c0:	bf28      	it	cs
  4013c2:	f041 4100 	orrcs.w	r1, r1, #2147483648	; 0x80000000
  4013c6:	bd30      	pop	{r4, r5, pc}
  4013c8:	f514 0480 	adds.w	r4, r4, #4194304	; 0x400000
  4013cc:	bf3c      	itt	cc
  4013ce:	f501 1180 	addcc.w	r1, r1, #1048576	; 0x100000
  4013d2:	bd30      	popcc	{r4, r5, pc}
  4013d4:	f001 4500 	and.w	r5, r1, #2147483648	; 0x80000000
  4013d8:	f045 41fe 	orr.w	r1, r5, #2130706432	; 0x7f000000
  4013dc:	f441 0170 	orr.w	r1, r1, #15728640	; 0xf00000
  4013e0:	f04f 0000 	mov.w	r0, #0
  4013e4:	bd30      	pop	{r4, r5, pc}
  4013e6:	ea7f 5c64 	mvns.w	ip, r4, asr #21
  4013ea:	bf1a      	itte	ne
  4013ec:	4619      	movne	r1, r3
  4013ee:	4610      	movne	r0, r2
  4013f0:	ea7f 5c65 	mvnseq.w	ip, r5, asr #21
  4013f4:	bf1c      	itt	ne
  4013f6:	460b      	movne	r3, r1
  4013f8:	4602      	movne	r2, r0
  4013fa:	ea50 3401 	orrs.w	r4, r0, r1, lsl #12
  4013fe:	bf06      	itte	eq
  401400:	ea52 3503 	orrseq.w	r5, r2, r3, lsl #12
  401404:	ea91 0f03 	teqeq	r1, r3
  401408:	f441 2100 	orrne.w	r1, r1, #524288	; 0x80000
  40140c:	bd30      	pop	{r4, r5, pc}
  40140e:	bf00      	nop

00401410 <__aeabi_ui2d>:
  401410:	f090 0f00 	teq	r0, #0
  401414:	bf04      	itt	eq
  401416:	2100      	moveq	r1, #0
  401418:	4770      	bxeq	lr
  40141a:	b530      	push	{r4, r5, lr}
  40141c:	f44f 6480 	mov.w	r4, #1024	; 0x400
  401420:	f104 0432 	add.w	r4, r4, #50	; 0x32
  401424:	f04f 0500 	mov.w	r5, #0
  401428:	f04f 0100 	mov.w	r1, #0
  40142c:	e750      	b.n	4012d0 <__adddf3+0x138>
  40142e:	bf00      	nop

00401430 <__aeabi_i2d>:
  401430:	f090 0f00 	teq	r0, #0
  401434:	bf04      	itt	eq
  401436:	2100      	moveq	r1, #0
  401438:	4770      	bxeq	lr
  40143a:	b530      	push	{r4, r5, lr}
  40143c:	f44f 6480 	mov.w	r4, #1024	; 0x400
  401440:	f104 0432 	add.w	r4, r4, #50	; 0x32
  401444:	f010 4500 	ands.w	r5, r0, #2147483648	; 0x80000000
  401448:	bf48      	it	mi
  40144a:	4240      	negmi	r0, r0
  40144c:	f04f 0100 	mov.w	r1, #0
  401450:	e73e      	b.n	4012d0 <__adddf3+0x138>
  401452:	bf00      	nop

00401454 <__aeabi_f2d>:
  401454:	0042      	lsls	r2, r0, #1
  401456:	ea4f 01e2 	mov.w	r1, r2, asr #3
  40145a:	ea4f 0131 	mov.w	r1, r1, rrx
  40145e:	ea4f 7002 	mov.w	r0, r2, lsl #28
  401462:	bf1f      	itttt	ne
  401464:	f012 437f 	andsne.w	r3, r2, #4278190080	; 0xff000000
  401468:	f093 4f7f 	teqne	r3, #4278190080	; 0xff000000
  40146c:	f081 5160 	eorne.w	r1, r1, #939524096	; 0x38000000
  401470:	4770      	bxne	lr
  401472:	f032 427f 	bics.w	r2, r2, #4278190080	; 0xff000000
  401476:	bf08      	it	eq
  401478:	4770      	bxeq	lr
  40147a:	f093 4f7f 	teq	r3, #4278190080	; 0xff000000
  40147e:	bf04      	itt	eq
  401480:	f441 2100 	orreq.w	r1, r1, #524288	; 0x80000
  401484:	4770      	bxeq	lr
  401486:	b530      	push	{r4, r5, lr}
  401488:	f44f 7460 	mov.w	r4, #896	; 0x380
  40148c:	f001 4500 	and.w	r5, r1, #2147483648	; 0x80000000
  401490:	f021 4100 	bic.w	r1, r1, #2147483648	; 0x80000000
  401494:	e71c      	b.n	4012d0 <__adddf3+0x138>
  401496:	bf00      	nop

00401498 <__aeabi_ul2d>:
  401498:	ea50 0201 	orrs.w	r2, r0, r1
  40149c:	bf08      	it	eq
  40149e:	4770      	bxeq	lr
  4014a0:	b530      	push	{r4, r5, lr}
  4014a2:	f04f 0500 	mov.w	r5, #0
  4014a6:	e00a      	b.n	4014be <__aeabi_l2d+0x16>

004014a8 <__aeabi_l2d>:
  4014a8:	ea50 0201 	orrs.w	r2, r0, r1
  4014ac:	bf08      	it	eq
  4014ae:	4770      	bxeq	lr
  4014b0:	b530      	push	{r4, r5, lr}
  4014b2:	f011 4500 	ands.w	r5, r1, #2147483648	; 0x80000000
  4014b6:	d502      	bpl.n	4014be <__aeabi_l2d+0x16>
  4014b8:	4240      	negs	r0, r0
  4014ba:	eb61 0141 	sbc.w	r1, r1, r1, lsl #1
  4014be:	f44f 6480 	mov.w	r4, #1024	; 0x400
  4014c2:	f104 0432 	add.w	r4, r4, #50	; 0x32
  4014c6:	ea5f 5c91 	movs.w	ip, r1, lsr #22
  4014ca:	f43f aed8 	beq.w	40127e <__adddf3+0xe6>
  4014ce:	f04f 0203 	mov.w	r2, #3
  4014d2:	ea5f 0cdc 	movs.w	ip, ip, lsr #3
  4014d6:	bf18      	it	ne
  4014d8:	3203      	addne	r2, #3
  4014da:	ea5f 0cdc 	movs.w	ip, ip, lsr #3
  4014de:	bf18      	it	ne
  4014e0:	3203      	addne	r2, #3
  4014e2:	eb02 02dc 	add.w	r2, r2, ip, lsr #3
  4014e6:	f1c2 0320 	rsb	r3, r2, #32
  4014ea:	fa00 fc03 	lsl.w	ip, r0, r3
  4014ee:	fa20 f002 	lsr.w	r0, r0, r2
  4014f2:	fa01 fe03 	lsl.w	lr, r1, r3
  4014f6:	ea40 000e 	orr.w	r0, r0, lr
  4014fa:	fa21 f102 	lsr.w	r1, r1, r2
  4014fe:	4414      	add	r4, r2
  401500:	e6bd      	b.n	40127e <__adddf3+0xe6>
  401502:	bf00      	nop

00401504 <__aeabi_dmul>:
  401504:	b570      	push	{r4, r5, r6, lr}
  401506:	f04f 0cff 	mov.w	ip, #255	; 0xff
  40150a:	f44c 6ce0 	orr.w	ip, ip, #1792	; 0x700
  40150e:	ea1c 5411 	ands.w	r4, ip, r1, lsr #20
  401512:	bf1d      	ittte	ne
  401514:	ea1c 5513 	andsne.w	r5, ip, r3, lsr #20
  401518:	ea94 0f0c 	teqne	r4, ip
  40151c:	ea95 0f0c 	teqne	r5, ip
  401520:	f000 f8de 	bleq	4016e0 <__aeabi_dmul+0x1dc>
  401524:	442c      	add	r4, r5
  401526:	ea81 0603 	eor.w	r6, r1, r3
  40152a:	ea21 514c 	bic.w	r1, r1, ip, lsl #21
  40152e:	ea23 534c 	bic.w	r3, r3, ip, lsl #21
  401532:	ea50 3501 	orrs.w	r5, r0, r1, lsl #12
  401536:	bf18      	it	ne
  401538:	ea52 3503 	orrsne.w	r5, r2, r3, lsl #12
  40153c:	f441 1180 	orr.w	r1, r1, #1048576	; 0x100000
  401540:	f443 1380 	orr.w	r3, r3, #1048576	; 0x100000
  401544:	d038      	beq.n	4015b8 <__aeabi_dmul+0xb4>
  401546:	fba0 ce02 	umull	ip, lr, r0, r2
  40154a:	f04f 0500 	mov.w	r5, #0
  40154e:	fbe1 e502 	umlal	lr, r5, r1, r2
  401552:	f006 4200 	and.w	r2, r6, #2147483648	; 0x80000000
  401556:	fbe0 e503 	umlal	lr, r5, r0, r3
  40155a:	f04f 0600 	mov.w	r6, #0
  40155e:	fbe1 5603 	umlal	r5, r6, r1, r3
  401562:	f09c 0f00 	teq	ip, #0
  401566:	bf18      	it	ne
  401568:	f04e 0e01 	orrne.w	lr, lr, #1
  40156c:	f1a4 04ff 	sub.w	r4, r4, #255	; 0xff
  401570:	f5b6 7f00 	cmp.w	r6, #512	; 0x200
  401574:	f564 7440 	sbc.w	r4, r4, #768	; 0x300
  401578:	d204      	bcs.n	401584 <__aeabi_dmul+0x80>
  40157a:	ea5f 0e4e 	movs.w	lr, lr, lsl #1
  40157e:	416d      	adcs	r5, r5
  401580:	eb46 0606 	adc.w	r6, r6, r6
  401584:	ea42 21c6 	orr.w	r1, r2, r6, lsl #11
  401588:	ea41 5155 	orr.w	r1, r1, r5, lsr #21
  40158c:	ea4f 20c5 	mov.w	r0, r5, lsl #11
  401590:	ea40 505e 	orr.w	r0, r0, lr, lsr #21
  401594:	ea4f 2ece 	mov.w	lr, lr, lsl #11
  401598:	f1b4 0cfd 	subs.w	ip, r4, #253	; 0xfd
  40159c:	bf88      	it	hi
  40159e:	f5bc 6fe0 	cmphi.w	ip, #1792	; 0x700
  4015a2:	d81e      	bhi.n	4015e2 <__aeabi_dmul+0xde>
  4015a4:	f1be 4f00 	cmp.w	lr, #2147483648	; 0x80000000
  4015a8:	bf08      	it	eq
  4015aa:	ea5f 0e50 	movseq.w	lr, r0, lsr #1
  4015ae:	f150 0000 	adcs.w	r0, r0, #0
  4015b2:	eb41 5104 	adc.w	r1, r1, r4, lsl #20
  4015b6:	bd70      	pop	{r4, r5, r6, pc}
  4015b8:	f006 4600 	and.w	r6, r6, #2147483648	; 0x80000000
  4015bc:	ea46 0101 	orr.w	r1, r6, r1
  4015c0:	ea40 0002 	orr.w	r0, r0, r2
  4015c4:	ea81 0103 	eor.w	r1, r1, r3
  4015c8:	ebb4 045c 	subs.w	r4, r4, ip, lsr #1
  4015cc:	bfc2      	ittt	gt
  4015ce:	ebd4 050c 	rsbsgt	r5, r4, ip
  4015d2:	ea41 5104 	orrgt.w	r1, r1, r4, lsl #20
  4015d6:	bd70      	popgt	{r4, r5, r6, pc}
  4015d8:	f441 1180 	orr.w	r1, r1, #1048576	; 0x100000
  4015dc:	f04f 0e00 	mov.w	lr, #0
  4015e0:	3c01      	subs	r4, #1
  4015e2:	f300 80ab 	bgt.w	40173c <__aeabi_dmul+0x238>
  4015e6:	f114 0f36 	cmn.w	r4, #54	; 0x36
  4015ea:	bfde      	ittt	le
  4015ec:	2000      	movle	r0, #0
  4015ee:	f001 4100 	andle.w	r1, r1, #2147483648	; 0x80000000
  4015f2:	bd70      	pople	{r4, r5, r6, pc}
  4015f4:	f1c4 0400 	rsb	r4, r4, #0
  4015f8:	3c20      	subs	r4, #32
  4015fa:	da35      	bge.n	401668 <__aeabi_dmul+0x164>
  4015fc:	340c      	adds	r4, #12
  4015fe:	dc1b      	bgt.n	401638 <__aeabi_dmul+0x134>
  401600:	f104 0414 	add.w	r4, r4, #20
  401604:	f1c4 0520 	rsb	r5, r4, #32
  401608:	fa00 f305 	lsl.w	r3, r0, r5
  40160c:	fa20 f004 	lsr.w	r0, r0, r4
  401610:	fa01 f205 	lsl.w	r2, r1, r5
  401614:	ea40 0002 	orr.w	r0, r0, r2
  401618:	f001 4200 	and.w	r2, r1, #2147483648	; 0x80000000
  40161c:	f021 4100 	bic.w	r1, r1, #2147483648	; 0x80000000
  401620:	eb10 70d3 	adds.w	r0, r0, r3, lsr #31
  401624:	fa21 f604 	lsr.w	r6, r1, r4
  401628:	eb42 0106 	adc.w	r1, r2, r6
  40162c:	ea5e 0e43 	orrs.w	lr, lr, r3, lsl #1
  401630:	bf08      	it	eq
  401632:	ea20 70d3 	biceq.w	r0, r0, r3, lsr #31
  401636:	bd70      	pop	{r4, r5, r6, pc}
  401638:	f1c4 040c 	rsb	r4, r4, #12
  40163c:	f1c4 0520 	rsb	r5, r4, #32
  401640:	fa00 f304 	lsl.w	r3, r0, r4
  401644:	fa20 f005 	lsr.w	r0, r0, r5
  401648:	fa01 f204 	lsl.w	r2, r1, r4
  40164c:	ea40 0002 	orr.w	r0, r0, r2
  401650:	f001 4100 	and.w	r1, r1, #2147483648	; 0x80000000
  401654:	eb10 70d3 	adds.w	r0, r0, r3, lsr #31
  401658:	f141 0100 	adc.w	r1, r1, #0
  40165c:	ea5e 0e43 	orrs.w	lr, lr, r3, lsl #1
  401660:	bf08      	it	eq
  401662:	ea20 70d3 	biceq.w	r0, r0, r3, lsr #31
  401666:	bd70      	pop	{r4, r5, r6, pc}
  401668:	f1c4 0520 	rsb	r5, r4, #32
  40166c:	fa00 f205 	lsl.w	r2, r0, r5
  401670:	ea4e 0e02 	orr.w	lr, lr, r2
  401674:	fa20 f304 	lsr.w	r3, r0, r4
  401678:	fa01 f205 	lsl.w	r2, r1, r5
  40167c:	ea43 0302 	orr.w	r3, r3, r2
  401680:	fa21 f004 	lsr.w	r0, r1, r4
  401684:	f001 4100 	and.w	r1, r1, #2147483648	; 0x80000000
  401688:	fa21 f204 	lsr.w	r2, r1, r4
  40168c:	ea20 0002 	bic.w	r0, r0, r2
  401690:	eb00 70d3 	add.w	r0, r0, r3, lsr #31
  401694:	ea5e 0e43 	orrs.w	lr, lr, r3, lsl #1
  401698:	bf08      	it	eq
  40169a:	ea20 70d3 	biceq.w	r0, r0, r3, lsr #31
  40169e:	bd70      	pop	{r4, r5, r6, pc}
  4016a0:	f094 0f00 	teq	r4, #0
  4016a4:	d10f      	bne.n	4016c6 <__aeabi_dmul+0x1c2>
  4016a6:	f001 4600 	and.w	r6, r1, #2147483648	; 0x80000000
  4016aa:	0040      	lsls	r0, r0, #1
  4016ac:	eb41 0101 	adc.w	r1, r1, r1
  4016b0:	f411 1f80 	tst.w	r1, #1048576	; 0x100000
  4016b4:	bf08      	it	eq
  4016b6:	3c01      	subeq	r4, #1
  4016b8:	d0f7      	beq.n	4016aa <__aeabi_dmul+0x1a6>
  4016ba:	ea41 0106 	orr.w	r1, r1, r6
  4016be:	f095 0f00 	teq	r5, #0
  4016c2:	bf18      	it	ne
  4016c4:	4770      	bxne	lr
  4016c6:	f003 4600 	and.w	r6, r3, #2147483648	; 0x80000000
  4016ca:	0052      	lsls	r2, r2, #1
  4016cc:	eb43 0303 	adc.w	r3, r3, r3
  4016d0:	f413 1f80 	tst.w	r3, #1048576	; 0x100000
  4016d4:	bf08      	it	eq
  4016d6:	3d01      	subeq	r5, #1
  4016d8:	d0f7      	beq.n	4016ca <__aeabi_dmul+0x1c6>
  4016da:	ea43 0306 	orr.w	r3, r3, r6
  4016de:	4770      	bx	lr
  4016e0:	ea94 0f0c 	teq	r4, ip
  4016e4:	ea0c 5513 	and.w	r5, ip, r3, lsr #20
  4016e8:	bf18      	it	ne
  4016ea:	ea95 0f0c 	teqne	r5, ip
  4016ee:	d00c      	beq.n	40170a <__aeabi_dmul+0x206>
  4016f0:	ea50 0641 	orrs.w	r6, r0, r1, lsl #1
  4016f4:	bf18      	it	ne
  4016f6:	ea52 0643 	orrsne.w	r6, r2, r3, lsl #1
  4016fa:	d1d1      	bne.n	4016a0 <__aeabi_dmul+0x19c>
  4016fc:	ea81 0103 	eor.w	r1, r1, r3
  401700:	f001 4100 	and.w	r1, r1, #2147483648	; 0x80000000
  401704:	f04f 0000 	mov.w	r0, #0
  401708:	bd70      	pop	{r4, r5, r6, pc}
  40170a:	ea50 0641 	orrs.w	r6, r0, r1, lsl #1
  40170e:	bf06      	itte	eq
  401710:	4610      	moveq	r0, r2
  401712:	4619      	moveq	r1, r3
  401714:	ea52 0643 	orrsne.w	r6, r2, r3, lsl #1
  401718:	d019      	beq.n	40174e <__aeabi_dmul+0x24a>
  40171a:	ea94 0f0c 	teq	r4, ip
  40171e:	d102      	bne.n	401726 <__aeabi_dmul+0x222>
  401720:	ea50 3601 	orrs.w	r6, r0, r1, lsl #12
  401724:	d113      	bne.n	40174e <__aeabi_dmul+0x24a>
  401726:	ea95 0f0c 	teq	r5, ip
  40172a:	d105      	bne.n	401738 <__aeabi_dmul+0x234>
  40172c:	ea52 3603 	orrs.w	r6, r2, r3, lsl #12
  401730:	bf1c      	itt	ne
  401732:	4610      	movne	r0, r2
  401734:	4619      	movne	r1, r3
  401736:	d10a      	bne.n	40174e <__aeabi_dmul+0x24a>
  401738:	ea81 0103 	eor.w	r1, r1, r3
  40173c:	f001 4100 	and.w	r1, r1, #2147483648	; 0x80000000
  401740:	f041 41fe 	orr.w	r1, r1, #2130706432	; 0x7f000000
  401744:	f441 0170 	orr.w	r1, r1, #15728640	; 0xf00000
  401748:	f04f 0000 	mov.w	r0, #0
  40174c:	bd70      	pop	{r4, r5, r6, pc}
  40174e:	f041 41fe 	orr.w	r1, r1, #2130706432	; 0x7f000000
  401752:	f441 0178 	orr.w	r1, r1, #16252928	; 0xf80000
  401756:	bd70      	pop	{r4, r5, r6, pc}

00401758 <__aeabi_ddiv>:
  401758:	b570      	push	{r4, r5, r6, lr}
  40175a:	f04f 0cff 	mov.w	ip, #255	; 0xff
  40175e:	f44c 6ce0 	orr.w	ip, ip, #1792	; 0x700
  401762:	ea1c 5411 	ands.w	r4, ip, r1, lsr #20
  401766:	bf1d      	ittte	ne
  401768:	ea1c 5513 	andsne.w	r5, ip, r3, lsr #20
  40176c:	ea94 0f0c 	teqne	r4, ip
  401770:	ea95 0f0c 	teqne	r5, ip
  401774:	f000 f8a7 	bleq	4018c6 <__aeabi_ddiv+0x16e>
  401778:	eba4 0405 	sub.w	r4, r4, r5
  40177c:	ea81 0e03 	eor.w	lr, r1, r3
  401780:	ea52 3503 	orrs.w	r5, r2, r3, lsl #12
  401784:	ea4f 3101 	mov.w	r1, r1, lsl #12
  401788:	f000 8088 	beq.w	40189c <__aeabi_ddiv+0x144>
  40178c:	ea4f 3303 	mov.w	r3, r3, lsl #12
  401790:	f04f 5580 	mov.w	r5, #268435456	; 0x10000000
  401794:	ea45 1313 	orr.w	r3, r5, r3, lsr #4
  401798:	ea43 6312 	orr.w	r3, r3, r2, lsr #24
  40179c:	ea4f 2202 	mov.w	r2, r2, lsl #8
  4017a0:	ea45 1511 	orr.w	r5, r5, r1, lsr #4
  4017a4:	ea45 6510 	orr.w	r5, r5, r0, lsr #24
  4017a8:	ea4f 2600 	mov.w	r6, r0, lsl #8
  4017ac:	f00e 4100 	and.w	r1, lr, #2147483648	; 0x80000000
  4017b0:	429d      	cmp	r5, r3
  4017b2:	bf08      	it	eq
  4017b4:	4296      	cmpeq	r6, r2
  4017b6:	f144 04fd 	adc.w	r4, r4, #253	; 0xfd
  4017ba:	f504 7440 	add.w	r4, r4, #768	; 0x300
  4017be:	d202      	bcs.n	4017c6 <__aeabi_ddiv+0x6e>
  4017c0:	085b      	lsrs	r3, r3, #1
  4017c2:	ea4f 0232 	mov.w	r2, r2, rrx
  4017c6:	1ab6      	subs	r6, r6, r2
  4017c8:	eb65 0503 	sbc.w	r5, r5, r3
  4017cc:	085b      	lsrs	r3, r3, #1
  4017ce:	ea4f 0232 	mov.w	r2, r2, rrx
  4017d2:	f44f 1080 	mov.w	r0, #1048576	; 0x100000
  4017d6:	f44f 2c00 	mov.w	ip, #524288	; 0x80000
  4017da:	ebb6 0e02 	subs.w	lr, r6, r2
  4017de:	eb75 0e03 	sbcs.w	lr, r5, r3
  4017e2:	bf22      	ittt	cs
  4017e4:	1ab6      	subcs	r6, r6, r2
  4017e6:	4675      	movcs	r5, lr
  4017e8:	ea40 000c 	orrcs.w	r0, r0, ip
  4017ec:	085b      	lsrs	r3, r3, #1
  4017ee:	ea4f 0232 	mov.w	r2, r2, rrx
  4017f2:	ebb6 0e02 	subs.w	lr, r6, r2
  4017f6:	eb75 0e03 	sbcs.w	lr, r5, r3
  4017fa:	bf22      	ittt	cs
  4017fc:	1ab6      	subcs	r6, r6, r2
  4017fe:	4675      	movcs	r5, lr
  401800:	ea40 005c 	orrcs.w	r0, r0, ip, lsr #1
  401804:	085b      	lsrs	r3, r3, #1
  401806:	ea4f 0232 	mov.w	r2, r2, rrx
  40180a:	ebb6 0e02 	subs.w	lr, r6, r2
  40180e:	eb75 0e03 	sbcs.w	lr, r5, r3
  401812:	bf22      	ittt	cs
  401814:	1ab6      	subcs	r6, r6, r2
  401816:	4675      	movcs	r5, lr
  401818:	ea40 009c 	orrcs.w	r0, r0, ip, lsr #2
  40181c:	085b      	lsrs	r3, r3, #1
  40181e:	ea4f 0232 	mov.w	r2, r2, rrx
  401822:	ebb6 0e02 	subs.w	lr, r6, r2
  401826:	eb75 0e03 	sbcs.w	lr, r5, r3
  40182a:	bf22      	ittt	cs
  40182c:	1ab6      	subcs	r6, r6, r2
  40182e:	4675      	movcs	r5, lr
  401830:	ea40 00dc 	orrcs.w	r0, r0, ip, lsr #3
  401834:	ea55 0e06 	orrs.w	lr, r5, r6
  401838:	d018      	beq.n	40186c <__aeabi_ddiv+0x114>
  40183a:	ea4f 1505 	mov.w	r5, r5, lsl #4
  40183e:	ea45 7516 	orr.w	r5, r5, r6, lsr #28
  401842:	ea4f 1606 	mov.w	r6, r6, lsl #4
  401846:	ea4f 03c3 	mov.w	r3, r3, lsl #3
  40184a:	ea43 7352 	orr.w	r3, r3, r2, lsr #29
  40184e:	ea4f 02c2 	mov.w	r2, r2, lsl #3
  401852:	ea5f 1c1c 	movs.w	ip, ip, lsr #4
  401856:	d1c0      	bne.n	4017da <__aeabi_ddiv+0x82>
  401858:	f411 1f80 	tst.w	r1, #1048576	; 0x100000
  40185c:	d10b      	bne.n	401876 <__aeabi_ddiv+0x11e>
  40185e:	ea41 0100 	orr.w	r1, r1, r0
  401862:	f04f 0000 	mov.w	r0, #0
  401866:	f04f 4c00 	mov.w	ip, #2147483648	; 0x80000000
  40186a:	e7b6      	b.n	4017da <__aeabi_ddiv+0x82>
  40186c:	f411 1f80 	tst.w	r1, #1048576	; 0x100000
  401870:	bf04      	itt	eq
  401872:	4301      	orreq	r1, r0
  401874:	2000      	moveq	r0, #0
  401876:	f1b4 0cfd 	subs.w	ip, r4, #253	; 0xfd
  40187a:	bf88      	it	hi
  40187c:	f5bc 6fe0 	cmphi.w	ip, #1792	; 0x700
  401880:	f63f aeaf 	bhi.w	4015e2 <__aeabi_dmul+0xde>
  401884:	ebb5 0c03 	subs.w	ip, r5, r3
  401888:	bf04      	itt	eq
  40188a:	ebb6 0c02 	subseq.w	ip, r6, r2
  40188e:	ea5f 0c50 	movseq.w	ip, r0, lsr #1
  401892:	f150 0000 	adcs.w	r0, r0, #0
  401896:	eb41 5104 	adc.w	r1, r1, r4, lsl #20
  40189a:	bd70      	pop	{r4, r5, r6, pc}
  40189c:	f00e 4e00 	and.w	lr, lr, #2147483648	; 0x80000000
  4018a0:	ea4e 3111 	orr.w	r1, lr, r1, lsr #12
  4018a4:	eb14 045c 	adds.w	r4, r4, ip, lsr #1
  4018a8:	bfc2      	ittt	gt
  4018aa:	ebd4 050c 	rsbsgt	r5, r4, ip
  4018ae:	ea41 5104 	orrgt.w	r1, r1, r4, lsl #20
  4018b2:	bd70      	popgt	{r4, r5, r6, pc}
  4018b4:	f441 1180 	orr.w	r1, r1, #1048576	; 0x100000
  4018b8:	f04f 0e00 	mov.w	lr, #0
  4018bc:	3c01      	subs	r4, #1
  4018be:	e690      	b.n	4015e2 <__aeabi_dmul+0xde>
  4018c0:	ea45 0e06 	orr.w	lr, r5, r6
  4018c4:	e68d      	b.n	4015e2 <__aeabi_dmul+0xde>
  4018c6:	ea0c 5513 	and.w	r5, ip, r3, lsr #20
  4018ca:	ea94 0f0c 	teq	r4, ip
  4018ce:	bf08      	it	eq
  4018d0:	ea95 0f0c 	teqeq	r5, ip
  4018d4:	f43f af3b 	beq.w	40174e <__aeabi_dmul+0x24a>
  4018d8:	ea94 0f0c 	teq	r4, ip
  4018dc:	d10a      	bne.n	4018f4 <__aeabi_ddiv+0x19c>
  4018de:	ea50 3401 	orrs.w	r4, r0, r1, lsl #12
  4018e2:	f47f af34 	bne.w	40174e <__aeabi_dmul+0x24a>
  4018e6:	ea95 0f0c 	teq	r5, ip
  4018ea:	f47f af25 	bne.w	401738 <__aeabi_dmul+0x234>
  4018ee:	4610      	mov	r0, r2
  4018f0:	4619      	mov	r1, r3
  4018f2:	e72c      	b.n	40174e <__aeabi_dmul+0x24a>
  4018f4:	ea95 0f0c 	teq	r5, ip
  4018f8:	d106      	bne.n	401908 <__aeabi_ddiv+0x1b0>
  4018fa:	ea52 3503 	orrs.w	r5, r2, r3, lsl #12
  4018fe:	f43f aefd 	beq.w	4016fc <__aeabi_dmul+0x1f8>
  401902:	4610      	mov	r0, r2
  401904:	4619      	mov	r1, r3
  401906:	e722      	b.n	40174e <__aeabi_dmul+0x24a>
  401908:	ea50 0641 	orrs.w	r6, r0, r1, lsl #1
  40190c:	bf18      	it	ne
  40190e:	ea52 0643 	orrsne.w	r6, r2, r3, lsl #1
  401912:	f47f aec5 	bne.w	4016a0 <__aeabi_dmul+0x19c>
  401916:	ea50 0441 	orrs.w	r4, r0, r1, lsl #1
  40191a:	f47f af0d 	bne.w	401738 <__aeabi_dmul+0x234>
  40191e:	ea52 0543 	orrs.w	r5, r2, r3, lsl #1
  401922:	f47f aeeb 	bne.w	4016fc <__aeabi_dmul+0x1f8>
  401926:	e712      	b.n	40174e <__aeabi_dmul+0x24a>

00401928 <__gedf2>:
  401928:	f04f 3cff 	mov.w	ip, #4294967295	; 0xffffffff
  40192c:	e006      	b.n	40193c <__cmpdf2+0x4>
  40192e:	bf00      	nop

00401930 <__ledf2>:
  401930:	f04f 0c01 	mov.w	ip, #1
  401934:	e002      	b.n	40193c <__cmpdf2+0x4>
  401936:	bf00      	nop

00401938 <__cmpdf2>:
  401938:	f04f 0c01 	mov.w	ip, #1
  40193c:	f84d cd04 	str.w	ip, [sp, #-4]!
  401940:	ea4f 0c41 	mov.w	ip, r1, lsl #1
  401944:	ea7f 5c6c 	mvns.w	ip, ip, asr #21
  401948:	ea4f 0c43 	mov.w	ip, r3, lsl #1
  40194c:	bf18      	it	ne
  40194e:	ea7f 5c6c 	mvnsne.w	ip, ip, asr #21
  401952:	d01b      	beq.n	40198c <__cmpdf2+0x54>
  401954:	b001      	add	sp, #4
  401956:	ea50 0c41 	orrs.w	ip, r0, r1, lsl #1
  40195a:	bf0c      	ite	eq
  40195c:	ea52 0c43 	orrseq.w	ip, r2, r3, lsl #1
  401960:	ea91 0f03 	teqne	r1, r3
  401964:	bf02      	ittt	eq
  401966:	ea90 0f02 	teqeq	r0, r2
  40196a:	2000      	moveq	r0, #0
  40196c:	4770      	bxeq	lr
  40196e:	f110 0f00 	cmn.w	r0, #0
  401972:	ea91 0f03 	teq	r1, r3
  401976:	bf58      	it	pl
  401978:	4299      	cmppl	r1, r3
  40197a:	bf08      	it	eq
  40197c:	4290      	cmpeq	r0, r2
  40197e:	bf2c      	ite	cs
  401980:	17d8      	asrcs	r0, r3, #31
  401982:	ea6f 70e3 	mvncc.w	r0, r3, asr #31
  401986:	f040 0001 	orr.w	r0, r0, #1
  40198a:	4770      	bx	lr
  40198c:	ea4f 0c41 	mov.w	ip, r1, lsl #1
  401990:	ea7f 5c6c 	mvns.w	ip, ip, asr #21
  401994:	d102      	bne.n	40199c <__cmpdf2+0x64>
  401996:	ea50 3c01 	orrs.w	ip, r0, r1, lsl #12
  40199a:	d107      	bne.n	4019ac <__cmpdf2+0x74>
  40199c:	ea4f 0c43 	mov.w	ip, r3, lsl #1
  4019a0:	ea7f 5c6c 	mvns.w	ip, ip, asr #21
  4019a4:	d1d6      	bne.n	401954 <__cmpdf2+0x1c>
  4019a6:	ea52 3c03 	orrs.w	ip, r2, r3, lsl #12
  4019aa:	d0d3      	beq.n	401954 <__cmpdf2+0x1c>
  4019ac:	f85d 0b04 	ldr.w	r0, [sp], #4
  4019b0:	4770      	bx	lr
  4019b2:	bf00      	nop

004019b4 <__aeabi_cdrcmple>:
  4019b4:	4684      	mov	ip, r0
  4019b6:	4610      	mov	r0, r2
  4019b8:	4662      	mov	r2, ip
  4019ba:	468c      	mov	ip, r1
  4019bc:	4619      	mov	r1, r3
  4019be:	4663      	mov	r3, ip
  4019c0:	e000      	b.n	4019c4 <__aeabi_cdcmpeq>
  4019c2:	bf00      	nop

004019c4 <__aeabi_cdcmpeq>:
  4019c4:	b501      	push	{r0, lr}
  4019c6:	f7ff ffb7 	bl	401938 <__cmpdf2>
  4019ca:	2800      	cmp	r0, #0
  4019cc:	bf48      	it	mi
  4019ce:	f110 0f00 	cmnmi.w	r0, #0
  4019d2:	bd01      	pop	{r0, pc}

004019d4 <__aeabi_dcmpeq>:
  4019d4:	f84d ed08 	str.w	lr, [sp, #-8]!
  4019d8:	f7ff fff4 	bl	4019c4 <__aeabi_cdcmpeq>
  4019dc:	bf0c      	ite	eq
  4019de:	2001      	moveq	r0, #1
  4019e0:	2000      	movne	r0, #0
  4019e2:	f85d fb08 	ldr.w	pc, [sp], #8
  4019e6:	bf00      	nop

004019e8 <__aeabi_dcmplt>:
  4019e8:	f84d ed08 	str.w	lr, [sp, #-8]!
  4019ec:	f7ff ffea 	bl	4019c4 <__aeabi_cdcmpeq>
  4019f0:	bf34      	ite	cc
  4019f2:	2001      	movcc	r0, #1
  4019f4:	2000      	movcs	r0, #0
  4019f6:	f85d fb08 	ldr.w	pc, [sp], #8
  4019fa:	bf00      	nop

004019fc <__aeabi_dcmple>:
  4019fc:	f84d ed08 	str.w	lr, [sp, #-8]!
  401a00:	f7ff ffe0 	bl	4019c4 <__aeabi_cdcmpeq>
  401a04:	bf94      	ite	ls
  401a06:	2001      	movls	r0, #1
  401a08:	2000      	movhi	r0, #0
  401a0a:	f85d fb08 	ldr.w	pc, [sp], #8
  401a0e:	bf00      	nop

00401a10 <__aeabi_dcmpge>:
  401a10:	f84d ed08 	str.w	lr, [sp, #-8]!
  401a14:	f7ff ffce 	bl	4019b4 <__aeabi_cdrcmple>
  401a18:	bf94      	ite	ls
  401a1a:	2001      	movls	r0, #1
  401a1c:	2000      	movhi	r0, #0
  401a1e:	f85d fb08 	ldr.w	pc, [sp], #8
  401a22:	bf00      	nop

00401a24 <__aeabi_dcmpgt>:
  401a24:	f84d ed08 	str.w	lr, [sp, #-8]!
  401a28:	f7ff ffc4 	bl	4019b4 <__aeabi_cdrcmple>
  401a2c:	bf34      	ite	cc
  401a2e:	2001      	movcc	r0, #1
  401a30:	2000      	movcs	r0, #0
  401a32:	f85d fb08 	ldr.w	pc, [sp], #8
  401a36:	bf00      	nop

00401a38 <__aeabi_dcmpun>:
  401a38:	ea4f 0c41 	mov.w	ip, r1, lsl #1
  401a3c:	ea7f 5c6c 	mvns.w	ip, ip, asr #21
  401a40:	d102      	bne.n	401a48 <__aeabi_dcmpun+0x10>
  401a42:	ea50 3c01 	orrs.w	ip, r0, r1, lsl #12
  401a46:	d10a      	bne.n	401a5e <__aeabi_dcmpun+0x26>
  401a48:	ea4f 0c43 	mov.w	ip, r3, lsl #1
  401a4c:	ea7f 5c6c 	mvns.w	ip, ip, asr #21
  401a50:	d102      	bne.n	401a58 <__aeabi_dcmpun+0x20>
  401a52:	ea52 3c03 	orrs.w	ip, r2, r3, lsl #12
  401a56:	d102      	bne.n	401a5e <__aeabi_dcmpun+0x26>
  401a58:	f04f 0000 	mov.w	r0, #0
  401a5c:	4770      	bx	lr
  401a5e:	f04f 0001 	mov.w	r0, #1
  401a62:	4770      	bx	lr

00401a64 <__aeabi_d2iz>:
  401a64:	ea4f 0241 	mov.w	r2, r1, lsl #1
  401a68:	f512 1200 	adds.w	r2, r2, #2097152	; 0x200000
  401a6c:	d215      	bcs.n	401a9a <__aeabi_d2iz+0x36>
  401a6e:	d511      	bpl.n	401a94 <__aeabi_d2iz+0x30>
  401a70:	f46f 7378 	mvn.w	r3, #992	; 0x3e0
  401a74:	ebb3 5262 	subs.w	r2, r3, r2, asr #21
  401a78:	d912      	bls.n	401aa0 <__aeabi_d2iz+0x3c>
  401a7a:	ea4f 23c1 	mov.w	r3, r1, lsl #11
  401a7e:	f043 4300 	orr.w	r3, r3, #2147483648	; 0x80000000
  401a82:	ea43 5350 	orr.w	r3, r3, r0, lsr #21
  401a86:	f011 4f00 	tst.w	r1, #2147483648	; 0x80000000
  401a8a:	fa23 f002 	lsr.w	r0, r3, r2
  401a8e:	bf18      	it	ne
  401a90:	4240      	negne	r0, r0
  401a92:	4770      	bx	lr
  401a94:	f04f 0000 	mov.w	r0, #0
  401a98:	4770      	bx	lr
  401a9a:	ea50 3001 	orrs.w	r0, r0, r1, lsl #12
  401a9e:	d105      	bne.n	401aac <__aeabi_d2iz+0x48>
  401aa0:	f011 4000 	ands.w	r0, r1, #2147483648	; 0x80000000
  401aa4:	bf08      	it	eq
  401aa6:	f06f 4000 	mvneq.w	r0, #2147483648	; 0x80000000
  401aaa:	4770      	bx	lr
  401aac:	f04f 0000 	mov.w	r0, #0
  401ab0:	4770      	bx	lr
  401ab2:	bf00      	nop

00401ab4 <__aeabi_frsub>:
  401ab4:	f080 4000 	eor.w	r0, r0, #2147483648	; 0x80000000
  401ab8:	e002      	b.n	401ac0 <__addsf3>
  401aba:	bf00      	nop

00401abc <__aeabi_fsub>:
  401abc:	f081 4100 	eor.w	r1, r1, #2147483648	; 0x80000000

00401ac0 <__addsf3>:
  401ac0:	0042      	lsls	r2, r0, #1
  401ac2:	bf1f      	itttt	ne
  401ac4:	ea5f 0341 	movsne.w	r3, r1, lsl #1
  401ac8:	ea92 0f03 	teqne	r2, r3
  401acc:	ea7f 6c22 	mvnsne.w	ip, r2, asr #24
  401ad0:	ea7f 6c23 	mvnsne.w	ip, r3, asr #24
  401ad4:	d06a      	beq.n	401bac <__addsf3+0xec>
  401ad6:	ea4f 6212 	mov.w	r2, r2, lsr #24
  401ada:	ebd2 6313 	rsbs	r3, r2, r3, lsr #24
  401ade:	bfc1      	itttt	gt
  401ae0:	18d2      	addgt	r2, r2, r3
  401ae2:	4041      	eorgt	r1, r0
  401ae4:	4048      	eorgt	r0, r1
  401ae6:	4041      	eorgt	r1, r0
  401ae8:	bfb8      	it	lt
  401aea:	425b      	neglt	r3, r3
  401aec:	2b19      	cmp	r3, #25
  401aee:	bf88      	it	hi
  401af0:	4770      	bxhi	lr
  401af2:	f010 4f00 	tst.w	r0, #2147483648	; 0x80000000
  401af6:	f440 0000 	orr.w	r0, r0, #8388608	; 0x800000
  401afa:	f020 407f 	bic.w	r0, r0, #4278190080	; 0xff000000
  401afe:	bf18      	it	ne
  401b00:	4240      	negne	r0, r0
  401b02:	f011 4f00 	tst.w	r1, #2147483648	; 0x80000000
  401b06:	f441 0100 	orr.w	r1, r1, #8388608	; 0x800000
  401b0a:	f021 417f 	bic.w	r1, r1, #4278190080	; 0xff000000
  401b0e:	bf18      	it	ne
  401b10:	4249      	negne	r1, r1
  401b12:	ea92 0f03 	teq	r2, r3
  401b16:	d03f      	beq.n	401b98 <__addsf3+0xd8>
  401b18:	f1a2 0201 	sub.w	r2, r2, #1
  401b1c:	fa41 fc03 	asr.w	ip, r1, r3
  401b20:	eb10 000c 	adds.w	r0, r0, ip
  401b24:	f1c3 0320 	rsb	r3, r3, #32
  401b28:	fa01 f103 	lsl.w	r1, r1, r3
  401b2c:	f000 4300 	and.w	r3, r0, #2147483648	; 0x80000000
  401b30:	d502      	bpl.n	401b38 <__addsf3+0x78>
  401b32:	4249      	negs	r1, r1
  401b34:	eb60 0040 	sbc.w	r0, r0, r0, lsl #1
  401b38:	f5b0 0f00 	cmp.w	r0, #8388608	; 0x800000
  401b3c:	d313      	bcc.n	401b66 <__addsf3+0xa6>
  401b3e:	f1b0 7f80 	cmp.w	r0, #16777216	; 0x1000000
  401b42:	d306      	bcc.n	401b52 <__addsf3+0x92>
  401b44:	0840      	lsrs	r0, r0, #1
  401b46:	ea4f 0131 	mov.w	r1, r1, rrx
  401b4a:	f102 0201 	add.w	r2, r2, #1
  401b4e:	2afe      	cmp	r2, #254	; 0xfe
  401b50:	d251      	bcs.n	401bf6 <__addsf3+0x136>
  401b52:	f1b1 4f00 	cmp.w	r1, #2147483648	; 0x80000000
  401b56:	eb40 50c2 	adc.w	r0, r0, r2, lsl #23
  401b5a:	bf08      	it	eq
  401b5c:	f020 0001 	biceq.w	r0, r0, #1
  401b60:	ea40 0003 	orr.w	r0, r0, r3
  401b64:	4770      	bx	lr
  401b66:	0049      	lsls	r1, r1, #1
  401b68:	eb40 0000 	adc.w	r0, r0, r0
  401b6c:	3a01      	subs	r2, #1
  401b6e:	bf28      	it	cs
  401b70:	f5b0 0f00 	cmpcs.w	r0, #8388608	; 0x800000
  401b74:	d2ed      	bcs.n	401b52 <__addsf3+0x92>
  401b76:	fab0 fc80 	clz	ip, r0
  401b7a:	f1ac 0c08 	sub.w	ip, ip, #8
  401b7e:	ebb2 020c 	subs.w	r2, r2, ip
  401b82:	fa00 f00c 	lsl.w	r0, r0, ip
  401b86:	bfaa      	itet	ge
  401b88:	eb00 50c2 	addge.w	r0, r0, r2, lsl #23
  401b8c:	4252      	neglt	r2, r2
  401b8e:	4318      	orrge	r0, r3
  401b90:	bfbc      	itt	lt
  401b92:	40d0      	lsrlt	r0, r2
  401b94:	4318      	orrlt	r0, r3
  401b96:	4770      	bx	lr
  401b98:	f092 0f00 	teq	r2, #0
  401b9c:	f481 0100 	eor.w	r1, r1, #8388608	; 0x800000
  401ba0:	bf06      	itte	eq
  401ba2:	f480 0000 	eoreq.w	r0, r0, #8388608	; 0x800000
  401ba6:	3201      	addeq	r2, #1
  401ba8:	3b01      	subne	r3, #1
  401baa:	e7b5      	b.n	401b18 <__addsf3+0x58>
  401bac:	ea4f 0341 	mov.w	r3, r1, lsl #1
  401bb0:	ea7f 6c22 	mvns.w	ip, r2, asr #24
  401bb4:	bf18      	it	ne
  401bb6:	ea7f 6c23 	mvnsne.w	ip, r3, asr #24
  401bba:	d021      	beq.n	401c00 <__addsf3+0x140>
  401bbc:	ea92 0f03 	teq	r2, r3
  401bc0:	d004      	beq.n	401bcc <__addsf3+0x10c>
  401bc2:	f092 0f00 	teq	r2, #0
  401bc6:	bf08      	it	eq
  401bc8:	4608      	moveq	r0, r1
  401bca:	4770      	bx	lr
  401bcc:	ea90 0f01 	teq	r0, r1
  401bd0:	bf1c      	itt	ne
  401bd2:	2000      	movne	r0, #0
  401bd4:	4770      	bxne	lr
  401bd6:	f012 4f7f 	tst.w	r2, #4278190080	; 0xff000000
  401bda:	d104      	bne.n	401be6 <__addsf3+0x126>
  401bdc:	0040      	lsls	r0, r0, #1
  401bde:	bf28      	it	cs
  401be0:	f040 4000 	orrcs.w	r0, r0, #2147483648	; 0x80000000
  401be4:	4770      	bx	lr
  401be6:	f112 7200 	adds.w	r2, r2, #33554432	; 0x2000000
  401bea:	bf3c      	itt	cc
  401bec:	f500 0000 	addcc.w	r0, r0, #8388608	; 0x800000
  401bf0:	4770      	bxcc	lr
  401bf2:	f000 4300 	and.w	r3, r0, #2147483648	; 0x80000000
  401bf6:	f043 40fe 	orr.w	r0, r3, #2130706432	; 0x7f000000
  401bfa:	f440 0000 	orr.w	r0, r0, #8388608	; 0x800000
  401bfe:	4770      	bx	lr
  401c00:	ea7f 6222 	mvns.w	r2, r2, asr #24
  401c04:	bf16      	itet	ne
  401c06:	4608      	movne	r0, r1
  401c08:	ea7f 6323 	mvnseq.w	r3, r3, asr #24
  401c0c:	4601      	movne	r1, r0
  401c0e:	0242      	lsls	r2, r0, #9
  401c10:	bf06      	itte	eq
  401c12:	ea5f 2341 	movseq.w	r3, r1, lsl #9
  401c16:	ea90 0f01 	teqeq	r0, r1
  401c1a:	f440 0080 	orrne.w	r0, r0, #4194304	; 0x400000
  401c1e:	4770      	bx	lr

00401c20 <__aeabi_ui2f>:
  401c20:	f04f 0300 	mov.w	r3, #0
  401c24:	e004      	b.n	401c30 <__aeabi_i2f+0x8>
  401c26:	bf00      	nop

00401c28 <__aeabi_i2f>:
  401c28:	f010 4300 	ands.w	r3, r0, #2147483648	; 0x80000000
  401c2c:	bf48      	it	mi
  401c2e:	4240      	negmi	r0, r0
  401c30:	ea5f 0c00 	movs.w	ip, r0
  401c34:	bf08      	it	eq
  401c36:	4770      	bxeq	lr
  401c38:	f043 4396 	orr.w	r3, r3, #1258291200	; 0x4b000000
  401c3c:	4601      	mov	r1, r0
  401c3e:	f04f 0000 	mov.w	r0, #0
  401c42:	e01c      	b.n	401c7e <__aeabi_l2f+0x2a>

00401c44 <__aeabi_ul2f>:
  401c44:	ea50 0201 	orrs.w	r2, r0, r1
  401c48:	bf08      	it	eq
  401c4a:	4770      	bxeq	lr
  401c4c:	f04f 0300 	mov.w	r3, #0
  401c50:	e00a      	b.n	401c68 <__aeabi_l2f+0x14>
  401c52:	bf00      	nop

00401c54 <__aeabi_l2f>:
  401c54:	ea50 0201 	orrs.w	r2, r0, r1
  401c58:	bf08      	it	eq
  401c5a:	4770      	bxeq	lr
  401c5c:	f011 4300 	ands.w	r3, r1, #2147483648	; 0x80000000
  401c60:	d502      	bpl.n	401c68 <__aeabi_l2f+0x14>
  401c62:	4240      	negs	r0, r0
  401c64:	eb61 0141 	sbc.w	r1, r1, r1, lsl #1
  401c68:	ea5f 0c01 	movs.w	ip, r1
  401c6c:	bf02      	ittt	eq
  401c6e:	4684      	moveq	ip, r0
  401c70:	4601      	moveq	r1, r0
  401c72:	2000      	moveq	r0, #0
  401c74:	f043 43b6 	orr.w	r3, r3, #1526726656	; 0x5b000000
  401c78:	bf08      	it	eq
  401c7a:	f1a3 5380 	subeq.w	r3, r3, #268435456	; 0x10000000
  401c7e:	f5a3 0300 	sub.w	r3, r3, #8388608	; 0x800000
  401c82:	fabc f28c 	clz	r2, ip
  401c86:	3a08      	subs	r2, #8
  401c88:	eba3 53c2 	sub.w	r3, r3, r2, lsl #23
  401c8c:	db10      	blt.n	401cb0 <__aeabi_l2f+0x5c>
  401c8e:	fa01 fc02 	lsl.w	ip, r1, r2
  401c92:	4463      	add	r3, ip
  401c94:	fa00 fc02 	lsl.w	ip, r0, r2
  401c98:	f1c2 0220 	rsb	r2, r2, #32
  401c9c:	f1bc 4f00 	cmp.w	ip, #2147483648	; 0x80000000
  401ca0:	fa20 f202 	lsr.w	r2, r0, r2
  401ca4:	eb43 0002 	adc.w	r0, r3, r2
  401ca8:	bf08      	it	eq
  401caa:	f020 0001 	biceq.w	r0, r0, #1
  401cae:	4770      	bx	lr
  401cb0:	f102 0220 	add.w	r2, r2, #32
  401cb4:	fa01 fc02 	lsl.w	ip, r1, r2
  401cb8:	f1c2 0220 	rsb	r2, r2, #32
  401cbc:	ea50 004c 	orrs.w	r0, r0, ip, lsl #1
  401cc0:	fa21 f202 	lsr.w	r2, r1, r2
  401cc4:	eb43 0002 	adc.w	r0, r3, r2
  401cc8:	bf08      	it	eq
  401cca:	ea20 70dc 	biceq.w	r0, r0, ip, lsr #31
  401cce:	4770      	bx	lr

00401cd0 <__aeabi_fmul>:
  401cd0:	f04f 0cff 	mov.w	ip, #255	; 0xff
  401cd4:	ea1c 52d0 	ands.w	r2, ip, r0, lsr #23
  401cd8:	bf1e      	ittt	ne
  401cda:	ea1c 53d1 	andsne.w	r3, ip, r1, lsr #23
  401cde:	ea92 0f0c 	teqne	r2, ip
  401ce2:	ea93 0f0c 	teqne	r3, ip
  401ce6:	d06f      	beq.n	401dc8 <__aeabi_fmul+0xf8>
  401ce8:	441a      	add	r2, r3
  401cea:	ea80 0c01 	eor.w	ip, r0, r1
  401cee:	0240      	lsls	r0, r0, #9
  401cf0:	bf18      	it	ne
  401cf2:	ea5f 2141 	movsne.w	r1, r1, lsl #9
  401cf6:	d01e      	beq.n	401d36 <__aeabi_fmul+0x66>
  401cf8:	f04f 6300 	mov.w	r3, #134217728	; 0x8000000
  401cfc:	ea43 1050 	orr.w	r0, r3, r0, lsr #5
  401d00:	ea43 1151 	orr.w	r1, r3, r1, lsr #5
  401d04:	fba0 3101 	umull	r3, r1, r0, r1
  401d08:	f00c 4000 	and.w	r0, ip, #2147483648	; 0x80000000
  401d0c:	f5b1 0f00 	cmp.w	r1, #8388608	; 0x800000
  401d10:	bf3e      	ittt	cc
  401d12:	0049      	lslcc	r1, r1, #1
  401d14:	ea41 71d3 	orrcc.w	r1, r1, r3, lsr #31
  401d18:	005b      	lslcc	r3, r3, #1
  401d1a:	ea40 0001 	orr.w	r0, r0, r1
  401d1e:	f162 027f 	sbc.w	r2, r2, #127	; 0x7f
  401d22:	2afd      	cmp	r2, #253	; 0xfd
  401d24:	d81d      	bhi.n	401d62 <__aeabi_fmul+0x92>
  401d26:	f1b3 4f00 	cmp.w	r3, #2147483648	; 0x80000000
  401d2a:	eb40 50c2 	adc.w	r0, r0, r2, lsl #23
  401d2e:	bf08      	it	eq
  401d30:	f020 0001 	biceq.w	r0, r0, #1
  401d34:	4770      	bx	lr
  401d36:	f090 0f00 	teq	r0, #0
  401d3a:	f00c 4c00 	and.w	ip, ip, #2147483648	; 0x80000000
  401d3e:	bf08      	it	eq
  401d40:	0249      	lsleq	r1, r1, #9
  401d42:	ea4c 2050 	orr.w	r0, ip, r0, lsr #9
  401d46:	ea40 2051 	orr.w	r0, r0, r1, lsr #9
  401d4a:	3a7f      	subs	r2, #127	; 0x7f
  401d4c:	bfc2      	ittt	gt
  401d4e:	f1d2 03ff 	rsbsgt	r3, r2, #255	; 0xff
  401d52:	ea40 50c2 	orrgt.w	r0, r0, r2, lsl #23
  401d56:	4770      	bxgt	lr
  401d58:	f440 0000 	orr.w	r0, r0, #8388608	; 0x800000
  401d5c:	f04f 0300 	mov.w	r3, #0
  401d60:	3a01      	subs	r2, #1
  401d62:	dc5d      	bgt.n	401e20 <__aeabi_fmul+0x150>
  401d64:	f112 0f19 	cmn.w	r2, #25
  401d68:	bfdc      	itt	le
  401d6a:	f000 4000 	andle.w	r0, r0, #2147483648	; 0x80000000
  401d6e:	4770      	bxle	lr
  401d70:	f1c2 0200 	rsb	r2, r2, #0
  401d74:	0041      	lsls	r1, r0, #1
  401d76:	fa21 f102 	lsr.w	r1, r1, r2
  401d7a:	f1c2 0220 	rsb	r2, r2, #32
  401d7e:	fa00 fc02 	lsl.w	ip, r0, r2
  401d82:	ea5f 0031 	movs.w	r0, r1, rrx
  401d86:	f140 0000 	adc.w	r0, r0, #0
  401d8a:	ea53 034c 	orrs.w	r3, r3, ip, lsl #1
  401d8e:	bf08      	it	eq
  401d90:	ea20 70dc 	biceq.w	r0, r0, ip, lsr #31
  401d94:	4770      	bx	lr
  401d96:	f092 0f00 	teq	r2, #0
  401d9a:	f000 4c00 	and.w	ip, r0, #2147483648	; 0x80000000
  401d9e:	bf02      	ittt	eq
  401da0:	0040      	lsleq	r0, r0, #1
  401da2:	f410 0f00 	tsteq.w	r0, #8388608	; 0x800000
  401da6:	3a01      	subeq	r2, #1
  401da8:	d0f9      	beq.n	401d9e <__aeabi_fmul+0xce>
  401daa:	ea40 000c 	orr.w	r0, r0, ip
  401dae:	f093 0f00 	teq	r3, #0
  401db2:	f001 4c00 	and.w	ip, r1, #2147483648	; 0x80000000
  401db6:	bf02      	ittt	eq
  401db8:	0049      	lsleq	r1, r1, #1
  401dba:	f411 0f00 	tsteq.w	r1, #8388608	; 0x800000
  401dbe:	3b01      	subeq	r3, #1
  401dc0:	d0f9      	beq.n	401db6 <__aeabi_fmul+0xe6>
  401dc2:	ea41 010c 	orr.w	r1, r1, ip
  401dc6:	e78f      	b.n	401ce8 <__aeabi_fmul+0x18>
  401dc8:	ea0c 53d1 	and.w	r3, ip, r1, lsr #23
  401dcc:	ea92 0f0c 	teq	r2, ip
  401dd0:	bf18      	it	ne
  401dd2:	ea93 0f0c 	teqne	r3, ip
  401dd6:	d00a      	beq.n	401dee <__aeabi_fmul+0x11e>
  401dd8:	f030 4c00 	bics.w	ip, r0, #2147483648	; 0x80000000
  401ddc:	bf18      	it	ne
  401dde:	f031 4c00 	bicsne.w	ip, r1, #2147483648	; 0x80000000
  401de2:	d1d8      	bne.n	401d96 <__aeabi_fmul+0xc6>
  401de4:	ea80 0001 	eor.w	r0, r0, r1
  401de8:	f000 4000 	and.w	r0, r0, #2147483648	; 0x80000000
  401dec:	4770      	bx	lr
  401dee:	f090 0f00 	teq	r0, #0
  401df2:	bf17      	itett	ne
  401df4:	f090 4f00 	teqne	r0, #2147483648	; 0x80000000
  401df8:	4608      	moveq	r0, r1
  401dfa:	f091 0f00 	teqne	r1, #0
  401dfe:	f091 4f00 	teqne	r1, #2147483648	; 0x80000000
  401e02:	d014      	beq.n	401e2e <__aeabi_fmul+0x15e>
  401e04:	ea92 0f0c 	teq	r2, ip
  401e08:	d101      	bne.n	401e0e <__aeabi_fmul+0x13e>
  401e0a:	0242      	lsls	r2, r0, #9
  401e0c:	d10f      	bne.n	401e2e <__aeabi_fmul+0x15e>
  401e0e:	ea93 0f0c 	teq	r3, ip
  401e12:	d103      	bne.n	401e1c <__aeabi_fmul+0x14c>
  401e14:	024b      	lsls	r3, r1, #9
  401e16:	bf18      	it	ne
  401e18:	4608      	movne	r0, r1
  401e1a:	d108      	bne.n	401e2e <__aeabi_fmul+0x15e>
  401e1c:	ea80 0001 	eor.w	r0, r0, r1
  401e20:	f000 4000 	and.w	r0, r0, #2147483648	; 0x80000000
  401e24:	f040 40fe 	orr.w	r0, r0, #2130706432	; 0x7f000000
  401e28:	f440 0000 	orr.w	r0, r0, #8388608	; 0x800000
  401e2c:	4770      	bx	lr
  401e2e:	f040 40fe 	orr.w	r0, r0, #2130706432	; 0x7f000000
  401e32:	f440 0040 	orr.w	r0, r0, #12582912	; 0xc00000
  401e36:	4770      	bx	lr

00401e38 <__aeabi_fdiv>:
  401e38:	f04f 0cff 	mov.w	ip, #255	; 0xff
  401e3c:	ea1c 52d0 	ands.w	r2, ip, r0, lsr #23
  401e40:	bf1e      	ittt	ne
  401e42:	ea1c 53d1 	andsne.w	r3, ip, r1, lsr #23
  401e46:	ea92 0f0c 	teqne	r2, ip
  401e4a:	ea93 0f0c 	teqne	r3, ip
  401e4e:	d069      	beq.n	401f24 <__aeabi_fdiv+0xec>
  401e50:	eba2 0203 	sub.w	r2, r2, r3
  401e54:	ea80 0c01 	eor.w	ip, r0, r1
  401e58:	0249      	lsls	r1, r1, #9
  401e5a:	ea4f 2040 	mov.w	r0, r0, lsl #9
  401e5e:	d037      	beq.n	401ed0 <__aeabi_fdiv+0x98>
  401e60:	f04f 5380 	mov.w	r3, #268435456	; 0x10000000
  401e64:	ea43 1111 	orr.w	r1, r3, r1, lsr #4
  401e68:	ea43 1310 	orr.w	r3, r3, r0, lsr #4
  401e6c:	f00c 4000 	and.w	r0, ip, #2147483648	; 0x80000000
  401e70:	428b      	cmp	r3, r1
  401e72:	bf38      	it	cc
  401e74:	005b      	lslcc	r3, r3, #1
  401e76:	f142 027d 	adc.w	r2, r2, #125	; 0x7d
  401e7a:	f44f 0c00 	mov.w	ip, #8388608	; 0x800000
  401e7e:	428b      	cmp	r3, r1
  401e80:	bf24      	itt	cs
  401e82:	1a5b      	subcs	r3, r3, r1
  401e84:	ea40 000c 	orrcs.w	r0, r0, ip
  401e88:	ebb3 0f51 	cmp.w	r3, r1, lsr #1
  401e8c:	bf24      	itt	cs
  401e8e:	eba3 0351 	subcs.w	r3, r3, r1, lsr #1
  401e92:	ea40 005c 	orrcs.w	r0, r0, ip, lsr #1
  401e96:	ebb3 0f91 	cmp.w	r3, r1, lsr #2
  401e9a:	bf24      	itt	cs
  401e9c:	eba3 0391 	subcs.w	r3, r3, r1, lsr #2
  401ea0:	ea40 009c 	orrcs.w	r0, r0, ip, lsr #2
  401ea4:	ebb3 0fd1 	cmp.w	r3, r1, lsr #3
  401ea8:	bf24      	itt	cs
  401eaa:	eba3 03d1 	subcs.w	r3, r3, r1, lsr #3
  401eae:	ea40 00dc 	orrcs.w	r0, r0, ip, lsr #3
  401eb2:	011b      	lsls	r3, r3, #4
  401eb4:	bf18      	it	ne
  401eb6:	ea5f 1c1c 	movsne.w	ip, ip, lsr #4
  401eba:	d1e0      	bne.n	401e7e <__aeabi_fdiv+0x46>
  401ebc:	2afd      	cmp	r2, #253	; 0xfd
  401ebe:	f63f af50 	bhi.w	401d62 <__aeabi_fmul+0x92>
  401ec2:	428b      	cmp	r3, r1
  401ec4:	eb40 50c2 	adc.w	r0, r0, r2, lsl #23
  401ec8:	bf08      	it	eq
  401eca:	f020 0001 	biceq.w	r0, r0, #1
  401ece:	4770      	bx	lr
  401ed0:	f00c 4c00 	and.w	ip, ip, #2147483648	; 0x80000000
  401ed4:	ea4c 2050 	orr.w	r0, ip, r0, lsr #9
  401ed8:	327f      	adds	r2, #127	; 0x7f
  401eda:	bfc2      	ittt	gt
  401edc:	f1d2 03ff 	rsbsgt	r3, r2, #255	; 0xff
  401ee0:	ea40 50c2 	orrgt.w	r0, r0, r2, lsl #23
  401ee4:	4770      	bxgt	lr
  401ee6:	f440 0000 	orr.w	r0, r0, #8388608	; 0x800000
  401eea:	f04f 0300 	mov.w	r3, #0
  401eee:	3a01      	subs	r2, #1
  401ef0:	e737      	b.n	401d62 <__aeabi_fmul+0x92>
  401ef2:	f092 0f00 	teq	r2, #0
  401ef6:	f000 4c00 	and.w	ip, r0, #2147483648	; 0x80000000
  401efa:	bf02      	ittt	eq
  401efc:	0040      	lsleq	r0, r0, #1
  401efe:	f410 0f00 	tsteq.w	r0, #8388608	; 0x800000
  401f02:	3a01      	subeq	r2, #1
  401f04:	d0f9      	beq.n	401efa <__aeabi_fdiv+0xc2>
  401f06:	ea40 000c 	orr.w	r0, r0, ip
  401f0a:	f093 0f00 	teq	r3, #0
  401f0e:	f001 4c00 	and.w	ip, r1, #2147483648	; 0x80000000
  401f12:	bf02      	ittt	eq
  401f14:	0049      	lsleq	r1, r1, #1
  401f16:	f411 0f00 	tsteq.w	r1, #8388608	; 0x800000
  401f1a:	3b01      	subeq	r3, #1
  401f1c:	d0f9      	beq.n	401f12 <__aeabi_fdiv+0xda>
  401f1e:	ea41 010c 	orr.w	r1, r1, ip
  401f22:	e795      	b.n	401e50 <__aeabi_fdiv+0x18>
  401f24:	ea0c 53d1 	and.w	r3, ip, r1, lsr #23
  401f28:	ea92 0f0c 	teq	r2, ip
  401f2c:	d108      	bne.n	401f40 <__aeabi_fdiv+0x108>
  401f2e:	0242      	lsls	r2, r0, #9
  401f30:	f47f af7d 	bne.w	401e2e <__aeabi_fmul+0x15e>
  401f34:	ea93 0f0c 	teq	r3, ip
  401f38:	f47f af70 	bne.w	401e1c <__aeabi_fmul+0x14c>
  401f3c:	4608      	mov	r0, r1
  401f3e:	e776      	b.n	401e2e <__aeabi_fmul+0x15e>
  401f40:	ea93 0f0c 	teq	r3, ip
  401f44:	d104      	bne.n	401f50 <__aeabi_fdiv+0x118>
  401f46:	024b      	lsls	r3, r1, #9
  401f48:	f43f af4c 	beq.w	401de4 <__aeabi_fmul+0x114>
  401f4c:	4608      	mov	r0, r1
  401f4e:	e76e      	b.n	401e2e <__aeabi_fmul+0x15e>
  401f50:	f030 4c00 	bics.w	ip, r0, #2147483648	; 0x80000000
  401f54:	bf18      	it	ne
  401f56:	f031 4c00 	bicsne.w	ip, r1, #2147483648	; 0x80000000
  401f5a:	d1ca      	bne.n	401ef2 <__aeabi_fdiv+0xba>
  401f5c:	f030 4200 	bics.w	r2, r0, #2147483648	; 0x80000000
  401f60:	f47f af5c 	bne.w	401e1c <__aeabi_fmul+0x14c>
  401f64:	f031 4300 	bics.w	r3, r1, #2147483648	; 0x80000000
  401f68:	f47f af3c 	bne.w	401de4 <__aeabi_fmul+0x114>
  401f6c:	e75f      	b.n	401e2e <__aeabi_fmul+0x15e>
  401f6e:	bf00      	nop

00401f70 <__mulsc3>:
  401f70:	e92d 4ff0 	stmdb	sp!, {r4, r5, r6, r7, r8, r9, sl, fp, lr}
  401f74:	468b      	mov	fp, r1
  401f76:	b087      	sub	sp, #28
  401f78:	4619      	mov	r1, r3
  401f7a:	4605      	mov	r5, r0
  401f7c:	4658      	mov	r0, fp
  401f7e:	4616      	mov	r6, r2
  401f80:	461f      	mov	r7, r3
  401f82:	f7ff fea5 	bl	401cd0 <__aeabi_fmul>
  401f86:	9910      	ldr	r1, [sp, #64]	; 0x40
  401f88:	4680      	mov	r8, r0
  401f8a:	4630      	mov	r0, r6
  401f8c:	f7ff fea0 	bl	401cd0 <__aeabi_fmul>
  401f90:	9910      	ldr	r1, [sp, #64]	; 0x40
  401f92:	4681      	mov	r9, r0
  401f94:	4658      	mov	r0, fp
  401f96:	f7ff fe9b 	bl	401cd0 <__aeabi_fmul>
  401f9a:	4631      	mov	r1, r6
  401f9c:	4682      	mov	sl, r0
  401f9e:	4638      	mov	r0, r7
  401fa0:	f7ff fe96 	bl	401cd0 <__aeabi_fmul>
  401fa4:	4649      	mov	r1, r9
  401fa6:	9002      	str	r0, [sp, #8]
  401fa8:	4640      	mov	r0, r8
  401faa:	f7ff fd87 	bl	401abc <__aeabi_fsub>
  401fae:	9902      	ldr	r1, [sp, #8]
  401fb0:	4604      	mov	r4, r0
  401fb2:	4650      	mov	r0, sl
  401fb4:	f7ff fd84 	bl	401ac0 <__addsf3>
  401fb8:	4621      	mov	r1, r4
  401fba:	9001      	str	r0, [sp, #4]
  401fbc:	4620      	mov	r0, r4
  401fbe:	f000 f9e1 	bl	402384 <__aeabi_fcmpun>
  401fc2:	b930      	cbnz	r0, 401fd2 <__mulsc3+0x62>
  401fc4:	9b01      	ldr	r3, [sp, #4]
  401fc6:	602c      	str	r4, [r5, #0]
  401fc8:	4628      	mov	r0, r5
  401fca:	606b      	str	r3, [r5, #4]
  401fcc:	b007      	add	sp, #28
  401fce:	e8bd 8ff0 	ldmia.w	sp!, {r4, r5, r6, r7, r8, r9, sl, fp, pc}
  401fd2:	9901      	ldr	r1, [sp, #4]
  401fd4:	4608      	mov	r0, r1
  401fd6:	f000 f9d5 	bl	402384 <__aeabi_fcmpun>
  401fda:	2800      	cmp	r0, #0
  401fdc:	d0f2      	beq.n	401fc4 <__mulsc3+0x54>
  401fde:	f02b 4300 	bic.w	r3, fp, #2147483648	; 0x80000000
  401fe2:	4618      	mov	r0, r3
  401fe4:	499e      	ldr	r1, [pc, #632]	; (402260 <__mulsc3+0x2f0>)
  401fe6:	9303      	str	r3, [sp, #12]
  401fe8:	f000 f9cc 	bl	402384 <__aeabi_fcmpun>
  401fec:	9b03      	ldr	r3, [sp, #12]
  401fee:	f04f 0201 	mov.w	r2, #1
  401ff2:	b940      	cbnz	r0, 402006 <__mulsc3+0x96>
  401ff4:	4618      	mov	r0, r3
  401ff6:	499a      	ldr	r1, [pc, #616]	; (402260 <__mulsc3+0x2f0>)
  401ff8:	9204      	str	r2, [sp, #16]
  401ffa:	f000 f9a5 	bl	402348 <__aeabi_fcmple>
  401ffe:	e9dd 3203 	ldrd	r3, r2, [sp, #12]
  402002:	b900      	cbnz	r0, 402006 <__mulsc3+0x96>
  402004:	4602      	mov	r2, r0
  402006:	f082 0201 	eor.w	r2, r2, #1
  40200a:	b2d2      	uxtb	r2, r2
  40200c:	4994      	ldr	r1, [pc, #592]	; (402260 <__mulsc3+0x2f0>)
  40200e:	9204      	str	r2, [sp, #16]
  402010:	4618      	mov	r0, r3
  402012:	9303      	str	r3, [sp, #12]
  402014:	f000 f9b6 	bl	402384 <__aeabi_fcmpun>
  402018:	b938      	cbnz	r0, 40202a <__mulsc3+0xba>
  40201a:	9b03      	ldr	r3, [sp, #12]
  40201c:	4990      	ldr	r1, [pc, #576]	; (402260 <__mulsc3+0x2f0>)
  40201e:	4618      	mov	r0, r3
  402020:	f000 f992 	bl	402348 <__aeabi_fcmple>
  402024:	2800      	cmp	r0, #0
  402026:	f000 8089 	beq.w	40213c <__mulsc3+0x1cc>
  40202a:	f026 4300 	bic.w	r3, r6, #2147483648	; 0x80000000
  40202e:	498c      	ldr	r1, [pc, #560]	; (402260 <__mulsc3+0x2f0>)
  402030:	9303      	str	r3, [sp, #12]
  402032:	4618      	mov	r0, r3
  402034:	f000 f9a6 	bl	402384 <__aeabi_fcmpun>
  402038:	b930      	cbnz	r0, 402048 <__mulsc3+0xd8>
  40203a:	9b03      	ldr	r3, [sp, #12]
  40203c:	4988      	ldr	r1, [pc, #544]	; (402260 <__mulsc3+0x2f0>)
  40203e:	4618      	mov	r0, r3
  402040:	f000 f982 	bl	402348 <__aeabi_fcmple>
  402044:	2800      	cmp	r0, #0
  402046:	d079      	beq.n	40213c <__mulsc3+0x1cc>
  402048:	2300      	movs	r3, #0
  40204a:	9305      	str	r3, [sp, #20]
  40204c:	f027 4300 	bic.w	r3, r7, #2147483648	; 0x80000000
  402050:	4983      	ldr	r1, [pc, #524]	; (402260 <__mulsc3+0x2f0>)
  402052:	9303      	str	r3, [sp, #12]
  402054:	4618      	mov	r0, r3
  402056:	f000 f995 	bl	402384 <__aeabi_fcmpun>
  40205a:	2800      	cmp	r0, #0
  40205c:	f040 809d 	bne.w	40219a <__mulsc3+0x22a>
  402060:	497f      	ldr	r1, [pc, #508]	; (402260 <__mulsc3+0x2f0>)
  402062:	9803      	ldr	r0, [sp, #12]
  402064:	f000 f970 	bl	402348 <__aeabi_fcmple>
  402068:	2800      	cmp	r0, #0
  40206a:	f040 8096 	bne.w	40219a <__mulsc3+0x22a>
  40206e:	9b10      	ldr	r3, [sp, #64]	; 0x40
  402070:	f023 4300 	bic.w	r3, r3, #2147483648	; 0x80000000
  402074:	9304      	str	r3, [sp, #16]
  402076:	f8dd 800c 	ldr.w	r8, [sp, #12]
  40207a:	4979      	ldr	r1, [pc, #484]	; (402260 <__mulsc3+0x2f0>)
  40207c:	4640      	mov	r0, r8
  40207e:	f000 f981 	bl	402384 <__aeabi_fcmpun>
  402082:	f04f 0401 	mov.w	r4, #1
  402086:	b928      	cbnz	r0, 402094 <__mulsc3+0x124>
  402088:	4975      	ldr	r1, [pc, #468]	; (402260 <__mulsc3+0x2f0>)
  40208a:	4640      	mov	r0, r8
  40208c:	f000 f95c 	bl	402348 <__aeabi_fcmple>
  402090:	b900      	cbnz	r0, 402094 <__mulsc3+0x124>
  402092:	4604      	mov	r4, r0
  402094:	f084 0001 	eor.w	r0, r4, #1
  402098:	f000 0001 	and.w	r0, r0, #1
  40209c:	f7ff fdc4 	bl	401c28 <__aeabi_i2f>
  4020a0:	f8dd 8010 	ldr.w	r8, [sp, #16]
  4020a4:	496e      	ldr	r1, [pc, #440]	; (402260 <__mulsc3+0x2f0>)
  4020a6:	f360 071e 	bfi	r7, r0, #0, #31
  4020aa:	4640      	mov	r0, r8
  4020ac:	f000 f96a 	bl	402384 <__aeabi_fcmpun>
  4020b0:	f04f 0401 	mov.w	r4, #1
  4020b4:	b928      	cbnz	r0, 4020c2 <__mulsc3+0x152>
  4020b6:	496a      	ldr	r1, [pc, #424]	; (402260 <__mulsc3+0x2f0>)
  4020b8:	4640      	mov	r0, r8
  4020ba:	f000 f945 	bl	402348 <__aeabi_fcmple>
  4020be:	b900      	cbnz	r0, 4020c2 <__mulsc3+0x152>
  4020c0:	4604      	mov	r4, r0
  4020c2:	f084 0001 	eor.w	r0, r4, #1
  4020c6:	f000 0001 	and.w	r0, r0, #1
  4020ca:	f7ff fdad 	bl	401c28 <__aeabi_i2f>
  4020ce:	9b10      	ldr	r3, [sp, #64]	; 0x40
  4020d0:	4659      	mov	r1, fp
  4020d2:	f360 031e 	bfi	r3, r0, #0, #31
  4020d6:	4658      	mov	r0, fp
  4020d8:	9310      	str	r3, [sp, #64]	; 0x40
  4020da:	f000 f953 	bl	402384 <__aeabi_fcmpun>
  4020de:	2800      	cmp	r0, #0
  4020e0:	f040 80ca 	bne.w	402278 <__mulsc3+0x308>
  4020e4:	4631      	mov	r1, r6
  4020e6:	4630      	mov	r0, r6
  4020e8:	f000 f94c 	bl	402384 <__aeabi_fcmpun>
  4020ec:	2800      	cmp	r0, #0
  4020ee:	f040 80c0 	bne.w	402272 <__mulsc3+0x302>
  4020f2:	4639      	mov	r1, r7
  4020f4:	4658      	mov	r0, fp
  4020f6:	f7ff fdeb 	bl	401cd0 <__aeabi_fmul>
  4020fa:	9910      	ldr	r1, [sp, #64]	; 0x40
  4020fc:	4604      	mov	r4, r0
  4020fe:	4630      	mov	r0, r6
  402100:	f7ff fde6 	bl	401cd0 <__aeabi_fmul>
  402104:	4601      	mov	r1, r0
  402106:	4620      	mov	r0, r4
  402108:	f7ff fcd8 	bl	401abc <__aeabi_fsub>
  40210c:	f04f 41ff 	mov.w	r1, #2139095040	; 0x7f800000
  402110:	f7ff fdde 	bl	401cd0 <__aeabi_fmul>
  402114:	9910      	ldr	r1, [sp, #64]	; 0x40
  402116:	4604      	mov	r4, r0
  402118:	4658      	mov	r0, fp
  40211a:	f7ff fdd9 	bl	401cd0 <__aeabi_fmul>
  40211e:	4639      	mov	r1, r7
  402120:	4680      	mov	r8, r0
  402122:	4630      	mov	r0, r6
  402124:	f7ff fdd4 	bl	401cd0 <__aeabi_fmul>
  402128:	4601      	mov	r1, r0
  40212a:	4640      	mov	r0, r8
  40212c:	f7ff fcc8 	bl	401ac0 <__addsf3>
  402130:	f04f 41ff 	mov.w	r1, #2139095040	; 0x7f800000
  402134:	f7ff fdcc 	bl	401cd0 <__aeabi_fmul>
  402138:	9001      	str	r0, [sp, #4]
  40213a:	e743      	b.n	401fc4 <__mulsc3+0x54>
  40213c:	9804      	ldr	r0, [sp, #16]
  40213e:	f7ff fd73 	bl	401c28 <__aeabi_i2f>
  402142:	f026 4300 	bic.w	r3, r6, #2147483648	; 0x80000000
  402146:	4946      	ldr	r1, [pc, #280]	; (402260 <__mulsc3+0x2f0>)
  402148:	9303      	str	r3, [sp, #12]
  40214a:	f360 0b1e 	bfi	fp, r0, #0, #31
  40214e:	4618      	mov	r0, r3
  402150:	f000 f918 	bl	402384 <__aeabi_fcmpun>
  402154:	f04f 0201 	mov.w	r2, #1
  402158:	b940      	cbnz	r0, 40216c <__mulsc3+0x1fc>
  40215a:	9b03      	ldr	r3, [sp, #12]
  40215c:	4940      	ldr	r1, [pc, #256]	; (402260 <__mulsc3+0x2f0>)
  40215e:	9204      	str	r2, [sp, #16]
  402160:	4618      	mov	r0, r3
  402162:	f000 f8f1 	bl	402348 <__aeabi_fcmple>
  402166:	9a04      	ldr	r2, [sp, #16]
  402168:	b900      	cbnz	r0, 40216c <__mulsc3+0x1fc>
  40216a:	4602      	mov	r2, r0
  40216c:	f082 0201 	eor.w	r2, r2, #1
  402170:	f002 0001 	and.w	r0, r2, #1
  402174:	f7ff fd58 	bl	401c28 <__aeabi_i2f>
  402178:	4639      	mov	r1, r7
  40217a:	f360 061e 	bfi	r6, r0, #0, #31
  40217e:	4638      	mov	r0, r7
  402180:	f000 f900 	bl	402384 <__aeabi_fcmpun>
  402184:	2800      	cmp	r0, #0
  402186:	d17a      	bne.n	40227e <__mulsc3+0x30e>
  402188:	9910      	ldr	r1, [sp, #64]	; 0x40
  40218a:	4608      	mov	r0, r1
  40218c:	f000 f8fa 	bl	402384 <__aeabi_fcmpun>
  402190:	2800      	cmp	r0, #0
  402192:	d167      	bne.n	402264 <__mulsc3+0x2f4>
  402194:	2301      	movs	r3, #1
  402196:	9305      	str	r3, [sp, #20]
  402198:	e758      	b.n	40204c <__mulsc3+0xdc>
  40219a:	9b10      	ldr	r3, [sp, #64]	; 0x40
  40219c:	4930      	ldr	r1, [pc, #192]	; (402260 <__mulsc3+0x2f0>)
  40219e:	f023 4300 	bic.w	r3, r3, #2147483648	; 0x80000000
  4021a2:	4618      	mov	r0, r3
  4021a4:	9304      	str	r3, [sp, #16]
  4021a6:	f000 f8ed 	bl	402384 <__aeabi_fcmpun>
  4021aa:	b930      	cbnz	r0, 4021ba <__mulsc3+0x24a>
  4021ac:	492c      	ldr	r1, [pc, #176]	; (402260 <__mulsc3+0x2f0>)
  4021ae:	9804      	ldr	r0, [sp, #16]
  4021b0:	f000 f8ca 	bl	402348 <__aeabi_fcmple>
  4021b4:	2800      	cmp	r0, #0
  4021b6:	f43f af5e 	beq.w	402076 <__mulsc3+0x106>
  4021ba:	9b05      	ldr	r3, [sp, #20]
  4021bc:	2b00      	cmp	r3, #0
  4021be:	d198      	bne.n	4020f2 <__mulsc3+0x182>
  4021c0:	f028 4800 	bic.w	r8, r8, #2147483648	; 0x80000000
  4021c4:	4926      	ldr	r1, [pc, #152]	; (402260 <__mulsc3+0x2f0>)
  4021c6:	4640      	mov	r0, r8
  4021c8:	f000 f8dc 	bl	402384 <__aeabi_fcmpun>
  4021cc:	b920      	cbnz	r0, 4021d8 <__mulsc3+0x268>
  4021ce:	4924      	ldr	r1, [pc, #144]	; (402260 <__mulsc3+0x2f0>)
  4021d0:	4640      	mov	r0, r8
  4021d2:	f000 f8b9 	bl	402348 <__aeabi_fcmple>
  4021d6:	b340      	cbz	r0, 40222a <__mulsc3+0x2ba>
  4021d8:	f029 4900 	bic.w	r9, r9, #2147483648	; 0x80000000
  4021dc:	4920      	ldr	r1, [pc, #128]	; (402260 <__mulsc3+0x2f0>)
  4021de:	4648      	mov	r0, r9
  4021e0:	f000 f8d0 	bl	402384 <__aeabi_fcmpun>
  4021e4:	b920      	cbnz	r0, 4021f0 <__mulsc3+0x280>
  4021e6:	491e      	ldr	r1, [pc, #120]	; (402260 <__mulsc3+0x2f0>)
  4021e8:	4648      	mov	r0, r9
  4021ea:	f000 f8ad 	bl	402348 <__aeabi_fcmple>
  4021ee:	b1e0      	cbz	r0, 40222a <__mulsc3+0x2ba>
  4021f0:	f02a 4a00 	bic.w	sl, sl, #2147483648	; 0x80000000
  4021f4:	491a      	ldr	r1, [pc, #104]	; (402260 <__mulsc3+0x2f0>)
  4021f6:	4650      	mov	r0, sl
  4021f8:	f000 f8c4 	bl	402384 <__aeabi_fcmpun>
  4021fc:	b920      	cbnz	r0, 402208 <__mulsc3+0x298>
  4021fe:	4918      	ldr	r1, [pc, #96]	; (402260 <__mulsc3+0x2f0>)
  402200:	4650      	mov	r0, sl
  402202:	f000 f8a1 	bl	402348 <__aeabi_fcmple>
  402206:	b180      	cbz	r0, 40222a <__mulsc3+0x2ba>
  402208:	9b02      	ldr	r3, [sp, #8]
  40220a:	4915      	ldr	r1, [pc, #84]	; (402260 <__mulsc3+0x2f0>)
  40220c:	f023 4800 	bic.w	r8, r3, #2147483648	; 0x80000000
  402210:	4640      	mov	r0, r8
  402212:	f000 f8b7 	bl	402384 <__aeabi_fcmpun>
  402216:	2800      	cmp	r0, #0
  402218:	f47f aed4 	bne.w	401fc4 <__mulsc3+0x54>
  40221c:	4910      	ldr	r1, [pc, #64]	; (402260 <__mulsc3+0x2f0>)
  40221e:	4640      	mov	r0, r8
  402220:	f000 f892 	bl	402348 <__aeabi_fcmple>
  402224:	2800      	cmp	r0, #0
  402226:	f47f aecd 	bne.w	401fc4 <__mulsc3+0x54>
  40222a:	4659      	mov	r1, fp
  40222c:	4658      	mov	r0, fp
  40222e:	f000 f8a9 	bl	402384 <__aeabi_fcmpun>
  402232:	bb68      	cbnz	r0, 402290 <__mulsc3+0x320>
  402234:	4631      	mov	r1, r6
  402236:	4630      	mov	r0, r6
  402238:	f000 f8a4 	bl	402384 <__aeabi_fcmpun>
  40223c:	bb28      	cbnz	r0, 40228a <__mulsc3+0x31a>
  40223e:	4639      	mov	r1, r7
  402240:	4638      	mov	r0, r7
  402242:	f000 f89f 	bl	402384 <__aeabi_fcmpun>
  402246:	b9e8      	cbnz	r0, 402284 <__mulsc3+0x314>
  402248:	9910      	ldr	r1, [sp, #64]	; 0x40
  40224a:	4608      	mov	r0, r1
  40224c:	f000 f89a 	bl	402384 <__aeabi_fcmpun>
  402250:	2800      	cmp	r0, #0
  402252:	f43f af4e 	beq.w	4020f2 <__mulsc3+0x182>
  402256:	9b10      	ldr	r3, [sp, #64]	; 0x40
  402258:	f36f 031e 	bfc	r3, #0, #31
  40225c:	9310      	str	r3, [sp, #64]	; 0x40
  40225e:	e748      	b.n	4020f2 <__mulsc3+0x182>
  402260:	7f7fffff 	.word	0x7f7fffff
  402264:	9b10      	ldr	r3, [sp, #64]	; 0x40
  402266:	f36f 031e 	bfc	r3, #0, #31
  40226a:	9310      	str	r3, [sp, #64]	; 0x40
  40226c:	2301      	movs	r3, #1
  40226e:	9305      	str	r3, [sp, #20]
  402270:	e6ec      	b.n	40204c <__mulsc3+0xdc>
  402272:	f36f 061e 	bfc	r6, #0, #31
  402276:	e73c      	b.n	4020f2 <__mulsc3+0x182>
  402278:	f36f 0b1e 	bfc	fp, #0, #31
  40227c:	e732      	b.n	4020e4 <__mulsc3+0x174>
  40227e:	f36f 071e 	bfc	r7, #0, #31
  402282:	e781      	b.n	402188 <__mulsc3+0x218>
  402284:	f36f 071e 	bfc	r7, #0, #31
  402288:	e7de      	b.n	402248 <__mulsc3+0x2d8>
  40228a:	f36f 061e 	bfc	r6, #0, #31
  40228e:	e7d6      	b.n	40223e <__mulsc3+0x2ce>
  402290:	f36f 0b1e 	bfc	fp, #0, #31
  402294:	e7ce      	b.n	402234 <__mulsc3+0x2c4>
  402296:	bf00      	nop

00402298 <__gesf2>:
  402298:	f04f 3cff 	mov.w	ip, #4294967295	; 0xffffffff
  40229c:	e006      	b.n	4022ac <__cmpsf2+0x4>
  40229e:	bf00      	nop

004022a0 <__lesf2>:
  4022a0:	f04f 0c01 	mov.w	ip, #1
  4022a4:	e002      	b.n	4022ac <__cmpsf2+0x4>
  4022a6:	bf00      	nop

004022a8 <__cmpsf2>:
  4022a8:	f04f 0c01 	mov.w	ip, #1
  4022ac:	f84d cd04 	str.w	ip, [sp, #-4]!
  4022b0:	ea4f 0240 	mov.w	r2, r0, lsl #1
  4022b4:	ea4f 0341 	mov.w	r3, r1, lsl #1
  4022b8:	ea7f 6c22 	mvns.w	ip, r2, asr #24
  4022bc:	bf18      	it	ne
  4022be:	ea7f 6c23 	mvnsne.w	ip, r3, asr #24
  4022c2:	d011      	beq.n	4022e8 <__cmpsf2+0x40>
  4022c4:	b001      	add	sp, #4
  4022c6:	ea52 0c53 	orrs.w	ip, r2, r3, lsr #1
  4022ca:	bf18      	it	ne
  4022cc:	ea90 0f01 	teqne	r0, r1
  4022d0:	bf58      	it	pl
  4022d2:	ebb2 0003 	subspl.w	r0, r2, r3
  4022d6:	bf88      	it	hi
  4022d8:	17c8      	asrhi	r0, r1, #31
  4022da:	bf38      	it	cc
  4022dc:	ea6f 70e1 	mvncc.w	r0, r1, asr #31
  4022e0:	bf18      	it	ne
  4022e2:	f040 0001 	orrne.w	r0, r0, #1
  4022e6:	4770      	bx	lr
  4022e8:	ea7f 6c22 	mvns.w	ip, r2, asr #24
  4022ec:	d102      	bne.n	4022f4 <__cmpsf2+0x4c>
  4022ee:	ea5f 2c40 	movs.w	ip, r0, lsl #9
  4022f2:	d105      	bne.n	402300 <__cmpsf2+0x58>
  4022f4:	ea7f 6c23 	mvns.w	ip, r3, asr #24
  4022f8:	d1e4      	bne.n	4022c4 <__cmpsf2+0x1c>
  4022fa:	ea5f 2c41 	movs.w	ip, r1, lsl #9
  4022fe:	d0e1      	beq.n	4022c4 <__cmpsf2+0x1c>
  402300:	f85d 0b04 	ldr.w	r0, [sp], #4
  402304:	4770      	bx	lr
  402306:	bf00      	nop

00402308 <__aeabi_cfrcmple>:
  402308:	4684      	mov	ip, r0
  40230a:	4608      	mov	r0, r1
  40230c:	4661      	mov	r1, ip
  40230e:	e7ff      	b.n	402310 <__aeabi_cfcmpeq>

00402310 <__aeabi_cfcmpeq>:
  402310:	b50f      	push	{r0, r1, r2, r3, lr}
  402312:	f7ff ffc9 	bl	4022a8 <__cmpsf2>
  402316:	2800      	cmp	r0, #0
  402318:	bf48      	it	mi
  40231a:	f110 0f00 	cmnmi.w	r0, #0
  40231e:	bd0f      	pop	{r0, r1, r2, r3, pc}

00402320 <__aeabi_fcmpeq>:
  402320:	f84d ed08 	str.w	lr, [sp, #-8]!
  402324:	f7ff fff4 	bl	402310 <__aeabi_cfcmpeq>
  402328:	bf0c      	ite	eq
  40232a:	2001      	moveq	r0, #1
  40232c:	2000      	movne	r0, #0
  40232e:	f85d fb08 	ldr.w	pc, [sp], #8
  402332:	bf00      	nop

00402334 <__aeabi_fcmplt>:
  402334:	f84d ed08 	str.w	lr, [sp, #-8]!
  402338:	f7ff ffea 	bl	402310 <__aeabi_cfcmpeq>
  40233c:	bf34      	ite	cc
  40233e:	2001      	movcc	r0, #1
  402340:	2000      	movcs	r0, #0
  402342:	f85d fb08 	ldr.w	pc, [sp], #8
  402346:	bf00      	nop

00402348 <__aeabi_fcmple>:
  402348:	f84d ed08 	str.w	lr, [sp, #-8]!
  40234c:	f7ff ffe0 	bl	402310 <__aeabi_cfcmpeq>
  402350:	bf94      	ite	ls
  402352:	2001      	movls	r0, #1
  402354:	2000      	movhi	r0, #0
  402356:	f85d fb08 	ldr.w	pc, [sp], #8
  40235a:	bf00      	nop

0040235c <__aeabi_fcmpge>:
  40235c:	f84d ed08 	str.w	lr, [sp, #-8]!
  402360:	f7ff ffd2 	bl	402308 <__aeabi_cfrcmple>
  402364:	bf94      	ite	ls
  402366:	2001      	movls	r0, #1
  402368:	2000      	movhi	r0, #0
  40236a:	f85d fb08 	ldr.w	pc, [sp], #8
  40236e:	bf00      	nop

00402370 <__aeabi_fcmpgt>:
  402370:	f84d ed08 	str.w	lr, [sp, #-8]!
  402374:	f7ff ffc8 	bl	402308 <__aeabi_cfrcmple>
  402378:	bf34      	ite	cc
  40237a:	2001      	movcc	r0, #1
  40237c:	2000      	movcs	r0, #0
  40237e:	f85d fb08 	ldr.w	pc, [sp], #8
  402382:	bf00      	nop

00402384 <__aeabi_fcmpun>:
  402384:	ea4f 0240 	mov.w	r2, r0, lsl #1
  402388:	ea4f 0341 	mov.w	r3, r1, lsl #1
  40238c:	ea7f 6c22 	mvns.w	ip, r2, asr #24
  402390:	d102      	bne.n	402398 <__aeabi_fcmpun+0x14>
  402392:	ea5f 2c40 	movs.w	ip, r0, lsl #9
  402396:	d108      	bne.n	4023aa <__aeabi_fcmpun+0x26>
  402398:	ea7f 6c23 	mvns.w	ip, r3, asr #24
  40239c:	d102      	bne.n	4023a4 <__aeabi_fcmpun+0x20>
  40239e:	ea5f 2c41 	movs.w	ip, r1, lsl #9
  4023a2:	d102      	bne.n	4023aa <__aeabi_fcmpun+0x26>
  4023a4:	f04f 0000 	mov.w	r0, #0
  4023a8:	4770      	bx	lr
  4023aa:	f04f 0001 	mov.w	r0, #1
  4023ae:	4770      	bx	lr

004023b0 <__errno>:
  4023b0:	4b01      	ldr	r3, [pc, #4]	; (4023b8 <__errno+0x8>)
  4023b2:	6818      	ldr	r0, [r3, #0]
  4023b4:	4770      	bx	lr
  4023b6:	bf00      	nop
  4023b8:	20000008 	.word	0x20000008

004023bc <__libc_init_array>:
  4023bc:	b570      	push	{r4, r5, r6, lr}
  4023be:	4e0d      	ldr	r6, [pc, #52]	; (4023f4 <__libc_init_array+0x38>)
  4023c0:	4d0d      	ldr	r5, [pc, #52]	; (4023f8 <__libc_init_array+0x3c>)
  4023c2:	1b76      	subs	r6, r6, r5
  4023c4:	10b6      	asrs	r6, r6, #2
  4023c6:	d006      	beq.n	4023d6 <__libc_init_array+0x1a>
  4023c8:	2400      	movs	r4, #0
  4023ca:	f855 3b04 	ldr.w	r3, [r5], #4
  4023ce:	3401      	adds	r4, #1
  4023d0:	4798      	blx	r3
  4023d2:	42a6      	cmp	r6, r4
  4023d4:	d1f9      	bne.n	4023ca <__libc_init_array+0xe>
  4023d6:	4e09      	ldr	r6, [pc, #36]	; (4023fc <__libc_init_array+0x40>)
  4023d8:	4d09      	ldr	r5, [pc, #36]	; (402400 <__libc_init_array+0x44>)
  4023da:	1b76      	subs	r6, r6, r5
  4023dc:	f000 fa00 	bl	4027e0 <_init>
  4023e0:	10b6      	asrs	r6, r6, #2
  4023e2:	d006      	beq.n	4023f2 <__libc_init_array+0x36>
  4023e4:	2400      	movs	r4, #0
  4023e6:	f855 3b04 	ldr.w	r3, [r5], #4
  4023ea:	3401      	adds	r4, #1
  4023ec:	4798      	blx	r3
  4023ee:	42a6      	cmp	r6, r4
  4023f0:	d1f9      	bne.n	4023e6 <__libc_init_array+0x2a>
  4023f2:	bd70      	pop	{r4, r5, r6, pc}
  4023f4:	004027ec 	.word	0x004027ec
  4023f8:	004027ec 	.word	0x004027ec
  4023fc:	004027f0 	.word	0x004027f0
  402400:	004027ec 	.word	0x004027ec

00402404 <memcpy>:
  402404:	4684      	mov	ip, r0
  402406:	ea41 0300 	orr.w	r3, r1, r0
  40240a:	f013 0303 	ands.w	r3, r3, #3
  40240e:	d16d      	bne.n	4024ec <memcpy+0xe8>
  402410:	3a40      	subs	r2, #64	; 0x40
  402412:	d341      	bcc.n	402498 <memcpy+0x94>
  402414:	f851 3b04 	ldr.w	r3, [r1], #4
  402418:	f840 3b04 	str.w	r3, [r0], #4
  40241c:	f851 3b04 	ldr.w	r3, [r1], #4
  402420:	f840 3b04 	str.w	r3, [r0], #4
  402424:	f851 3b04 	ldr.w	r3, [r1], #4
  402428:	f840 3b04 	str.w	r3, [r0], #4
  40242c:	f851 3b04 	ldr.w	r3, [r1], #4
  402430:	f840 3b04 	str.w	r3, [r0], #4
  402434:	f851 3b04 	ldr.w	r3, [r1], #4
  402438:	f840 3b04 	str.w	r3, [r0], #4
  40243c:	f851 3b04 	ldr.w	r3, [r1], #4
  402440:	f840 3b04 	str.w	r3, [r0], #4
  402444:	f851 3b04 	ldr.w	r3, [r1], #4
  402448:	f840 3b04 	str.w	r3, [r0], #4
  40244c:	f851 3b04 	ldr.w	r3, [r1], #4
  402450:	f840 3b04 	str.w	r3, [r0], #4
  402454:	f851 3b04 	ldr.w	r3, [r1], #4
  402458:	f840 3b04 	str.w	r3, [r0], #4
  40245c:	f851 3b04 	ldr.w	r3, [r1], #4
  402460:	f840 3b04 	str.w	r3, [r0], #4
  402464:	f851 3b04 	ldr.w	r3, [r1], #4
  402468:	f840 3b04 	str.w	r3, [r0], #4
  40246c:	f851 3b04 	ldr.w	r3, [r1], #4
  402470:	f840 3b04 	str.w	r3, [r0], #4
  402474:	f851 3b04 	ldr.w	r3, [r1], #4
  402478:	f840 3b04 	str.w	r3, [r0], #4
  40247c:	f851 3b04 	ldr.w	r3, [r1], #4
  402480:	f840 3b04 	str.w	r3, [r0], #4
  402484:	f851 3b04 	ldr.w	r3, [r1], #4
  402488:	f840 3b04 	str.w	r3, [r0], #4
  40248c:	f851 3b04 	ldr.w	r3, [r1], #4
  402490:	f840 3b04 	str.w	r3, [r0], #4
  402494:	3a40      	subs	r2, #64	; 0x40
  402496:	d2bd      	bcs.n	402414 <memcpy+0x10>
  402498:	3230      	adds	r2, #48	; 0x30
  40249a:	d311      	bcc.n	4024c0 <memcpy+0xbc>
  40249c:	f851 3b04 	ldr.w	r3, [r1], #4
  4024a0:	f840 3b04 	str.w	r3, [r0], #4
  4024a4:	f851 3b04 	ldr.w	r3, [r1], #4
  4024a8:	f840 3b04 	str.w	r3, [r0], #4
  4024ac:	f851 3b04 	ldr.w	r3, [r1], #4
  4024b0:	f840 3b04 	str.w	r3, [r0], #4
  4024b4:	f851 3b04 	ldr.w	r3, [r1], #4
  4024b8:	f840 3b04 	str.w	r3, [r0], #4
  4024bc:	3a10      	subs	r2, #16
  4024be:	d2ed      	bcs.n	40249c <memcpy+0x98>
  4024c0:	320c      	adds	r2, #12
  4024c2:	d305      	bcc.n	4024d0 <memcpy+0xcc>
  4024c4:	f851 3b04 	ldr.w	r3, [r1], #4
  4024c8:	f840 3b04 	str.w	r3, [r0], #4
  4024cc:	3a04      	subs	r2, #4
  4024ce:	d2f9      	bcs.n	4024c4 <memcpy+0xc0>
  4024d0:	3204      	adds	r2, #4
  4024d2:	d008      	beq.n	4024e6 <memcpy+0xe2>
  4024d4:	07d2      	lsls	r2, r2, #31
  4024d6:	bf1c      	itt	ne
  4024d8:	f811 3b01 	ldrbne.w	r3, [r1], #1
  4024dc:	f800 3b01 	strbne.w	r3, [r0], #1
  4024e0:	d301      	bcc.n	4024e6 <memcpy+0xe2>
  4024e2:	880b      	ldrh	r3, [r1, #0]
  4024e4:	8003      	strh	r3, [r0, #0]
  4024e6:	4660      	mov	r0, ip
  4024e8:	4770      	bx	lr
  4024ea:	bf00      	nop
  4024ec:	2a08      	cmp	r2, #8
  4024ee:	d313      	bcc.n	402518 <memcpy+0x114>
  4024f0:	078b      	lsls	r3, r1, #30
  4024f2:	d08d      	beq.n	402410 <memcpy+0xc>
  4024f4:	f010 0303 	ands.w	r3, r0, #3
  4024f8:	d08a      	beq.n	402410 <memcpy+0xc>
  4024fa:	f1c3 0304 	rsb	r3, r3, #4
  4024fe:	1ad2      	subs	r2, r2, r3
  402500:	07db      	lsls	r3, r3, #31
  402502:	bf1c      	itt	ne
  402504:	f811 3b01 	ldrbne.w	r3, [r1], #1
  402508:	f800 3b01 	strbne.w	r3, [r0], #1
  40250c:	d380      	bcc.n	402410 <memcpy+0xc>
  40250e:	f831 3b02 	ldrh.w	r3, [r1], #2
  402512:	f820 3b02 	strh.w	r3, [r0], #2
  402516:	e77b      	b.n	402410 <memcpy+0xc>
  402518:	3a04      	subs	r2, #4
  40251a:	d3d9      	bcc.n	4024d0 <memcpy+0xcc>
  40251c:	3a01      	subs	r2, #1
  40251e:	f811 3b01 	ldrb.w	r3, [r1], #1
  402522:	f800 3b01 	strb.w	r3, [r0], #1
  402526:	d2f9      	bcs.n	40251c <memcpy+0x118>
  402528:	780b      	ldrb	r3, [r1, #0]
  40252a:	7003      	strb	r3, [r0, #0]
  40252c:	784b      	ldrb	r3, [r1, #1]
  40252e:	7043      	strb	r3, [r0, #1]
  402530:	788b      	ldrb	r3, [r1, #2]
  402532:	7083      	strb	r3, [r0, #2]
  402534:	4660      	mov	r0, ip
  402536:	4770      	bx	lr

00402538 <memset>:
  402538:	0783      	lsls	r3, r0, #30
  40253a:	b530      	push	{r4, r5, lr}
  40253c:	d048      	beq.n	4025d0 <memset+0x98>
  40253e:	1e54      	subs	r4, r2, #1
  402540:	2a00      	cmp	r2, #0
  402542:	d03f      	beq.n	4025c4 <memset+0x8c>
  402544:	b2ca      	uxtb	r2, r1
  402546:	4603      	mov	r3, r0
  402548:	e001      	b.n	40254e <memset+0x16>
  40254a:	3c01      	subs	r4, #1
  40254c:	d33a      	bcc.n	4025c4 <memset+0x8c>
  40254e:	f803 2b01 	strb.w	r2, [r3], #1
  402552:	079d      	lsls	r5, r3, #30
  402554:	d1f9      	bne.n	40254a <memset+0x12>
  402556:	2c03      	cmp	r4, #3
  402558:	d92d      	bls.n	4025b6 <memset+0x7e>
  40255a:	b2cd      	uxtb	r5, r1
  40255c:	ea45 2505 	orr.w	r5, r5, r5, lsl #8
  402560:	2c0f      	cmp	r4, #15
  402562:	ea45 4505 	orr.w	r5, r5, r5, lsl #16
  402566:	d936      	bls.n	4025d6 <memset+0x9e>
  402568:	f1a4 0210 	sub.w	r2, r4, #16
  40256c:	f022 0c0f 	bic.w	ip, r2, #15
  402570:	f103 0e20 	add.w	lr, r3, #32
  402574:	44e6      	add	lr, ip
  402576:	ea4f 1c12 	mov.w	ip, r2, lsr #4
  40257a:	f103 0210 	add.w	r2, r3, #16
  40257e:	e942 5504 	strd	r5, r5, [r2, #-16]
  402582:	e942 5502 	strd	r5, r5, [r2, #-8]
  402586:	3210      	adds	r2, #16
  402588:	4572      	cmp	r2, lr
  40258a:	d1f8      	bne.n	40257e <memset+0x46>
  40258c:	f10c 0201 	add.w	r2, ip, #1
  402590:	f014 0f0c 	tst.w	r4, #12
  402594:	eb03 1202 	add.w	r2, r3, r2, lsl #4
  402598:	f004 0c0f 	and.w	ip, r4, #15
  40259c:	d013      	beq.n	4025c6 <memset+0x8e>
  40259e:	f1ac 0304 	sub.w	r3, ip, #4
  4025a2:	f023 0303 	bic.w	r3, r3, #3
  4025a6:	3304      	adds	r3, #4
  4025a8:	4413      	add	r3, r2
  4025aa:	f842 5b04 	str.w	r5, [r2], #4
  4025ae:	4293      	cmp	r3, r2
  4025b0:	d1fb      	bne.n	4025aa <memset+0x72>
  4025b2:	f00c 0403 	and.w	r4, ip, #3
  4025b6:	b12c      	cbz	r4, 4025c4 <memset+0x8c>
  4025b8:	b2ca      	uxtb	r2, r1
  4025ba:	441c      	add	r4, r3
  4025bc:	f803 2b01 	strb.w	r2, [r3], #1
  4025c0:	429c      	cmp	r4, r3
  4025c2:	d1fb      	bne.n	4025bc <memset+0x84>
  4025c4:	bd30      	pop	{r4, r5, pc}
  4025c6:	4664      	mov	r4, ip
  4025c8:	4613      	mov	r3, r2
  4025ca:	2c00      	cmp	r4, #0
  4025cc:	d1f4      	bne.n	4025b8 <memset+0x80>
  4025ce:	e7f9      	b.n	4025c4 <memset+0x8c>
  4025d0:	4603      	mov	r3, r0
  4025d2:	4614      	mov	r4, r2
  4025d4:	e7bf      	b.n	402556 <memset+0x1e>
  4025d6:	461a      	mov	r2, r3
  4025d8:	46a4      	mov	ip, r4
  4025da:	e7e0      	b.n	40259e <memset+0x66>

004025dc <twiddle_table>:
  4025dc:	0000 3f80 0000 8000 b10f 3f7f fb30 bd48     ...?.......?0.H.
  4025ec:	c46d 3f7e bd36 bdc8 3aac 3f7d 4083 be16     m.~?6....:}?.@..
  4025fc:	14be 3f7b c5c2 be47 53f8 3f78 cfcc be78     ..{?..G..Sx?..x.
  40260c:	fa0b 3f74 a031 be94 0908 3f71 7cd4 beac     ..t?1.....q?.|..
  40261c:	835e 3f6c ef15 bec3 6bd8 3f67 e880 beda     ^.l?.....kg?....
  40262c:	c598 3f61 5aea bef1 941a 3f5b 9c3d bf03     ..a?.Z....[?=...
  40263c:	db31 3f54 39da bf0e 9f02 3f4d 7fc0 bf18     1.T?.9....M?....
  40264c:	e403 3f45 6799 bf22 aef9 3f3d eb4a bf2b     ..E?.g"...=?J.+.
  40265c:	04f3 3f35 04f3 bf35 eb4a 3f2b aef9 bf3d     ..5?..5.J.+?..=.
  40266c:	6799 3f22 e403 bf45 7fc0 3f18 9f02 bf4d     .g"?..E....?..M.
  40267c:	39da 3f0e db31 bf54 9c3d 3f03 941a bf5b     .9.?1.T.=..?..[.
  40268c:	5aea 3ef1 c598 bf61 e880 3eda 6bd8 bf67     .Z.>..a....>.kg.
  40269c:	ef15 3ec3 835e bf6c 7cd4 3eac 0908 bf71     ...>^.l..|.>..q.
  4026ac:	a031 3e94 fa0b bf74 cfcc 3e78 53f8 bf78     1..>..t...x>.Sx.
  4026bc:	c5c2 3e47 14be bf7b 4083 3e16 3aac bf7d     ..G>..{..@.>.:}.
  4026cc:	bd36 3dc8 c46d bf7e fb30 3d48 b10f bf7f     6..=m.~.0.H=....
  4026dc:	3132 248d 0000 bf80 fb30 bd48 b10f bf7f     21.$....0.H.....
  4026ec:	bd36 bdc8 c46d bf7e 4083 be16 3aac bf7d     6...m.~..@...:}.
  4026fc:	c5c2 be47 14be bf7b cfcc be78 53f8 bf78     ..G...{...x..Sx.
  40270c:	a031 be94 fa0b bf74 7cd4 beac 0908 bf71     1.....t..|....q.
  40271c:	ef15 bec3 835e bf6c e880 beda 6bd8 bf67     ....^.l......kg.
  40272c:	5aea bef1 c598 bf61 9c3d bf03 941a bf5b     .Z....a.=.....[.
  40273c:	39da bf0e db31 bf54 7fc0 bf18 9f02 bf4d     .9..1.T.......M.
  40274c:	6799 bf22 e403 bf45 eb4a bf2b aef9 bf3d     .g"...E.J.+...=.
  40275c:	04f3 bf35 04f3 bf35 aef9 bf3d eb4a bf2b     ..5...5...=.J.+.
  40276c:	e403 bf45 6799 bf22 9f02 bf4d 7fc0 bf18     ..E..g"...M.....
  40277c:	db31 bf54 39da bf0e 941a bf5b 9c3d bf03     1.T..9....[.=...
  40278c:	c598 bf61 5aea bef1 6bd8 bf67 e880 beda     ..a..Z...kg.....
  40279c:	835e bf6c ef15 bec3 0908 bf71 7cd4 beac     ^.l.......q..|..
  4027ac:	fa0b bf74 a031 be94 53f8 bf78 cfcc be78     ..t.1....Sx...x.
  4027bc:	14be bf7b c5c2 be47 3aac bf7d 4083 be16     ..{...G..:}..@..
  4027cc:	c46d bf7e bd36 bdc8 b10f bf7f fb30 bd48     m.~.6.......0.H.
  4027dc:	0000 0000                                   ....

004027e0 <_init>:
  4027e0:	b5f8      	push	{r3, r4, r5, r6, r7, lr}
  4027e2:	bf00      	nop
  4027e4:	bcf8      	pop	{r3, r4, r5, r6, r7}
  4027e6:	bc08      	pop	{r3}
  4027e8:	469e      	mov	lr, r3
  4027ea:	4770      	bx	lr

004027ec <__frame_dummy_init_array_entry>:
  4027ec:	0135 0040                                   5.@.

004027f0 <_fini>:
  4027f0:	b5f8      	push	{r3, r4, r5, r6, r7, lr}
  4027f2:	bf00      	nop
  4027f4:	bcf8      	pop	{r3, r4, r5, r6, r7}
  4027f6:	bc08      	pop	{r3}
  4027f8:	469e      	mov	lr, r3
  4027fa:	4770      	bx	lr

004027fc <__do_global_dtors_aux_fini_array_entry>:
  4027fc:	010d 0040                                   ..@.
