
Toeplitz_FFT-ROWLEN16-KEYONLY-CW312_SAM4S.elf:     file format elf32-littlearm

Sections:
Idx Name          Size      VMA       LMA       File off  Algn
  0 .text         00002660  00400000  00400000  00010000  2**3
                  CONTENTS, ALLOC, LOAD, READONLY, CODE
  1 .relocate     0000006c  20000000  00402660  00020000  2**2
                  CONTENTS, ALLOC, LOAD, DATA
  2 .bss          0000062c  2000006c  004026cc  0002006c  2**2
                  ALLOC
  3 .stack        00001000  20000698  00402cf8  0002006c  2**0
                  ALLOC
  4 .ARM.attributes 0000002a  00000000  00000000  0002006c  2**0
                  CONTENTS, READONLY
  5 .comment      00000033  00000000  00000000  00020096  2**0
                  CONTENTS, READONLY
  6 .debug_info   000076f5  00000000  00000000  000200c9  2**0
                  CONTENTS, READONLY, DEBUGGING, OCTETS
  7 .debug_abbrev 00001ae1  00000000  00000000  000277be  2**0
                  CONTENTS, READONLY, DEBUGGING, OCTETS
  8 .debug_loc    000039ca  00000000  00000000  0002929f  2**0
                  CONTENTS, READONLY, DEBUGGING, OCTETS
  9 .debug_aranges 00000810  00000000  00000000  0002cc70  2**3
                  CONTENTS, READONLY, DEBUGGING, OCTETS
 10 .debug_ranges 000008e8  00000000  00000000  0002d480  2**0
                  CONTENTS, READONLY, DEBUGGING, OCTETS
 11 .debug_macro  0000fe9b  00000000  00000000  0002dd68  2**0
                  CONTENTS, READONLY, DEBUGGING, OCTETS
 12 .debug_line   0000702c  00000000  00000000  0003dc03  2**0
                  CONTENTS, READONLY, DEBUGGING, OCTETS
 13 .debug_str    0004cd4a  00000000  00000000  00044c2f  2**0
                  CONTENTS, READONLY, DEBUGGING, OCTETS
 14 .debug_frame  0000116c  00000000  00000000  0009197c  2**2
                  CONTENTS, READONLY, DEBUGGING, OCTETS

Disassembly of section .text:

00400000 <exception_table>:
  400000:	98 16 00 20 41 04 40 00 3d 04 40 00 3d 04 40 00     ... A.@.=.@.=.@.
  400010:	3d 04 40 00 3d 04 40 00 3d 04 40 00 00 00 00 00     =.@.=.@.=.@.....
  400020:	00 00 00 00 00 00 00 00 00 00 00 00 3d 04 40 00     ............=.@.
  400030:	3d 04 40 00 00 00 00 00 3d 04 40 00 3d 04 40 00     =.@.....=.@.=.@.
  400040:	3d 04 40 00 3d 04 40 00 3d 04 40 00 3d 04 40 00     =.@.=.@.=.@.=.@.
  400050:	3d 04 40 00 3d 04 40 00 3d 04 40 00 00 00 00 00     =.@.=.@.=.@.....
  400060:	3d 04 40 00 3d 04 40 00 00 00 00 00 3d 04 40 00     =.@.=.@.....=.@.
  400070:	3d 04 40 00 00 00 00 00 3d 04 40 00 3d 04 40 00     =.@.....=.@.=.@.
  400080:	00 00 00 00 00 00 00 00 3d 04 40 00 3d 04 40 00     ........=.@.=.@.
  400090:	3d 04 40 00 3d 04 40 00 3d 04 40 00 3d 04 40 00     =.@.=.@.=.@.=.@.
  4000a0:	3d 04 40 00 3d 04 40 00 00 00 00 00 00 00 00 00     =.@.=.@.........
  4000b0:	00 00 00 00 3d 04 40 00 3d 04 40 00 3d 04 40 00     ....=.@.=.@.=.@.
  4000c0:	3d 04 40 00 3d 04 40 00 3d 04 40 00                 =.@.=.@.=.@.

004000cc <deregister_tm_clones>:
  4000cc:	4803      	ldr	r0, [pc, #12]	; (4000dc <deregister_tm_clones+0x10>)
  4000ce:	4b04      	ldr	r3, [pc, #16]	; (4000e0 <deregister_tm_clones+0x14>)
  4000d0:	4283      	cmp	r3, r0
  4000d2:	d002      	beq.n	4000da <deregister_tm_clones+0xe>
  4000d4:	4b03      	ldr	r3, [pc, #12]	; (4000e4 <deregister_tm_clones+0x18>)
  4000d6:	b103      	cbz	r3, 4000da <deregister_tm_clones+0xe>
  4000d8:	4718      	bx	r3
  4000da:	4770      	bx	lr
  4000dc:	00402660 	.word	0x00402660
  4000e0:	00402660 	.word	0x00402660
  4000e4:	00000000 	.word	0x00000000

004000e8 <register_tm_clones>:
  4000e8:	4805      	ldr	r0, [pc, #20]	; (400100 <register_tm_clones+0x18>)
  4000ea:	4906      	ldr	r1, [pc, #24]	; (400104 <register_tm_clones+0x1c>)
  4000ec:	1a0b      	subs	r3, r1, r0
  4000ee:	0fd9      	lsrs	r1, r3, #31
  4000f0:	eb01 01a3 	add.w	r1, r1, r3, asr #2
  4000f4:	1049      	asrs	r1, r1, #1
  4000f6:	d002      	beq.n	4000fe <register_tm_clones+0x16>
  4000f8:	4b03      	ldr	r3, [pc, #12]	; (400108 <register_tm_clones+0x20>)
  4000fa:	b103      	cbz	r3, 4000fe <register_tm_clones+0x16>
  4000fc:	4718      	bx	r3
  4000fe:	4770      	bx	lr
  400100:	00402660 	.word	0x00402660
  400104:	00402660 	.word	0x00402660
  400108:	00000000 	.word	0x00000000

0040010c <__do_global_dtors_aux>:
  40010c:	b510      	push	{r4, lr}
  40010e:	4c06      	ldr	r4, [pc, #24]	; (400128 <__do_global_dtors_aux+0x1c>)
  400110:	7823      	ldrb	r3, [r4, #0]
  400112:	b943      	cbnz	r3, 400126 <__do_global_dtors_aux+0x1a>
  400114:	f7ff ffda 	bl	4000cc <deregister_tm_clones>
  400118:	4b04      	ldr	r3, [pc, #16]	; (40012c <__do_global_dtors_aux+0x20>)
  40011a:	b113      	cbz	r3, 400122 <__do_global_dtors_aux+0x16>
  40011c:	4804      	ldr	r0, [pc, #16]	; (400130 <__do_global_dtors_aux+0x24>)
  40011e:	f3af 8000 	nop.w
  400122:	2301      	movs	r3, #1
  400124:	7023      	strb	r3, [r4, #0]
  400126:	bd10      	pop	{r4, pc}
  400128:	2000006c 	.word	0x2000006c
  40012c:	00000000 	.word	0x00000000
  400130:	00402660 	.word	0x00402660

00400134 <frame_dummy>:
  400134:	b508      	push	{r3, lr}
  400136:	4b04      	ldr	r3, [pc, #16]	; (400148 <frame_dummy+0x14>)
  400138:	b11b      	cbz	r3, 400142 <frame_dummy+0xe>
  40013a:	4904      	ldr	r1, [pc, #16]	; (40014c <frame_dummy+0x18>)
  40013c:	4804      	ldr	r0, [pc, #16]	; (400150 <frame_dummy+0x1c>)
  40013e:	f3af 8000 	nop.w
  400142:	e8bd 4008 	ldmia.w	sp!, {r3, lr}
  400146:	e7cf      	b.n	4000e8 <register_tm_clones>
  400148:	00000000 	.word	0x00000000
  40014c:	20000070 	.word	0x20000070
  400150:	00402660 	.word	0x00402660

00400154 <read_bytes>:
// text. getch() blocks until a real byte is received (confirmed from the
// SAM4S HAL: uart_read() itself spins until data is available, so unlike
// the old line-based my_read() there's no "0 means not ready yet" sentinel
// to guard against; every byte returned is genuine received data,
// including a legitimate 0x00).
void read_bytes(uint8_t *buf, int len){
  400154:	b5f8      	push	{r3, r4, r5, r6, r7, lr}
  for(int i = 0; i < len; i++){
    buf[i] = getch();
  400156:	4f05      	ldr	r7, [pc, #20]	; (40016c <read_bytes+0x18>)
void read_bytes(uint8_t *buf, int len){
  400158:	4606      	mov	r6, r0
  40015a:	460d      	mov	r5, r1
  for(int i = 0; i < len; i++){
  40015c:	2400      	movs	r4, #0
  40015e:	42ac      	cmp	r4, r5
  400160:	db00      	blt.n	400164 <read_bytes+0x10>
  }
}
  400162:	bdf8      	pop	{r3, r4, r5, r6, r7, pc}
    buf[i] = getch();
  400164:	47b8      	blx	r7
  400166:	5530      	strb	r0, [r6, r4]
  for(int i = 0; i < len; i++){
  400168:	3401      	adds	r4, #1
  40016a:	e7f8      	b.n	40015e <read_bytes+0xa>
  40016c:	004005ed 	.word	0x004005ed

00400170 <write_bytes>:

void write_bytes(const uint8_t *buf, int len){
  400170:	b5f8      	push	{r3, r4, r5, r6, r7, lr}
  for(int i = 0; i < len; i++){
    putch(buf[i]);
  400172:	4f05      	ldr	r7, [pc, #20]	; (400188 <write_bytes+0x18>)
void write_bytes(const uint8_t *buf, int len){
  400174:	4606      	mov	r6, r0
  400176:	460d      	mov	r5, r1
  for(int i = 0; i < len; i++){
  400178:	2400      	movs	r4, #0
  40017a:	42ac      	cmp	r4, r5
  40017c:	db00      	blt.n	400180 <write_bytes+0x10>
  }
}
  40017e:	bdf8      	pop	{r3, r4, r5, r6, r7, pc}
    putch(buf[i]);
  400180:	5d30      	ldrb	r0, [r6, r4]
  400182:	47b8      	blx	r7
  for(int i = 0; i < len; i++){
  400184:	3401      	adds	r4, #1
  400186:	e7f8      	b.n	40017a <write_bytes+0xa>
  400188:	004005d1 	.word	0x004005d1

0040018c <bytes_to_bits>:

// MSB-first: bit 7 of bytes_in[i] becomes bits_out[i*8], bit 0 becomes
// bits_out[i*8+7]. Must match bits_to_bytes()'s packing order exactly, and
// the Python controller's unpacking convention.
void bytes_to_bits(const uint8_t *bytes_in, int *bits_out, int nbytes){
  40018c:	b570      	push	{r4, r5, r6, lr}
  for(int i = 0; i < nbytes; i++){
  40018e:	2300      	movs	r3, #0
  400190:	4293      	cmp	r3, r2
  400192:	db00      	blt.n	400196 <bytes_to_bits+0xa>
    for(int b = 0; b < 8; b++){
      bits_out[i*8 + b] = (bytes_in[i] >> (7 - b)) & 1;
    }
  }
}
  400194:	bd70      	pop	{r4, r5, r6, pc}
  400196:	eb01 1643 	add.w	r6, r1, r3, lsl #5
  for(int i = 0; i < nbytes; i++){
  40019a:	2507      	movs	r5, #7
      bits_out[i*8 + b] = (bytes_in[i] >> (7 - b)) & 1;
  40019c:	5cc4      	ldrb	r4, [r0, r3]
  40019e:	412c      	asrs	r4, r5
  4001a0:	f004 0401 	and.w	r4, r4, #1
    for(int b = 0; b < 8; b++){
  4001a4:	3d01      	subs	r5, #1
      bits_out[i*8 + b] = (bytes_in[i] >> (7 - b)) & 1;
  4001a6:	f846 4b04 	str.w	r4, [r6], #4
    for(int b = 0; b < 8; b++){
  4001aa:	d2f7      	bcs.n	40019c <bytes_to_bits+0x10>
  for(int i = 0; i < nbytes; i++){
  4001ac:	3301      	adds	r3, #1
  4001ae:	e7ef      	b.n	400190 <bytes_to_bits+0x4>

004001b0 <reverse_bit>:
}


int reverse_bit(int num, int s) {
    int res = 0;
    for (int i = 0; i < s; i++) {
  4001b0:	2300      	movs	r3, #0
int reverse_bit(int num, int s) {
  4001b2:	b570      	push	{r4, r5, r6, lr}
  4001b4:	4602      	mov	r2, r0
        if (num & (1 << i))
            res |= 1 << (s - 1 - i);
  4001b6:	1e4d      	subs	r5, r1, #1
    int res = 0;
  4001b8:	4618      	mov	r0, r3
            res |= 1 << (s - 1 - i);
  4001ba:	2601      	movs	r6, #1
    for (int i = 0; i < s; i++) {
  4001bc:	428b      	cmp	r3, r1
  4001be:	db00      	blt.n	4001c2 <reverse_bit+0x12>
    }
    return res;
}
  4001c0:	bd70      	pop	{r4, r5, r6, pc}
        if (num & (1 << i))
  4001c2:	fa42 f403 	asr.w	r4, r2, r3
  4001c6:	07e4      	lsls	r4, r4, #31
            res |= 1 << (s - 1 - i);
  4001c8:	bf42      	ittt	mi
  4001ca:	1aec      	submi	r4, r5, r3
  4001cc:	fa06 f404 	lslmi.w	r4, r6, r4
  4001d0:	4320      	orrmi	r0, r4
    for (int i = 0; i < s; i++) {
  4001d2:	3301      	adds	r3, #1
  4001d4:	e7f2      	b.n	4001bc <reverse_bit+0xc>
  4001d6:	0000      	movs	r0, r0

004001d8 <reverse_array>:

void reverse_array(float complex *X, int N, int s){
  4001d8:	e92d 43f8 	stmdb	sp!, {r3, r4, r5, r6, r7, r8, r9, lr}
    for(int i = 0; i < N; i ++){
        int rb = reverse_bit(i,s);
  4001dc:	4f11      	ldr	r7, [pc, #68]	; (400224 <reverse_array+0x4c>)
void reverse_array(float complex *X, int N, int s){
  4001de:	460e      	mov	r6, r1
  4001e0:	4605      	mov	r5, r0
  4001e2:	4611      	mov	r1, r2
    for(int i = 0; i < N; i ++){
  4001e4:	2400      	movs	r4, #0
  4001e6:	42b4      	cmp	r4, r6
  4001e8:	db01      	blt.n	4001ee <reverse_array+0x16>
          float complex tmp = X[i];
            X[i] = X[rb];
            X[rb] = tmp;
        }
    }
}
  4001ea:	e8bd 83f8 	ldmia.w	sp!, {r3, r4, r5, r6, r7, r8, r9, pc}
        int rb = reverse_bit(i,s);
  4001ee:	4620      	mov	r0, r4
  4001f0:	47b8      	blx	r7
        if(i < rb){
  4001f2:	4284      	cmp	r4, r0
  4001f4:	da13      	bge.n	40021e <reverse_array+0x46>
          float complex tmp = X[i];
  4001f6:	eb05 02c4 	add.w	r2, r5, r4, lsl #3
            X[i] = X[rb];
  4001fa:	eb05 03c0 	add.w	r3, r5, r0, lsl #3
          float complex tmp = X[i];
  4001fe:	f855 e034 	ldr.w	lr, [r5, r4, lsl #3]
  400202:	f8d2 c004 	ldr.w	ip, [r2, #4]
            X[i] = X[rb];
  400206:	f855 9030 	ldr.w	r9, [r5, r0, lsl #3]
  40020a:	f8d3 8004 	ldr.w	r8, [r3, #4]
  40020e:	f845 9034 	str.w	r9, [r5, r4, lsl #3]
  400212:	f8c2 8004 	str.w	r8, [r2, #4]
            X[rb] = tmp;
  400216:	f845 e030 	str.w	lr, [r5, r0, lsl #3]
  40021a:	f8c3 c004 	str.w	ip, [r3, #4]
    for(int i = 0; i < N; i ++){
  40021e:	3401      	adds	r4, #1
  400220:	e7e1      	b.n	4001e6 <reverse_array+0xe>
  400222:	bf00      	nop
  400224:	004001b1 	.word	0x004001b1

00400228 <DIT_FFT>:
// compute time between traces -- worse, it delays the target getting back
// to read_bytes() for the *next* key long enough that a host write can land
// before the target is listening again, desyncing the UART (single holding
// register, no FIFO). Callers that need a correct FFT result (the full
// hash's key/seed FFTs, and DIT_IFFT) must pass 0 here.
void DIT_FFT(float complex *X, int N, int trigger, int stop_after_stage1){
  400228:	e92d 4ff0 	stmdb	sp!, {r4, r5, r6, r7, r8, r9, sl, fp, lr}
  40022c:	b08d      	sub	sp, #52	; 0x34
  40022e:	4605      	mov	r5, r0
  400230:	9202      	str	r2, [sp, #8]
  400232:	9308      	str	r3, [sp, #32]

    //int collected = 0;

    int s = round(log2(N));
  400234:	4608      	mov	r0, r1
  400236:	4b48      	ldr	r3, [pc, #288]	; (400358 <DIT_FFT+0x130>)
  400238:	4c48      	ldr	r4, [pc, #288]	; (40035c <DIT_FFT+0x134>)
void DIT_FFT(float complex *X, int N, int trigger, int stop_after_stage1){
  40023a:	4688      	mov	r8, r1
    int s = round(log2(N));
  40023c:	4798      	blx	r3
  40023e:	4b48      	ldr	r3, [pc, #288]	; (400360 <DIT_FFT+0x138>)
  400240:	4798      	blx	r3
  400242:	a343      	add	r3, pc, #268	; (adr r3, 400350 <DIT_FFT+0x128>)
  400244:	e9d3 2300 	ldrd	r2, r3, [r3]
  400248:	47a0      	blx	r4
  40024a:	4b46      	ldr	r3, [pc, #280]	; (400364 <DIT_FFT+0x13c>)
  40024c:	4798      	blx	r3
  40024e:	4b46      	ldr	r3, [pc, #280]	; (400368 <DIT_FFT+0x140>)
  400250:	4798      	blx	r3
    reverse_array(X,N,s);
  400252:	4b46      	ldr	r3, [pc, #280]	; (40036c <DIT_FFT+0x144>)
    int s = round(log2(N));
  400254:	9003      	str	r0, [sp, #12]
    reverse_array(X,N,s);
  400256:	4602      	mov	r2, r0
  400258:	4641      	mov	r1, r8
  40025a:	4628      	mov	r0, r5
  40025c:	4798      	blx	r3
    if(trigger){
  40025e:	9b02      	ldr	r3, [sp, #8]
  400260:	b10b      	cbz	r3, 400266 <DIT_FFT+0x3e>
      trigger_high();
  400262:	4b43      	ldr	r3, [pc, #268]	; (400370 <DIT_FFT+0x148>)
  400264:	4798      	blx	r3
        // hash at larger N -- easily seconds of wasted time for what's
        // always just an integer power of two.
        int half_span = 1 << (stage - 1);
        int span = 1 << stage;
        int table_stride = N >> stage;  // N/span
        int p = 0;
  400266:	2601      	movs	r6, #1
    for(int stage=1; stage <= s; stage++){
  400268:	9b03      	ldr	r3, [sp, #12]
  40026a:	429e      	cmp	r6, r3
  40026c:	dd02      	ble.n	400274 <DIT_FFT+0x4c>
              trigger_low();
            }
            break;
        }
    }
}
  40026e:	b00d      	add	sp, #52	; 0x34
  400270:	e8bd 8ff0 	ldmia.w	sp!, {r4, r5, r6, r7, r8, r9, sl, fp, pc}
        int half_span = 1 << (stage - 1);
  400274:	2301      	movs	r3, #1
  400276:	1e72      	subs	r2, r6, #1
  400278:	fa03 fa02 	lsl.w	sl, r3, r2
        int span = 1 << stage;
  40027c:	40b3      	lsls	r3, r6
  40027e:	9304      	str	r3, [sp, #16]
        int n = 0;
  400280:	f04f 0900 	mov.w	r9, #0
        int table_stride = N >> stage;  // N/span
  400284:	fa48 f306 	asr.w	r3, r8, r6
  400288:	9307      	str	r3, [sp, #28]
        int half_span = 1 << (stage - 1);
  40028a:	4654      	mov	r4, sl
        int p = 0;
  40028c:	464f      	mov	r7, r9
        while (n <= half_span - 1 && q <= N)
  40028e:	45d1      	cmp	r9, sl
  400290:	da01      	bge.n	400296 <DIT_FFT+0x6e>
  400292:	4544      	cmp	r4, r8
  400294:	dd0c      	ble.n	4002b0 <DIT_FFT+0x88>
        if (stage == 1 && stop_after_stage1){
  400296:	2e01      	cmp	r6, #1
  400298:	d158      	bne.n	40034c <DIT_FFT+0x124>
  40029a:	9b08      	ldr	r3, [sp, #32]
  40029c:	2b00      	cmp	r3, #0
  40029e:	d055      	beq.n	40034c <DIT_FFT+0x124>
            if (trigger){
  4002a0:	9b02      	ldr	r3, [sp, #8]
  4002a2:	2b00      	cmp	r3, #0
  4002a4:	d0e3      	beq.n	40026e <DIT_FFT+0x46>
              trigger_low();
  4002a6:	4b33      	ldr	r3, [pc, #204]	; (400374 <DIT_FFT+0x14c>)
}
  4002a8:	b00d      	add	sp, #52	; 0x34
  4002aa:	e8bd 4ff0 	ldmia.w	sp!, {r4, r5, r6, r7, r8, r9, sl, fp, lr}
              trigger_low();
  4002ae:	4718      	bx	r3
            if (stage == 2 && trigger){
  4002b0:	2e02      	cmp	r6, #2
  4002b2:	d103      	bne.n	4002bc <DIT_FFT+0x94>
  4002b4:	9b02      	ldr	r3, [sp, #8]
  4002b6:	b10b      	cbz	r3, 4002bc <DIT_FFT+0x94>
              trigger_low();
  4002b8:	4b2e      	ldr	r3, [pc, #184]	; (400374 <DIT_FFT+0x14c>)
  4002ba:	4798      	blx	r3
            float complex w = twiddle_table[n * table_stride];
  4002bc:	9b07      	ldr	r3, [sp, #28]
            z *= w;
  4002be:	482e      	ldr	r0, [pc, #184]	; (400378 <DIT_FFT+0x150>)
  4002c0:	f8df c0b8 	ldr.w	ip, [pc, #184]	; 40037c <DIT_FFT+0x154>
  4002c4:	f855 b037 	ldr.w	fp, [r5, r7, lsl #3]
            float complex w = twiddle_table[n * table_stride];
  4002c8:	fb03 f109 	mul.w	r1, r3, r9
            float complex y = X[p];
  4002cc:	eb05 03c7 	add.w	r3, r5, r7, lsl #3
            z *= w;
  4002d0:	eb00 02c1 	add.w	r2, r0, r1, lsl #3
  4002d4:	685b      	ldr	r3, [r3, #4]
  4002d6:	9306      	str	r3, [sp, #24]
  4002d8:	eb05 03c4 	add.w	r3, r5, r4, lsl #3
  4002dc:	f850 1031 	ldr.w	r1, [r0, r1, lsl #3]
  4002e0:	685b      	ldr	r3, [r3, #4]
  4002e2:	6852      	ldr	r2, [r2, #4]
  4002e4:	9300      	str	r3, [sp, #0]
  4002e6:	a80a      	add	r0, sp, #40	; 0x28
  4002e8:	f855 3034 	ldr.w	r3, [r5, r4, lsl #3]
  4002ec:	47e0      	blx	ip
  4002ee:	9b0a      	ldr	r3, [sp, #40]	; 0x28
  4002f0:	9a0b      	ldr	r2, [sp, #44]	; 0x2c
            X[p] = y+z;
  4002f2:	9309      	str	r3, [sp, #36]	; 0x24
  4002f4:	4618      	mov	r0, r3
            z *= w;
  4002f6:	9205      	str	r2, [sp, #20]
            X[p] = y+z;
  4002f8:	4659      	mov	r1, fp
  4002fa:	4a21      	ldr	r2, [pc, #132]	; (400380 <DIT_FFT+0x158>)
  4002fc:	4790      	blx	r2
  4002fe:	9905      	ldr	r1, [sp, #20]
  400300:	f845 0037 	str.w	r0, [r5, r7, lsl #3]
  400304:	4a1e      	ldr	r2, [pc, #120]	; (400380 <DIT_FFT+0x158>)
  400306:	9806      	ldr	r0, [sp, #24]
  400308:	4790      	blx	r2
  40030a:	eb05 03c7 	add.w	r3, r5, r7, lsl #3
            X[q] = y-z;
  40030e:	4a1d      	ldr	r2, [pc, #116]	; (400384 <DIT_FFT+0x15c>)
            X[p] = y+z;
  400310:	6058      	str	r0, [r3, #4]
            X[q] = y-z;
  400312:	9b09      	ldr	r3, [sp, #36]	; 0x24
  400314:	4658      	mov	r0, fp
  400316:	4619      	mov	r1, r3
  400318:	4790      	blx	r2
  40031a:	4a1a      	ldr	r2, [pc, #104]	; (400384 <DIT_FFT+0x15c>)
  40031c:	f845 0034 	str.w	r0, [r5, r4, lsl #3]
  400320:	9905      	ldr	r1, [sp, #20]
  400322:	9806      	ldr	r0, [sp, #24]
  400324:	4790      	blx	r2
  400326:	eb05 03c4 	add.w	r3, r5, r4, lsl #3
            if(q % span == 0){
  40032a:	9a04      	ldr	r2, [sp, #16]
            X[q] = y-z;
  40032c:	6058      	str	r0, [r3, #4]
            q++;
  40032e:	3401      	adds	r4, #1
            if(q % span == 0){
  400330:	9b04      	ldr	r3, [sp, #16]
  400332:	fb94 f3f3 	sdiv	r3, r4, r3
  400336:	fb02 4313 	mls	r3, r2, r3, r4
            p++;
  40033a:	3701      	adds	r7, #1
            if(q % span == 0){
  40033c:	b11b      	cbz	r3, 400346 <DIT_FFT+0x11e>
            n++;
  40033e:	f109 0301 	add.w	r3, r9, #1
void DIT_FFT(float complex *X, int N, int trigger, int stop_after_stage1){
  400342:	4699      	mov	r9, r3
  400344:	e7a3      	b.n	40028e <DIT_FFT+0x66>
                p = p + half_span;
  400346:	4457      	add	r7, sl
                q = q + half_span;
  400348:	4454      	add	r4, sl
                n=0;
  40034a:	e7fa      	b.n	400342 <DIT_FFT+0x11a>
    for(int stage=1; stage <= s; stage++){
  40034c:	3601      	adds	r6, #1
  40034e:	e78b      	b.n	400268 <DIT_FFT+0x40>
  400350:	fefa39ef 	.word	0xfefa39ef
  400354:	3fe62e42 	.word	0x3fe62e42
  400358:	00401291 	.word	0x00401291
  40035c:	004015b9 	.word	0x004015b9
  400360:	00400b6d 	.word	0x00400b6d
  400364:	00400ad9 	.word	0x00400ad9
  400368:	004018c5 	.word	0x004018c5
  40036c:	004001d9 	.word	0x004001d9
  400370:	00400651 	.word	0x00400651
  400374:	00400631 	.word	0x00400631
  400378:	0040243c 	.word	0x0040243c
  40037c:	00401dd1 	.word	0x00401dd1
  400380:	00401921 	.word	0x00401921
  400384:	0040191d 	.word	0x0040191d

00400388 <Toeplitz_hash_fft_key_only>:

#if KEY_FFT_ONLY

// Trace-gathering build: only the triggered key FFT, nothing else -- see
// the KEY_FFT_ONLY comment above.
void Toeplitz_hash_fft_key_only(int *input_key, int N){
  400388:	e92d 47f0 	stmdb	sp!, {r4, r5, r6, r7, r8, r9, sl, lr}
  40038c:	4e10      	ldr	r6, [pc, #64]	; (4003d0 <Toeplitz_hash_fft_key_only+0x48>)
    // build's equivalent). Only one ROWBITS-sized complex array here,
    // since there's no seed to hold.
    static float complex key_fft[ROWBITS];

    for(int i = 0; i < N; i++){
      key_fft[i] = input_key[i] + 0*I;
  40038e:	f8df 9044 	ldr.w	r9, [pc, #68]	; 4003d4 <Toeplitz_hash_fft_key_only+0x4c>
  400392:	f8df a044 	ldr.w	sl, [pc, #68]	; 4003d8 <Toeplitz_hash_fft_key_only+0x50>
void Toeplitz_hash_fft_key_only(int *input_key, int N){
  400396:	4607      	mov	r7, r0
  400398:	460c      	mov	r4, r1
    for(int i = 0; i < N; i++){
  40039a:	2500      	movs	r5, #0
      key_fft[i] = input_key[i] + 0*I;
  40039c:	f04f 0800 	mov.w	r8, #0
    for(int i = 0; i < N; i++){
  4003a0:	42a5      	cmp	r5, r4
  4003a2:	f106 0608 	add.w	r6, r6, #8
  4003a6:	db08      	blt.n	4003ba <Toeplitz_hash_fft_key_only+0x32>
    }

    DIT_FFT(key_fft, N, 1, 1);   // triggered: key NTT, stop right after stage 1 -- the
  4003a8:	4621      	mov	r1, r4
  4003aa:	4c0c      	ldr	r4, [pc, #48]	; (4003dc <Toeplitz_hash_fft_key_only+0x54>)
  4003ac:	4808      	ldr	r0, [pc, #32]	; (4003d0 <Toeplitz_hash_fft_key_only+0x48>)
  4003ae:	2301      	movs	r3, #1
  4003b0:	46a4      	mov	ip, r4
  4003b2:	461a      	mov	r2, r3
                                  // rest is never captured and nothing reads key_fft
                                  // again in this build, so computing it would be pure
                                  // wasted time before the target's back in read_bytes().
}
  4003b4:	e8bd 47f0 	ldmia.w	sp!, {r4, r5, r6, r7, r8, r9, sl, lr}
    DIT_FFT(key_fft, N, 1, 1);   // triggered: key NTT, stop right after stage 1 -- the
  4003b8:	4760      	bx	ip
      key_fft[i] = input_key[i] + 0*I;
  4003ba:	f857 0025 	ldr.w	r0, [r7, r5, lsl #2]
  4003be:	47c8      	blx	r9
  4003c0:	4641      	mov	r1, r8
  4003c2:	47d0      	blx	sl
    for(int i = 0; i < N; i++){
  4003c4:	3501      	adds	r5, #1
      key_fft[i] = input_key[i] + 0*I;
  4003c6:	f846 0c08 	str.w	r0, [r6, #-8]
  4003ca:	f846 8c04 	str.w	r8, [r6, #-4]
    for(int i = 0; i < N; i++){
  4003ce:	e7e7      	b.n	4003a0 <Toeplitz_hash_fft_key_only+0x18>
  4003d0:	20000298 	.word	0x20000298
  4003d4:	00401a89 	.word	0x00401a89
  4003d8:	00401921 	.word	0x00401921
  4003dc:	00400229 	.word	0x00400229

004003e0 <main>:

//////////////////////////
/// END FFT STUFF ////////

int main(void)
{
  4003e0:	b508      	push	{r3, lr}
    platform_init();
  4003e2:	4b0d      	ldr	r3, [pc, #52]	; (400418 <main+0x38>)
    static uint8_t input_key_bytes[ROWLEN];
    static int input_key_bits[ROWBITS];
#if KEY_FFT_ONLY

    while(1){
      read_bytes(input_key_bytes, ROWLEN);
  4003e4:	4c0d      	ldr	r4, [pc, #52]	; (40041c <main+0x3c>)
      write_bytes(input_key_bytes, ROWLEN);  // echo, so the host can detect a UART desync
      bytes_to_bits(input_key_bytes, input_key_bits, ROWLEN);
  4003e6:	4d0e      	ldr	r5, [pc, #56]	; (400420 <main+0x40>)
    platform_init();
  4003e8:	4798      	blx	r3
    init_uart();
  4003ea:	4b0e      	ldr	r3, [pc, #56]	; (400424 <main+0x44>)
  4003ec:	4798      	blx	r3
    trigger_setup();
  4003ee:	4b0e      	ldr	r3, [pc, #56]	; (400428 <main+0x48>)
  4003f0:	4798      	blx	r3
      read_bytes(input_key_bytes, ROWLEN);
  4003f2:	4620      	mov	r0, r4
  4003f4:	4b0d      	ldr	r3, [pc, #52]	; (40042c <main+0x4c>)
  4003f6:	2110      	movs	r1, #16
  4003f8:	4798      	blx	r3
      write_bytes(input_key_bytes, ROWLEN);  // echo, so the host can detect a UART desync
  4003fa:	4620      	mov	r0, r4
  4003fc:	4b0c      	ldr	r3, [pc, #48]	; (400430 <main+0x50>)
  4003fe:	2110      	movs	r1, #16
  400400:	4798      	blx	r3
      bytes_to_bits(input_key_bytes, input_key_bits, ROWLEN);
  400402:	4629      	mov	r1, r5
  400404:	4620      	mov	r0, r4
  400406:	4b0b      	ldr	r3, [pc, #44]	; (400434 <main+0x54>)
  400408:	2210      	movs	r2, #16
  40040a:	4798      	blx	r3

      Toeplitz_hash_fft_key_only(input_key_bits, ROWBITS);
  40040c:	4b0a      	ldr	r3, [pc, #40]	; (400438 <main+0x58>)
  40040e:	2180      	movs	r1, #128	; 0x80
  400410:	4628      	mov	r0, r5
  400412:	4798      	blx	r3
    while(1){
  400414:	e7ed      	b.n	4003f2 <main+0x12>
  400416:	bf00      	nop
  400418:	004004d5 	.word	0x004004d5
  40041c:	20000288 	.word	0x20000288
  400420:	20000088 	.word	0x20000088
  400424:	0040056d 	.word	0x0040056d
  400428:	00400611 	.word	0x00400611
  40042c:	00400155 	.word	0x00400155
  400430:	00400171 	.word	0x00400171
  400434:	0040018d 	.word	0x0040018d
  400438:	00400389 	.word	0x00400389

0040043c <Dummy_Handler>:
/**
 * \brief Default interrupt handler for unused IRQs.
 */
void Dummy_Handler(void)
{
	while (1) {
  40043c:	e7fe      	b.n	40043c <Dummy_Handler>
  40043e:	0000      	movs	r0, r0

00400440 <Reset_Handler>:
	if (pSrc > pDest) {
  400440:	4919      	ldr	r1, [pc, #100]	; (4004a8 <Reset_Handler+0x68>)
  400442:	481a      	ldr	r0, [pc, #104]	; (4004ac <Reset_Handler+0x6c>)
  400444:	4281      	cmp	r1, r0
{
  400446:	b510      	push	{r4, lr}
	if (pSrc > pDest) {
  400448:	d920      	bls.n	40048c <Reset_Handler+0x4c>
			*pDest++ = *pSrc++;
  40044a:	4b19      	ldr	r3, [pc, #100]	; (4004b0 <Reset_Handler+0x70>)
  40044c:	1cda      	adds	r2, r3, #3
  40044e:	1a12      	subs	r2, r2, r0
  400450:	f022 0203 	bic.w	r2, r2, #3
  400454:	1ec4      	subs	r4, r0, #3
  400456:	42a3      	cmp	r3, r4
  400458:	bf38      	it	cc
  40045a:	2200      	movcc	r2, #0
  40045c:	4b15      	ldr	r3, [pc, #84]	; (4004b4 <Reset_Handler+0x74>)
  40045e:	4798      	blx	r3

    No Operation does nothing. This instruction can be used for code alignment purposes.
 */
__attribute__( ( always_inline ) ) __STATIC_INLINE void __NOP(void)
{
  __ASM volatile ("nop");
  400460:	bf00      	nop
		*pDest++ = 0;
  400462:	4b15      	ldr	r3, [pc, #84]	; (4004b8 <Reset_Handler+0x78>)
  400464:	4815      	ldr	r0, [pc, #84]	; (4004bc <Reset_Handler+0x7c>)
  400466:	1cda      	adds	r2, r3, #3
  400468:	1a12      	subs	r2, r2, r0
  40046a:	1ec1      	subs	r1, r0, #3
  40046c:	f022 0203 	bic.w	r2, r2, #3
  400470:	4299      	cmp	r1, r3
  400472:	bf88      	it	hi
  400474:	2200      	movhi	r2, #0
  400476:	4b12      	ldr	r3, [pc, #72]	; (4004c0 <Reset_Handler+0x80>)
  400478:	2100      	movs	r1, #0
  40047a:	4798      	blx	r3
	SCB->VTOR = ((uint32_t) pSrc);
  40047c:	4b11      	ldr	r3, [pc, #68]	; (4004c4 <Reset_Handler+0x84>)
  40047e:	4a12      	ldr	r2, [pc, #72]	; (4004c8 <Reset_Handler+0x88>)
  400480:	609a      	str	r2, [r3, #8]
	__libc_init_array();
  400482:	4b12      	ldr	r3, [pc, #72]	; (4004cc <Reset_Handler+0x8c>)
  400484:	4798      	blx	r3
	main();
  400486:	4b12      	ldr	r3, [pc, #72]	; (4004d0 <Reset_Handler+0x90>)
  400488:	4798      	blx	r3
	while (1);
  40048a:	e7fe      	b.n	40048a <Reset_Handler+0x4a>
	} else if (pSrc < pDest) {
  40048c:	d2e8      	bcs.n	400460 <Reset_Handler+0x20>
		uint32_t nb_bytes = (uint32_t)&_erelocate - (uint32_t)&_srelocate;
  40048e:	4b08      	ldr	r3, [pc, #32]	; (4004b0 <Reset_Handler+0x70>)
		pSrc = (uint32_t*)((uint32_t)pSrc + nb_bytes) - 1;
  400490:	1f0a      	subs	r2, r1, #4
		uint32_t nb_bytes = (uint32_t)&_erelocate - (uint32_t)&_srelocate;
  400492:	1a18      	subs	r0, r3, r0
		pSrc = (uint32_t*)((uint32_t)pSrc + nb_bytes) - 1;
  400494:	4410      	add	r0, r2
		for (;nb_bytes;nb_bytes -= 4) {
  400496:	f1c1 0104 	rsb	r1, r1, #4
  40049a:	42c8      	cmn	r0, r1
  40049c:	d0e0      	beq.n	400460 <Reset_Handler+0x20>
			*pDest-- = *pSrc--;
  40049e:	f850 2904 	ldr.w	r2, [r0], #-4
  4004a2:	f843 2d04 	str.w	r2, [r3, #-4]!
		for (;nb_bytes;nb_bytes -= 4) {
  4004a6:	e7f8      	b.n	40049a <Reset_Handler+0x5a>
  4004a8:	00402660 	.word	0x00402660
  4004ac:	20000000 	.word	0x20000000
  4004b0:	2000006c 	.word	0x2000006c
  4004b4:	00402265 	.word	0x00402265
  4004b8:	20000698 	.word	0x20000698
  4004bc:	2000006c 	.word	0x2000006c
  4004c0:	00402399 	.word	0x00402399
  4004c4:	e000ed00 	.word	0xe000ed00
  4004c8:	00400000 	.word	0x00400000
  4004cc:	0040221d 	.word	0x0040221d
  4004d0:	004003e1 	.word	0x004003e1

004004d4 <platform_init>:
#include "sysclk.h"
#include "gpio.h"

void platform_init(void)
{
	WDT->WDT_MR = WDT_MR_WDDIS;
  4004d4:	4b18      	ldr	r3, [pc, #96]	; (400538 <platform_init+0x64>)
  4004d6:	f44f 4200 	mov.w	r2, #32768	; 0x8000
{
  4004da:	b570      	push	{r4, r5, r6, lr}
 *
 * \param ul_id Id (number) of the peripheral clock.
 */
static inline void sysclk_enable_peripheral_clock(uint32_t ul_id)
{
	pmc_enable_periph_clk(ul_id);
  4004dc:	2000      	movs	r0, #0
	WDT->WDT_MR = WDT_MR_WDDIS;
  4004de:	655a      	str	r2, [r3, #84]	; 0x54
  4004e0:	4d16      	ldr	r5, [pc, #88]	; (40053c <platform_init+0x68>)
    sysclk_enable_peripheral_clock(ID_SUPC);
    sysclk_enable_peripheral_clock(ID_RSTC);
    sysclk_enable_peripheral_clock(ID_PMC);
    pmc_set_writeprotect(0);
    system_init_flash(CHIP_FREQ_CPU_MAX);
  4004e2:	4c17      	ldr	r4, [pc, #92]	; (400540 <platform_init+0x6c>)
	case OSC_MAINCK_4M_RC:
	case OSC_MAINCK_8M_RC:
	case OSC_MAINCK_12M_RC:
	case OSC_MAINCK_XTAL:
	case OSC_MAINCK_BYPASS:
		return pmc_osc_is_ready_mainck();
  4004e4:	4e17      	ldr	r6, [pc, #92]	; (400544 <platform_init+0x70>)
  4004e6:	47a8      	blx	r5
  4004e8:	2001      	movs	r0, #1
  4004ea:	47a8      	blx	r5
  4004ec:	2005      	movs	r0, #5
  4004ee:	47a8      	blx	r5
    pmc_set_writeprotect(0);
  4004f0:	4b15      	ldr	r3, [pc, #84]	; (400548 <platform_init+0x74>)
  4004f2:	2000      	movs	r0, #0
  4004f4:	4798      	blx	r3
    system_init_flash(CHIP_FREQ_CPU_MAX);
  4004f6:	4815      	ldr	r0, [pc, #84]	; (40054c <platform_init+0x78>)
  4004f8:	47a0      	blx	r4
    pmc_switch_mck_to_sclk(SYSCLK_PRES_1);
  4004fa:	4b15      	ldr	r3, [pc, #84]	; (400550 <platform_init+0x7c>)
  4004fc:	2000      	movs	r0, #0
  4004fe:	4798      	blx	r3
		pmc_switch_mainck_to_xtal(PMC_OSC_BYPASS,
  400500:	4b14      	ldr	r3, [pc, #80]	; (400554 <platform_init+0x80>)
  400502:	213e      	movs	r1, #62	; 0x3e
  400504:	2001      	movs	r0, #1
  400506:	4798      	blx	r3
		return pmc_osc_is_ready_mainck();
  400508:	47b0      	blx	r6
 *
 * \param id A number identifying the oscillator to wait for.
 */
static inline void osc_wait_ready(uint8_t id)
{
	while (!osc_is_ready(id)) {
  40050a:	2800      	cmp	r0, #0
  40050c:	d0fc      	beq.n	400508 <platform_init+0x34>
    osc_enable(OSC_MAINCK_BYPASS);
    osc_wait_ready(OSC_MAINCK_BYPASS);
    pmc_switch_mck_to_mainck(SYSCLK_PRES_1);
  40050e:	4b12      	ldr	r3, [pc, #72]	; (400558 <platform_init+0x84>)
  400510:	2000      	movs	r0, #0
  400512:	4798      	blx	r3
    SystemCoreClockUpdate();
  400514:	4b11      	ldr	r3, [pc, #68]	; (40055c <platform_init+0x88>)
  400516:	4798      	blx	r3
    system_init_flash(7.37E6);
  400518:	4811      	ldr	r0, [pc, #68]	; (400560 <platform_init+0x8c>)
  40051a:	47a0      	blx	r4
    EFC0->EEFC_FMR &= ~(0b100 << 24); // disable code loop optimizations (causes trace desyncs)
  40051c:	4a11      	ldr	r2, [pc, #68]	; (400564 <platform_init+0x90>)
  40051e:	6813      	ldr	r3, [r2, #0]
  400520:	f023 6380 	bic.w	r3, r3, #67108864	; 0x4000000
  400524:	6013      	str	r3, [r2, #0]
  400526:	200b      	movs	r0, #11
  400528:	47a8      	blx	r5
    //     gpio_configure_pin(PIO_PA16_IDX, PIO_OUTPUT_1 | PIO_DEFAULT);
    //     for (volatile uint32_t i = 0; i < 100000; i++) {
    //     }
    // }
    // gpio_configure_pin(PIO_PA10_IDX, PIO_PERIPH_A | PIO_DEFAULT);
}
  40052a:	e8bd 4070 	ldmia.w	sp!, {r4, r5, r6, lr}
    gpio_configure_pin(PIO_PA15_IDX, PIO_OUTPUT_1 | PIO_DEFAULT);
  40052e:	4b0e      	ldr	r3, [pc, #56]	; (400568 <platform_init+0x94>)
  400530:	f04f 5160 	mov.w	r1, #939524096	; 0x38000000
  400534:	200f      	movs	r0, #15
  400536:	4718      	bx	r3
  400538:	400e1400 	.word	0x400e1400
  40053c:	00400a7d 	.word	0x00400a7d
  400540:	00400939 	.word	0x00400939
  400544:	00400a6d 	.word	0x00400a6d
  400548:	00400abd 	.word	0x00400abd
  40054c:	07270e00 	.word	0x07270e00
  400550:	0040099d 	.word	0x0040099d
  400554:	00400a21 	.word	0x00400a21
  400558:	004009dd 	.word	0x004009dd
  40055c:	0040086d 	.word	0x0040086d
  400560:	00707510 	.word	0x00707510
  400564:	400e0a00 	.word	0x400e0a00
  400568:	004007c1 	.word	0x004007c1

0040056c <init_uart>:

void init_uart(void)
{
  40056c:	b51f      	push	{r0, r1, r2, r3, r4, lr}
    #if SS_VER == SS_VER_2_1
        uopts.ul_baudrate = 230400;
    #else
        uopts.ul_baudrate = 38400;
    #endif
    uopts.ul_mck = 7.45E6; //overestimate clock a little to avoid large baud error from calc rounding down, 38400/7.37E6 results in baud of 41k, not 38400
  40056e:	4b10      	ldr	r3, [pc, #64]	; (4005b0 <init_uart+0x44>)
    uopts.ul_mode = (0x00 << 14) | (0x04 << 9);

    sysclk_enable_peripheral_clock(ID_UART0);


    uart_init(UART0, &uopts);
  400570:	4c10      	ldr	r4, [pc, #64]	; (4005b4 <init_uart+0x48>)
    uopts.ul_mck = 7.45E6; //overestimate clock a little to avoid large baud error from calc rounding down, 38400/7.37E6 results in baud of 41k, not 38400
  400572:	f44f 4216 	mov.w	r2, #38400	; 0x9600
  400576:	e9cd 3201 	strd	r3, r2, [sp, #4]
    uopts.ul_mode = (0x00 << 14) | (0x04 << 9);
  40057a:	f44f 6300 	mov.w	r3, #2048	; 0x800
  40057e:	9303      	str	r3, [sp, #12]
  400580:	2008      	movs	r0, #8
  400582:	4b0d      	ldr	r3, [pc, #52]	; (4005b8 <init_uart+0x4c>)
  400584:	4798      	blx	r3
    uart_init(UART0, &uopts);
  400586:	a901      	add	r1, sp, #4
  400588:	4b0c      	ldr	r3, [pc, #48]	; (4005bc <init_uart+0x50>)
  40058a:	4620      	mov	r0, r4
  40058c:	4798      	blx	r3
    uart_enable_rx(UART0);
  40058e:	4620      	mov	r0, r4
  400590:	4b0b      	ldr	r3, [pc, #44]	; (4005c0 <init_uart+0x54>)
  400592:	4798      	blx	r3
    uart_enable_tx(UART0);
  400594:	4b0b      	ldr	r3, [pc, #44]	; (4005c4 <init_uart+0x58>)
  400596:	4620      	mov	r0, r4
  400598:	4798      	blx	r3
    gpio_configure_pin(PIO_PA9_IDX, PIO_PERIPH_A | PIO_DEFAULT | PIO_PULLUP);
  40059a:	4c0b      	ldr	r4, [pc, #44]	; (4005c8 <init_uart+0x5c>)
  40059c:	490b      	ldr	r1, [pc, #44]	; (4005cc <init_uart+0x60>)
  40059e:	2009      	movs	r0, #9
  4005a0:	47a0      	blx	r4
    gpio_configure_pin(PIO_PA10_IDX, PIO_PERIPH_A | PIO_DEFAULT);
  4005a2:	f04f 6100 	mov.w	r1, #134217728	; 0x8000000
  4005a6:	200a      	movs	r0, #10
  4005a8:	47a0      	blx	r4
}
  4005aa:	b004      	add	sp, #16
  4005ac:	bd10      	pop	{r4, pc}
  4005ae:	bf00      	nop
  4005b0:	0071ad90 	.word	0x0071ad90
  4005b4:	400e0600 	.word	0x400e0600
  4005b8:	00400a7d 	.word	0x00400a7d
  4005bc:	00400671 	.word	0x00400671
  4005c0:	004006ab 	.word	0x004006ab
  4005c4:	004006a5 	.word	0x004006a5
  4005c8:	004007c1 	.word	0x004007c1
  4005cc:	08000001 	.word	0x08000001

004005d0 <putch>:

void putch(char c)
{
  4005d0:	b570      	push	{r4, r5, r6, lr}
    // while (!uart_is_tx_buf_end(UART0));
    while(uart_write(UART0, c));
  4005d2:	4e04      	ldr	r6, [pc, #16]	; (4005e4 <putch+0x14>)
  4005d4:	4d04      	ldr	r5, [pc, #16]	; (4005e8 <putch+0x18>)
{
  4005d6:	4604      	mov	r4, r0
    while(uart_write(UART0, c));
  4005d8:	4621      	mov	r1, r4
  4005da:	4630      	mov	r0, r6
  4005dc:	47a8      	blx	r5
  4005de:	2800      	cmp	r0, #0
  4005e0:	d1fa      	bne.n	4005d8 <putch+0x8>
}
  4005e2:	bd70      	pop	{r4, r5, r6, pc}
  4005e4:	400e0600 	.word	0x400e0600
  4005e8:	004006b1 	.word	0x004006b1

004005ec <getch>:

char getch(void)
{
  4005ec:	b537      	push	{r0, r1, r2, r4, r5, lr}
    uint8_t c;
    while(uart_read(UART0, &c));
  4005ee:	4d06      	ldr	r5, [pc, #24]	; (400608 <getch+0x1c>)
  4005f0:	4c06      	ldr	r4, [pc, #24]	; (40060c <getch+0x20>)
  4005f2:	f10d 0107 	add.w	r1, sp, #7
  4005f6:	4628      	mov	r0, r5
  4005f8:	47a0      	blx	r4
  4005fa:	2800      	cmp	r0, #0
  4005fc:	d1f9      	bne.n	4005f2 <getch+0x6>
    return c;
}
  4005fe:	f89d 0007 	ldrb.w	r0, [sp, #7]
  400602:	b003      	add	sp, #12
  400604:	bd30      	pop	{r4, r5, pc}
  400606:	bf00      	nop
  400608:	400e0600 	.word	0x400e0600
  40060c:	004006bf 	.word	0x004006bf

00400610 <trigger_setup>:

void trigger_setup(void)
{
  400610:	b510      	push	{r4, lr}
  400612:	4b05      	ldr	r3, [pc, #20]	; (400628 <trigger_setup+0x18>)
  400614:	200b      	movs	r0, #11
  400616:	4798      	blx	r3
    sysclk_enable_peripheral_clock(ID_PIOA);
    gpio_configure_pin(PIO_PA7_IDX, PIO_OUTPUT_0 | PIO_DEFAULT);
}
  400618:	e8bd 4010 	ldmia.w	sp!, {r4, lr}
    gpio_configure_pin(PIO_PA7_IDX, PIO_OUTPUT_0 | PIO_DEFAULT);
  40061c:	4b03      	ldr	r3, [pc, #12]	; (40062c <trigger_setup+0x1c>)
  40061e:	f04f 5140 	mov.w	r1, #805306368	; 0x30000000
  400622:	2007      	movs	r0, #7
  400624:	4718      	bx	r3
  400626:	bf00      	nop
  400628:	00400a7d 	.word	0x00400a7d
  40062c:	004007c1 	.word	0x004007c1

00400630 <trigger_low>:

void trigger_low(void)
{
  400630:	b510      	push	{r4, lr}
    gpio_set_pin_low(PIO_PA7_IDX);
  400632:	4b05      	ldr	r3, [pc, #20]	; (400648 <trigger_low+0x18>)
  400634:	2007      	movs	r0, #7
  400636:	4798      	blx	r3
    gpio_configure_pin(PIO_PA7_IDX, PIO_OUTPUT_0 | PIO_DEFAULT);
}
  400638:	e8bd 4010 	ldmia.w	sp!, {r4, lr}
    gpio_configure_pin(PIO_PA7_IDX, PIO_OUTPUT_0 | PIO_DEFAULT);
  40063c:	4b03      	ldr	r3, [pc, #12]	; (40064c <trigger_low+0x1c>)
  40063e:	f04f 5140 	mov.w	r1, #805306368	; 0x30000000
  400642:	2007      	movs	r0, #7
  400644:	4718      	bx	r3
  400646:	bf00      	nop
  400648:	004007a7 	.word	0x004007a7
  40064c:	004007c1 	.word	0x004007c1

00400650 <trigger_high>:

void trigger_high(void)
{
  400650:	b510      	push	{r4, lr}
    gpio_set_pin_high(PIO_PA7_IDX);
  400652:	4b05      	ldr	r3, [pc, #20]	; (400668 <trigger_high+0x18>)
  400654:	2007      	movs	r0, #7
  400656:	4798      	blx	r3
    gpio_configure_pin(PIO_PA7_IDX, PIO_OUTPUT_1 | PIO_DEFAULT);
  400658:	e8bd 4010 	ldmia.w	sp!, {r4, lr}
    gpio_configure_pin(PIO_PA7_IDX, PIO_OUTPUT_1 | PIO_DEFAULT);
  40065c:	4b03      	ldr	r3, [pc, #12]	; (40066c <trigger_high+0x1c>)
  40065e:	f04f 5160 	mov.w	r1, #939524096	; 0x38000000
  400662:	2007      	movs	r0, #7
  400664:	4718      	bx	r3
  400666:	bf00      	nop
  400668:	0040078d 	.word	0x0040078d
  40066c:	004007c1 	.word	0x004007c1

00400670 <uart_init>:
uint32_t uart_init(Uart *p_uart, const sam_uart_opt_t *p_uart_opt)
{
	uint32_t cd = 0;

	/* Reset and disable receiver & transmitter */
	p_uart->UART_CR = UART_CR_RSTRX | UART_CR_RSTTX
  400670:	23ac      	movs	r3, #172	; 0xac
{
  400672:	b510      	push	{r4, lr}
	p_uart->UART_CR = UART_CR_RSTRX | UART_CR_RSTTX
  400674:	6003      	str	r3, [r0, #0]
			| UART_CR_RXDIS | UART_CR_TXDIS;

	/* Check and configure baudrate */
	/* Asynchronous, no oversampling */
	cd = (p_uart_opt->ul_mck / p_uart_opt->ul_baudrate) / UART_MCK_DIV;
  400676:	e9d1 3200 	ldrd	r3, r2, [r1]
  40067a:	fbb3 f3f2 	udiv	r3, r3, r2
  40067e:	091b      	lsrs	r3, r3, #4
	if (cd < UART_MCK_DIV_MIN_FACTOR || cd > UART_MCK_DIV_MAX_FACTOR)
  400680:	1e5c      	subs	r4, r3, #1
  400682:	f64f 72fe 	movw	r2, #65534	; 0xfffe
  400686:	4294      	cmp	r4, r2
  400688:	d80a      	bhi.n	4006a0 <uart_init+0x30>
		return 1;

	p_uart->UART_BRGR = cd;
  40068a:	6203      	str	r3, [r0, #32]
	/* Configure mode */
	p_uart->UART_MR = p_uart_opt->ul_mode;
  40068c:	688b      	ldr	r3, [r1, #8]
  40068e:	6043      	str	r3, [r0, #4]

#if (!SAMV71 && !SAMV70 && !SAME70 && !SAMS70)
	/* Disable PDC channel */
	p_uart->UART_PTCR = UART_PTCR_RXTDIS | UART_PTCR_TXTDIS;
  400690:	f240 2302 	movw	r3, #514	; 0x202
  400694:	f8c0 3120 	str.w	r3, [r0, #288]	; 0x120
#endif

	/* Enable receiver and transmitter */
	p_uart->UART_CR = UART_CR_RXEN | UART_CR_TXEN;
  400698:	2350      	movs	r3, #80	; 0x50
  40069a:	6003      	str	r3, [r0, #0]

	return 0;
  40069c:	2000      	movs	r0, #0
}
  40069e:	bd10      	pop	{r4, pc}
		return 1;
  4006a0:	2001      	movs	r0, #1
  4006a2:	e7fc      	b.n	40069e <uart_init+0x2e>

004006a4 <uart_enable_tx>:
 * \param p_uart Pointer to a UART instance.
 */
void uart_enable_tx(Uart *p_uart)
{
	/* Enable transmitter */
	p_uart->UART_CR = UART_CR_TXEN;
  4006a4:	2340      	movs	r3, #64	; 0x40
  4006a6:	6003      	str	r3, [r0, #0]
}
  4006a8:	4770      	bx	lr

004006aa <uart_enable_rx>:
 * \param p_uart Pointer to a UART instance.
 */
void uart_enable_rx(Uart *p_uart)
{
	/* Enable receiver */
	p_uart->UART_CR = UART_CR_RXEN;
  4006aa:	2310      	movs	r3, #16
  4006ac:	6003      	str	r3, [r0, #0]
}
  4006ae:	4770      	bx	lr

004006b0 <uart_write>:
 * \retval 1 I/O Failure, UART is not ready.
 */
uint32_t uart_write(Uart *p_uart, const uint8_t uc_data)
{
	/* Check if the transmitter is ready */
	if (!(p_uart->UART_SR & UART_SR_TXRDY))
  4006b0:	6943      	ldr	r3, [r0, #20]
  4006b2:	079b      	lsls	r3, r3, #30
		return 1;

	/* Send character */
	p_uart->UART_THR = uc_data;
  4006b4:	bf46      	itte	mi
  4006b6:	61c1      	strmi	r1, [r0, #28]
	return 0;
  4006b8:	2000      	movmi	r0, #0
		return 1;
  4006ba:	2001      	movpl	r0, #1
}
  4006bc:	4770      	bx	lr

004006be <uart_read>:
 * \retval 1 I/O Failure, UART is not ready.
 */
uint32_t uart_read(Uart *p_uart, uint8_t *puc_data)
{
	/* Check if the receiver is ready */
	if ((p_uart->UART_SR & UART_SR_RXRDY) == 0)
  4006be:	6943      	ldr	r3, [r0, #20]
  4006c0:	07db      	lsls	r3, r3, #31
		return 1;

	/* Read character */
	*puc_data = (uint8_t) p_uart->UART_RHR;
  4006c2:	bf43      	ittte	mi
  4006c4:	6983      	ldrmi	r3, [r0, #24]
  4006c6:	700b      	strbmi	r3, [r1, #0]
	return 0;
  4006c8:	2000      	movmi	r0, #0
		return 1;
  4006ca:	2001      	movpl	r0, #1
}
  4006cc:	4770      	bx	lr

004006ce <pio_set_peripheral>:

	/* Disable interrupts on the pin(s) */
	p_pio->PIO_IDR = ul_mask;

#if (SAM3S || SAM3N || SAM4S || SAM4E || SAM4N || SAM4C || SAMG || SAM4CP || SAM4CM || SAMV71 || SAMV70 || SAME70 || SAMS70)
	switch (ul_type) {
  4006ce:	f1b1 5fc0 	cmp.w	r1, #402653184	; 0x18000000
	p_pio->PIO_IDR = ul_mask;
  4006d2:	6442      	str	r2, [r0, #68]	; 0x44
	switch (ul_type) {
  4006d4:	d026      	beq.n	400724 <pio_set_peripheral+0x56>
  4006d6:	d807      	bhi.n	4006e8 <pio_set_peripheral+0x1a>
  4006d8:	f1b1 6f00 	cmp.w	r1, #134217728	; 0x8000000
  4006dc:	d012      	beq.n	400704 <pio_set_peripheral+0x36>
  4006de:	f1b1 5f80 	cmp.w	r1, #268435456	; 0x10000000
  4006e2:	d01c      	beq.n	40071e <pio_set_peripheral+0x50>
  4006e4:	b961      	cbnz	r1, 400700 <pio_set_peripheral+0x32>
  4006e6:	4770      	bx	lr
  4006e8:	f1b1 5f00 	cmp.w	r1, #536870912	; 0x20000000
  4006ec:	d023      	beq.n	400736 <pio_set_peripheral+0x68>
  4006ee:	d307      	bcc.n	400700 <pio_set_peripheral+0x32>
  4006f0:	f1b1 5f40 	cmp.w	r1, #805306368	; 0x30000000
  4006f4:	d005      	beq.n	400702 <pio_set_peripheral+0x34>
  4006f6:	f021 5180 	bic.w	r1, r1, #268435456	; 0x10000000
  4006fa:	f1b1 5f20 	cmp.w	r1, #671088640	; 0x28000000
  4006fe:	d000      	beq.n	400702 <pio_set_peripheral+0x34>
#else
#error "Unsupported device"
#endif

	/* Remove the pins from under the control of PIO */
	p_pio->PIO_PDR = ul_mask;
  400700:	6042      	str	r2, [r0, #4]
}
  400702:	4770      	bx	lr
		ul_sr = p_pio->PIO_ABCDSR[0];
  400704:	6f01      	ldr	r1, [r0, #112]	; 0x70
		p_pio->PIO_ABCDSR[0] &= (~ul_mask & ul_sr);
  400706:	6f03      	ldr	r3, [r0, #112]	; 0x70
  400708:	400b      	ands	r3, r1
  40070a:	ea23 0302 	bic.w	r3, r3, r2
		p_pio->PIO_ABCDSR[0] = (ul_mask | ul_sr);
  40070e:	6703      	str	r3, [r0, #112]	; 0x70
		ul_sr = p_pio->PIO_ABCDSR[1];
  400710:	6f41      	ldr	r1, [r0, #116]	; 0x74
		p_pio->PIO_ABCDSR[1] &= (~ul_mask & ul_sr);
  400712:	6f43      	ldr	r3, [r0, #116]	; 0x74
  400714:	400b      	ands	r3, r1
  400716:	ea23 0302 	bic.w	r3, r3, r2
		p_pio->PIO_ABCDSR[1] = (ul_mask | ul_sr);
  40071a:	6743      	str	r3, [r0, #116]	; 0x74
		break;
  40071c:	e7f0      	b.n	400700 <pio_set_peripheral+0x32>
		ul_sr = p_pio->PIO_ABCDSR[0];
  40071e:	6f03      	ldr	r3, [r0, #112]	; 0x70
		p_pio->PIO_ABCDSR[0] = (ul_mask | ul_sr);
  400720:	4313      	orrs	r3, r2
  400722:	e7f4      	b.n	40070e <pio_set_peripheral+0x40>
		ul_sr = p_pio->PIO_ABCDSR[0];
  400724:	6f01      	ldr	r1, [r0, #112]	; 0x70
		p_pio->PIO_ABCDSR[0] &= (~ul_mask & ul_sr);
  400726:	6f03      	ldr	r3, [r0, #112]	; 0x70
  400728:	400b      	ands	r3, r1
  40072a:	ea23 0302 	bic.w	r3, r3, r2
		p_pio->PIO_ABCDSR[0] = (ul_mask | ul_sr);
  40072e:	6703      	str	r3, [r0, #112]	; 0x70
		ul_sr = p_pio->PIO_ABCDSR[1];
  400730:	6f43      	ldr	r3, [r0, #116]	; 0x74
		p_pio->PIO_ABCDSR[1] = (ul_mask | ul_sr);
  400732:	4313      	orrs	r3, r2
  400734:	e7f1      	b.n	40071a <pio_set_peripheral+0x4c>
		ul_sr = p_pio->PIO_ABCDSR[0];
  400736:	6f03      	ldr	r3, [r0, #112]	; 0x70
		p_pio->PIO_ABCDSR[0] = (ul_mask | ul_sr);
  400738:	4313      	orrs	r3, r2
  40073a:	e7f8      	b.n	40072e <pio_set_peripheral+0x60>

0040073c <pio_set_input>:
	if (ul_pull_up_enable) {
  40073c:	07d3      	lsls	r3, r2, #31
 * \param p_pio Pointer to a PIO instance.
 * \param ul_mask Interrupt sources bit map.
 */
void pio_disable_interrupt(Pio *p_pio, const uint32_t ul_mask)
{
	p_pio->PIO_IDR = ul_mask;
  40073e:	6441      	str	r1, [r0, #68]	; 0x44
		p_pio->PIO_PUER = ul_mask;
  400740:	bf4c      	ite	mi
  400742:	6641      	strmi	r1, [r0, #100]	; 0x64
		p_pio->PIO_PUDR = ul_mask;
  400744:	6601      	strpl	r1, [r0, #96]	; 0x60
	if (ul_attribute & (PIO_DEGLITCH | PIO_DEBOUNCE)) {
  400746:	f012 0f0a 	tst.w	r2, #10
		p_pio->PIO_IFER = ul_mask;
  40074a:	bf14      	ite	ne
  40074c:	6201      	strne	r1, [r0, #32]
		p_pio->PIO_IFDR = ul_mask;
  40074e:	6241      	streq	r1, [r0, #36]	; 0x24
	if (ul_attribute & PIO_DEGLITCH) {
  400750:	0793      	lsls	r3, r2, #30
  400752:	d504      	bpl.n	40075e <pio_set_input+0x22>
		p_pio->PIO_IFSCDR = ul_mask;
  400754:	f8c0 1080 	str.w	r1, [r0, #128]	; 0x80
	p_pio->PIO_ODR = ul_mask;
  400758:	6141      	str	r1, [r0, #20]
	p_pio->PIO_PER = ul_mask;
  40075a:	6001      	str	r1, [r0, #0]
}
  40075c:	4770      	bx	lr
		if (ul_attribute & PIO_DEBOUNCE) {
  40075e:	0713      	lsls	r3, r2, #28
			p_pio->PIO_IFSCER = ul_mask;
  400760:	bf48      	it	mi
  400762:	f8c0 1084 	strmi.w	r1, [r0, #132]	; 0x84
  400766:	e7f7      	b.n	400758 <pio_set_input+0x1c>

00400768 <pio_set_output>:
{
  400768:	b510      	push	{r4, lr}
  40076a:	9c02      	ldr	r4, [sp, #8]
	p_pio->PIO_IDR = ul_mask;
  40076c:	6441      	str	r1, [r0, #68]	; 0x44
	if (ul_pull_up_enable) {
  40076e:	b13c      	cbz	r4, 400780 <pio_set_output+0x18>
		p_pio->PIO_PUER = ul_mask;
  400770:	6641      	str	r1, [r0, #100]	; 0x64
	if (ul_multidrive_enable) {
  400772:	b13b      	cbz	r3, 400784 <pio_set_output+0x1c>
		p_pio->PIO_MDER = ul_mask;
  400774:	6501      	str	r1, [r0, #80]	; 0x50
	if (ul_default_level) {
  400776:	b13a      	cbz	r2, 400788 <pio_set_output+0x20>
		p_pio->PIO_SODR = ul_mask;
  400778:	6301      	str	r1, [r0, #48]	; 0x30
	p_pio->PIO_OER = ul_mask;
  40077a:	6101      	str	r1, [r0, #16]
	p_pio->PIO_PER = ul_mask;
  40077c:	6001      	str	r1, [r0, #0]
}
  40077e:	bd10      	pop	{r4, pc}
		p_pio->PIO_PUDR = ul_mask;
  400780:	6601      	str	r1, [r0, #96]	; 0x60
  400782:	e7f6      	b.n	400772 <pio_set_output+0xa>
		p_pio->PIO_MDDR = ul_mask;
  400784:	6541      	str	r1, [r0, #84]	; 0x54
  400786:	e7f6      	b.n	400776 <pio_set_output+0xe>
		p_pio->PIO_CODR = ul_mask;
  400788:	6341      	str	r1, [r0, #52]	; 0x34
  40078a:	e7f6      	b.n	40077a <pio_set_output+0x12>

0040078c <pio_set_pin_high>:
		p_pio = PIOC;
	} else {
		p_pio = (Pio *)((uint32_t)PIOA + (PIO_DELTA * (ul_pin >> 5)));
	}
#else
	p_pio = (Pio *)((uint32_t)PIOA + (PIO_DELTA * (ul_pin >> 5)));
  40078c:	0943      	lsrs	r3, r0, #5
  40078e:	f503 1300 	add.w	r3, r3, #2097152	; 0x200000
  400792:	f203 7307 	addw	r3, r3, #1799	; 0x707
  400796:	025b      	lsls	r3, r3, #9
	p_pio->PIO_SODR = 1 << (ul_pin & 0x1F);
  400798:	f000 001f 	and.w	r0, r0, #31
  40079c:	2201      	movs	r2, #1
  40079e:	fa02 f000 	lsl.w	r0, r2, r0
  4007a2:	6318      	str	r0, [r3, #48]	; 0x30
}
  4007a4:	4770      	bx	lr

004007a6 <pio_set_pin_low>:
	p_pio = (Pio *)((uint32_t)PIOA + (PIO_DELTA * (ul_pin >> 5)));
  4007a6:	0943      	lsrs	r3, r0, #5
  4007a8:	f503 1300 	add.w	r3, r3, #2097152	; 0x200000
  4007ac:	f203 7307 	addw	r3, r3, #1799	; 0x707
  4007b0:	025b      	lsls	r3, r3, #9
	p_pio->PIO_CODR = 1 << (ul_pin & 0x1F);
  4007b2:	f000 001f 	and.w	r0, r0, #31
  4007b6:	2201      	movs	r2, #1
  4007b8:	fa02 f000 	lsl.w	r0, r2, r0
  4007bc:	6358      	str	r0, [r3, #52]	; 0x34
}
  4007be:	4770      	bx	lr

004007c0 <pio_configure_pin>:
{
  4007c0:	b573      	push	{r0, r1, r4, r5, r6, lr}
  4007c2:	4604      	mov	r4, r0
	p_pio = (Pio *)((uint32_t)PIOA + (PIO_DELTA * (ul_pin >> 5)));
  4007c4:	0940      	lsrs	r0, r0, #5
{
  4007c6:	460d      	mov	r5, r1
	p_pio = (Pio *)((uint32_t)PIOA + (PIO_DELTA * (ul_pin >> 5)));
  4007c8:	f500 1000 	add.w	r0, r0, #2097152	; 0x200000
	switch (ul_flags & PIO_TYPE_Msk) {
  4007cc:	f001 41f0 	and.w	r1, r1, #2013265920	; 0x78000000
	p_pio = (Pio *)((uint32_t)PIOA + (PIO_DELTA * (ul_pin >> 5)));
  4007d0:	f200 7007 	addw	r0, r0, #1799	; 0x707
	switch (ul_flags & PIO_TYPE_Msk) {
  4007d4:	f1b1 5f00 	cmp.w	r1, #536870912	; 0x20000000
	p_pio = (Pio *)((uint32_t)PIOA + (PIO_DELTA * (ul_pin >> 5)));
  4007d8:	ea4f 2040 	mov.w	r0, r0, lsl #9
	switch (ul_flags & PIO_TYPE_Msk) {
  4007dc:	d01e      	beq.n	40081c <pio_configure_pin+0x5c>
  4007de:	d80c      	bhi.n	4007fa <pio_configure_pin+0x3a>
  4007e0:	f1b1 5f80 	cmp.w	r1, #268435456	; 0x10000000
  4007e4:	d01a      	beq.n	40081c <pio_configure_pin+0x5c>
  4007e6:	f1b1 5fc0 	cmp.w	r1, #402653184	; 0x18000000
  4007ea:	d017      	beq.n	40081c <pio_configure_pin+0x5c>
  4007ec:	f1b1 6f00 	cmp.w	r1, #134217728	; 0x8000000
  4007f0:	d014      	beq.n	40081c <pio_configure_pin+0x5c>
  4007f2:	2600      	movs	r6, #0
}
  4007f4:	4630      	mov	r0, r6
  4007f6:	b002      	add	sp, #8
  4007f8:	bd70      	pop	{r4, r5, r6, pc}
	switch (ul_flags & PIO_TYPE_Msk) {
  4007fa:	f005 43e0 	and.w	r3, r5, #1879048192	; 0x70000000
  4007fe:	f1b3 5f40 	cmp.w	r3, #805306368	; 0x30000000
  400802:	d019      	beq.n	400838 <pio_configure_pin+0x78>
  400804:	f1b1 5f20 	cmp.w	r1, #671088640	; 0x28000000
  400808:	d1f3      	bne.n	4007f2 <pio_configure_pin+0x32>
		pio_set_input(p_pio, (1 << (ul_pin & 0x1F)), ul_flags);
  40080a:	f004 041f 	and.w	r4, r4, #31
  40080e:	2601      	movs	r6, #1
  400810:	4b13      	ldr	r3, [pc, #76]	; (400860 <pio_configure_pin+0xa0>)
  400812:	462a      	mov	r2, r5
  400814:	fa06 f104 	lsl.w	r1, r6, r4
  400818:	4798      	blx	r3
		break;
  40081a:	e7eb      	b.n	4007f4 <pio_configure_pin+0x34>
		pio_set_peripheral(p_pio, PIO_PERIPH_D, (1 << (ul_pin & 0x1F)));
  40081c:	f004 021f 	and.w	r2, r4, #31
  400820:	2401      	movs	r4, #1
  400822:	fa04 f202 	lsl.w	r2, r4, r2
  400826:	4b0f      	ldr	r3, [pc, #60]	; (400864 <pio_configure_pin+0xa4>)
  400828:	4798      	blx	r3
	if (ul_pull_up_enable) {
  40082a:	ea15 0604 	ands.w	r6, r5, r4
		p_pio->PIO_PUER = ul_mask;
  40082e:	bf12      	itee	ne
  400830:	6642      	strne	r2, [r0, #100]	; 0x64
		p_pio->PIO_PUDR = ul_mask;
  400832:	6602      	streq	r2, [r0, #96]	; 0x60
	return 1;
  400834:	4626      	moveq	r6, r4
  400836:	e7dd      	b.n	4007f4 <pio_configure_pin+0x34>
				((ul_flags & PIO_TYPE_PIO_OUTPUT_1)
  400838:	f005 5260 	and.w	r2, r5, #939524096	; 0x38000000
		pio_set_output(p_pio, (1 << (ul_pin & 0x1F)),
  40083c:	2601      	movs	r6, #1
  40083e:	f102 4148 	add.w	r1, r2, #3355443200	; 0xc8000000
  400842:	ea05 0306 	and.w	r3, r5, r6
  400846:	424a      	negs	r2, r1
  400848:	f004 041f 	and.w	r4, r4, #31
  40084c:	9300      	str	r3, [sp, #0]
  40084e:	414a      	adcs	r2, r1
  400850:	f3c5 0380 	ubfx	r3, r5, #2, #1
  400854:	fa06 f104 	lsl.w	r1, r6, r4
  400858:	4c03      	ldr	r4, [pc, #12]	; (400868 <pio_configure_pin+0xa8>)
  40085a:	47a0      	blx	r4
		break;
  40085c:	e7ca      	b.n	4007f4 <pio_configure_pin+0x34>
  40085e:	bf00      	nop
  400860:	0040073d 	.word	0x0040073d
  400864:	004006cf 	.word	0x004006cf
  400868:	00400769 	.word	0x00400769

0040086c <SystemCoreClockUpdate>:

/**
 * \brief Get Core Clock Frequency.
 */
void SystemCoreClockUpdate( void )
{
  40086c:	b510      	push	{r4, lr}
	/* Determine clock frequency according to clock register values */
	switch ( PMC->PMC_MCKR & (uint32_t) PMC_MCKR_CSS_Msk ) {
  40086e:	4a2c      	ldr	r2, [pc, #176]	; (400920 <SystemCoreClockUpdate+0xb4>)
  400870:	4b2c      	ldr	r3, [pc, #176]	; (400924 <SystemCoreClockUpdate+0xb8>)
  400872:	6b11      	ldr	r1, [r2, #48]	; 0x30
  400874:	f001 0103 	and.w	r1, r1, #3
  400878:	2901      	cmp	r1, #1
  40087a:	d02a      	beq.n	4008d2 <SystemCoreClockUpdate+0x66>
  40087c:	3902      	subs	r1, #2
  40087e:	2901      	cmp	r1, #1
  400880:	d81d      	bhi.n	4008be <SystemCoreClockUpdate+0x52>
		}
		break;
		
	case PMC_MCKR_CSS_PLLA_CLK:	/* PLLA clock */
	case PMC_MCKR_CSS_PLLB_CLK:	/* PLLB clock */
			if ( PMC->CKGR_MOR & CKGR_MOR_MOSCSEL ) {
  400882:	6a11      	ldr	r1, [r2, #32]
  400884:	01cc      	lsls	r4, r1, #7
  400886:	d448      	bmi.n	40091a <SystemCoreClockUpdate+0xae>
				SystemCoreClock = CHIP_FREQ_XTAL;
			} else {
				SystemCoreClock = CHIP_FREQ_MAINCK_RC_4MHZ;
  400888:	4927      	ldr	r1, [pc, #156]	; (400928 <SystemCoreClockUpdate+0xbc>)
  40088a:	6019      	str	r1, [r3, #0]
				
				switch ( PMC->CKGR_MOR & CKGR_MOR_MOSCRCF_Msk ) {
  40088c:	6a11      	ldr	r1, [r2, #32]
  40088e:	f001 0170 	and.w	r1, r1, #112	; 0x70
  400892:	2910      	cmp	r1, #16
  400894:	d03e      	beq.n	400914 <SystemCoreClockUpdate+0xa8>
  400896:	2920      	cmp	r1, #32
  400898:	d03f      	beq.n	40091a <SystemCoreClockUpdate+0xae>
				default:
					break;
				}
			}
			
			if ( (uint32_t)(PMC->PMC_MCKR & (uint32_t) PMC_MCKR_CSS_Msk) ==
  40089a:	6b10      	ldr	r0, [r2, #48]	; 0x30
					PMC_MCKR_CSS_PLLA_CLK ) {
				SystemCoreClock *= ((((PMC->CKGR_PLLAR) & CKGR_PLLAR_MULA_Msk)
  40089c:	6819      	ldr	r1, [r3, #0]
			if ( (uint32_t)(PMC->PMC_MCKR & (uint32_t) PMC_MCKR_CSS_Msk) ==
  40089e:	f000 0003 	and.w	r0, r0, #3
  4008a2:	2802      	cmp	r0, #2
				SystemCoreClock *= ((((PMC->CKGR_PLLAR) & CKGR_PLLAR_MULA_Msk)
  4008a4:	bf0b      	itete	eq
  4008a6:	6a94      	ldreq	r4, [r2, #40]	; 0x28
						>> CKGR_PLLAR_MULA_Pos) + 1U);
				SystemCoreClock /= ((((PMC->CKGR_PLLAR) & CKGR_PLLAR_DIVA_Msk)
						>> CKGR_PLLAR_DIVA_Pos));
			} else {
				SystemCoreClock *= ((((PMC->CKGR_PLLBR) & CKGR_PLLBR_MULB_Msk)
  4008a8:	6ad4      	ldrne	r4, [r2, #44]	; 0x2c
				SystemCoreClock /= ((((PMC->CKGR_PLLAR) & CKGR_PLLAR_DIVA_Msk)
  4008aa:	6a90      	ldreq	r0, [r2, #40]	; 0x28
						>> CKGR_PLLBR_MULB_Pos) + 1U);
				SystemCoreClock /= ((((PMC->CKGR_PLLBR) & CKGR_PLLBR_DIVB_Msk)
  4008ac:	6ad0      	ldrne	r0, [r2, #44]	; 0x2c
						>> CKGR_PLLBR_MULB_Pos) + 1U);
  4008ae:	f3c4 440a 	ubfx	r4, r4, #16, #11
				SystemCoreClock *= ((((PMC->CKGR_PLLBR) & CKGR_PLLBR_MULB_Msk)
  4008b2:	fb04 1101 	mla	r1, r4, r1, r1
						>> CKGR_PLLBR_DIVB_Pos));
  4008b6:	b2c0      	uxtb	r0, r0
				SystemCoreClock /= ((((PMC->CKGR_PLLBR) & CKGR_PLLBR_DIVB_Msk)
  4008b8:	fbb1 f1f0 	udiv	r1, r1, r0
  4008bc:	e007      	b.n	4008ce <SystemCoreClockUpdate+0x62>
			if ( SUPC->SUPC_SR & SUPC_SR_OSCSEL ) {
  4008be:	491b      	ldr	r1, [pc, #108]	; (40092c <SystemCoreClockUpdate+0xc0>)
  4008c0:	6a49      	ldr	r1, [r1, #36]	; 0x24
  4008c2:	0608      	lsls	r0, r1, #24
				SystemCoreClock = CHIP_FREQ_XTAL_32K;
  4008c4:	bf4c      	ite	mi
  4008c6:	f44f 4100 	movmi.w	r1, #32768	; 0x8000
				SystemCoreClock = CHIP_FREQ_SLCK_RC;
  4008ca:	f44f 41fa 	movpl.w	r1, #32000	; 0x7d00
				SystemCoreClock /= ((((PMC->CKGR_PLLBR) & CKGR_PLLBR_DIVB_Msk)
  4008ce:	6019      	str	r1, [r3, #0]
  4008d0:	e00d      	b.n	4008ee <SystemCoreClockUpdate+0x82>
		if ( PMC->CKGR_MOR & CKGR_MOR_MOSCSEL ) {
  4008d2:	6a11      	ldr	r1, [r2, #32]
  4008d4:	01c9      	lsls	r1, r1, #7
  4008d6:	d501      	bpl.n	4008dc <SystemCoreClockUpdate+0x70>
				SystemCoreClock = CHIP_FREQ_MAINCK_RC_12MHZ;
  4008d8:	4915      	ldr	r1, [pc, #84]	; (400930 <SystemCoreClockUpdate+0xc4>)
  4008da:	e7f8      	b.n	4008ce <SystemCoreClockUpdate+0x62>
			SystemCoreClock = CHIP_FREQ_MAINCK_RC_4MHZ;
  4008dc:	4912      	ldr	r1, [pc, #72]	; (400928 <SystemCoreClockUpdate+0xbc>)
  4008de:	6019      	str	r1, [r3, #0]
			switch ( PMC->CKGR_MOR & CKGR_MOR_MOSCRCF_Msk ) {
  4008e0:	6a11      	ldr	r1, [r2, #32]
  4008e2:	f001 0170 	and.w	r1, r1, #112	; 0x70
  4008e6:	2910      	cmp	r1, #16
  4008e8:	d012      	beq.n	400910 <SystemCoreClockUpdate+0xa4>
  4008ea:	2920      	cmp	r1, #32
  4008ec:	d0f4      	beq.n	4008d8 <SystemCoreClockUpdate+0x6c>
		
	default:
		break;
	}

	if ( (PMC->PMC_MCKR & PMC_MCKR_PRES_Msk) == PMC_MCKR_PRES_CLK_3 ) {
  4008ee:	6b10      	ldr	r0, [r2, #48]	; 0x30
		SystemCoreClock /= 3U;
  4008f0:	6819      	ldr	r1, [r3, #0]
	if ( (PMC->PMC_MCKR & PMC_MCKR_PRES_Msk) == PMC_MCKR_PRES_CLK_3 ) {
  4008f2:	f000 0070 	and.w	r0, r0, #112	; 0x70
  4008f6:	2870      	cmp	r0, #112	; 0x70
	} else {
		SystemCoreClock >>=
			((PMC->PMC_MCKR & PMC_MCKR_PRES_Msk) >> PMC_MCKR_PRES_Pos);
  4008f8:	bf1b      	ittet	ne
  4008fa:	6b12      	ldrne	r2, [r2, #48]	; 0x30
  4008fc:	f3c2 1202 	ubfxne	r2, r2, #4, #3
		SystemCoreClock /= 3U;
  400900:	2203      	moveq	r2, #3
		SystemCoreClock >>=
  400902:	fa21 f202 	lsrne.w	r2, r1, r2
		SystemCoreClock /= 3U;
  400906:	bf08      	it	eq
  400908:	fbb1 f2f2 	udiveq	r2, r1, r2
		SystemCoreClock >>=
  40090c:	601a      	str	r2, [r3, #0]
	}
}
  40090e:	bd10      	pop	{r4, pc}
				SystemCoreClock = CHIP_FREQ_MAINCK_RC_8MHZ;
  400910:	4908      	ldr	r1, [pc, #32]	; (400934 <SystemCoreClockUpdate+0xc8>)
  400912:	e7dc      	b.n	4008ce <SystemCoreClockUpdate+0x62>
					SystemCoreClock = CHIP_FREQ_MAINCK_RC_8MHZ;
  400914:	4907      	ldr	r1, [pc, #28]	; (400934 <SystemCoreClockUpdate+0xc8>)
					SystemCoreClock = CHIP_FREQ_MAINCK_RC_12MHZ;
  400916:	6019      	str	r1, [r3, #0]
					break;
  400918:	e7bf      	b.n	40089a <SystemCoreClockUpdate+0x2e>
					SystemCoreClock = CHIP_FREQ_MAINCK_RC_12MHZ;
  40091a:	4905      	ldr	r1, [pc, #20]	; (400930 <SystemCoreClockUpdate+0xc4>)
  40091c:	e7fb      	b.n	400916 <SystemCoreClockUpdate+0xaa>
  40091e:	bf00      	nop
  400920:	400e0400 	.word	0x400e0400
  400924:	20000000 	.word	0x20000000
  400928:	003d0900 	.word	0x003d0900
  40092c:	400e1400 	.word	0x400e1400
  400930:	00b71b00 	.word	0x00b71b00
  400934:	007a1200 	.word	0x007a1200

00400938 <system_init_flash>:
 */
void system_init_flash( uint32_t ul_clk )
{
  /* Set FWS for embedded Flash access according to operating frequency */
#if !defined(ID_EFC1)
	if ( ul_clk < CHIP_FREQ_FWS_0 ) {
  400938:	4b0e      	ldr	r3, [pc, #56]	; (400974 <system_init_flash+0x3c>)
  40093a:	4298      	cmp	r0, r3
  40093c:	4b0e      	ldr	r3, [pc, #56]	; (400978 <system_init_flash+0x40>)
  40093e:	d803      	bhi.n	400948 <system_init_flash+0x10>
		EFC0->EEFC_FMR = EEFC_FMR_FWS(0)|EEFC_FMR_CLOE;
  400940:	f04f 6280 	mov.w	r2, #67108864	; 0x4000000
					EFC0->EEFC_FMR = EEFC_FMR_FWS(3)|EEFC_FMR_CLOE;
				} else {
					if ( ul_clk < CHIP_FREQ_FWS_4 ) {
					EFC0->EEFC_FMR = EEFC_FMR_FWS(4)|EEFC_FMR_CLOE;
					} else {
					EFC0->EEFC_FMR = EEFC_FMR_FWS(5)|EEFC_FMR_CLOE;
  400944:	601a      	str	r2, [r3, #0]
				}
			}
		}
	}
#endif
}
  400946:	4770      	bx	lr
		if ( ul_clk < CHIP_FREQ_FWS_1 ) {
  400948:	4a0c      	ldr	r2, [pc, #48]	; (40097c <system_init_flash+0x44>)
  40094a:	4290      	cmp	r0, r2
  40094c:	d201      	bcs.n	400952 <system_init_flash+0x1a>
			EFC0->EEFC_FMR = EEFC_FMR_FWS(1)|EEFC_FMR_CLOE;
  40094e:	4a0c      	ldr	r2, [pc, #48]	; (400980 <system_init_flash+0x48>)
  400950:	e7f8      	b.n	400944 <system_init_flash+0xc>
			if ( ul_clk < CHIP_FREQ_FWS_2 ) {
  400952:	4a0c      	ldr	r2, [pc, #48]	; (400984 <system_init_flash+0x4c>)
  400954:	4290      	cmp	r0, r2
  400956:	d201      	bcs.n	40095c <system_init_flash+0x24>
				EFC0->EEFC_FMR = EEFC_FMR_FWS(2)|EEFC_FMR_CLOE;
  400958:	4a0b      	ldr	r2, [pc, #44]	; (400988 <system_init_flash+0x50>)
  40095a:	e7f3      	b.n	400944 <system_init_flash+0xc>
				if ( ul_clk < CHIP_FREQ_FWS_3 ) {
  40095c:	4a0b      	ldr	r2, [pc, #44]	; (40098c <system_init_flash+0x54>)
  40095e:	4290      	cmp	r0, r2
  400960:	d801      	bhi.n	400966 <system_init_flash+0x2e>
					EFC0->EEFC_FMR = EEFC_FMR_FWS(3)|EEFC_FMR_CLOE;
  400962:	4a0b      	ldr	r2, [pc, #44]	; (400990 <system_init_flash+0x58>)
  400964:	e7ee      	b.n	400944 <system_init_flash+0xc>
					if ( ul_clk < CHIP_FREQ_FWS_4 ) {
  400966:	4a0b      	ldr	r2, [pc, #44]	; (400994 <system_init_flash+0x5c>)
  400968:	4290      	cmp	r0, r2
					EFC0->EEFC_FMR = EEFC_FMR_FWS(5)|EEFC_FMR_CLOE;
  40096a:	bf8c      	ite	hi
  40096c:	4a0a      	ldrhi	r2, [pc, #40]	; (400998 <system_init_flash+0x60>)
					EFC0->EEFC_FMR = EEFC_FMR_FWS(4)|EEFC_FMR_CLOE;
  40096e:	f04f 2204 	movls.w	r2, #67109888	; 0x4000400
					EFC0->EEFC_FMR = EEFC_FMR_FWS(5)|EEFC_FMR_CLOE;
  400972:	e7e7      	b.n	400944 <system_init_flash+0xc>
  400974:	01312cff 	.word	0x01312cff
  400978:	400e0a00 	.word	0x400e0a00
  40097c:	02625a00 	.word	0x02625a00
  400980:	04000100 	.word	0x04000100
  400984:	03938700 	.word	0x03938700
  400988:	04000200 	.word	0x04000200
  40098c:	04c4b3ff 	.word	0x04c4b3ff
  400990:	04000300 	.word	0x04000300
  400994:	05f5e0ff 	.word	0x05f5e0ff
  400998:	04000500 	.word	0x04000500

0040099c <pmc_switch_mck_to_sclk>:
 */
uint32_t pmc_switch_mck_to_sclk(uint32_t ul_pres)
{
	uint32_t ul_timeout;

	PMC->PMC_MCKR = (PMC->PMC_MCKR & (~PMC_MCKR_CSS_Msk)) |
  40099c:	4b0e      	ldr	r3, [pc, #56]	; (4009d8 <pmc_switch_mck_to_sclk+0x3c>)
  40099e:	6b1a      	ldr	r2, [r3, #48]	; 0x30
  4009a0:	f022 0203 	bic.w	r2, r2, #3
  4009a4:	631a      	str	r2, [r3, #48]	; 0x30
			PMC_MCKR_CSS_SLOW_CLK;
	for (ul_timeout = PMC_TIMEOUT; !(PMC->PMC_SR & PMC_SR_MCKRDY);
  4009a6:	f640 0201 	movw	r2, #2049	; 0x801
  4009aa:	6e99      	ldr	r1, [r3, #104]	; 0x68
  4009ac:	0709      	lsls	r1, r1, #28
  4009ae:	d50b      	bpl.n	4009c8 <pmc_switch_mck_to_sclk+0x2c>
		if (ul_timeout == 0) {
			return 1;
		}
	}

	PMC->PMC_MCKR = (PMC->PMC_MCKR & (~PMC_MCKR_PRES_Msk)) | ul_pres;
  4009b0:	6b1a      	ldr	r2, [r3, #48]	; 0x30
  4009b2:	f022 0270 	bic.w	r2, r2, #112	; 0x70
  4009b6:	4310      	orrs	r0, r2
  4009b8:	6318      	str	r0, [r3, #48]	; 0x30
	for (ul_timeout = PMC_TIMEOUT; !(PMC->PMC_SR & PMC_SR_MCKRDY);
  4009ba:	f640 0201 	movw	r2, #2049	; 0x801
  4009be:	6e99      	ldr	r1, [r3, #104]	; 0x68
  4009c0:	0709      	lsls	r1, r1, #28
  4009c2:	d505      	bpl.n	4009d0 <pmc_switch_mck_to_sclk+0x34>
		if (ul_timeout == 0) {
			return 1;
		}
	}

	return 0;
  4009c4:	2000      	movs	r0, #0
}
  4009c6:	4770      	bx	lr
		if (ul_timeout == 0) {
  4009c8:	3a01      	subs	r2, #1
  4009ca:	d1ee      	bne.n	4009aa <pmc_switch_mck_to_sclk+0xe>
			return 1;
  4009cc:	2001      	movs	r0, #1
  4009ce:	4770      	bx	lr
		if (ul_timeout == 0) {
  4009d0:	3a01      	subs	r2, #1
  4009d2:	d1f4      	bne.n	4009be <pmc_switch_mck_to_sclk+0x22>
  4009d4:	e7fa      	b.n	4009cc <pmc_switch_mck_to_sclk+0x30>
  4009d6:	bf00      	nop
  4009d8:	400e0400 	.word	0x400e0400

004009dc <pmc_switch_mck_to_mainck>:
 */
uint32_t pmc_switch_mck_to_mainck(uint32_t ul_pres)
{
	uint32_t ul_timeout;

	PMC->PMC_MCKR = (PMC->PMC_MCKR & (~PMC_MCKR_CSS_Msk)) |
  4009dc:	4b0f      	ldr	r3, [pc, #60]	; (400a1c <pmc_switch_mck_to_mainck+0x40>)
  4009de:	6b1a      	ldr	r2, [r3, #48]	; 0x30
  4009e0:	f022 0203 	bic.w	r2, r2, #3
  4009e4:	f042 0201 	orr.w	r2, r2, #1
  4009e8:	631a      	str	r2, [r3, #48]	; 0x30
			PMC_MCKR_CSS_MAIN_CLK;
	for (ul_timeout = PMC_TIMEOUT; !(PMC->PMC_SR & PMC_SR_MCKRDY);
  4009ea:	f640 0201 	movw	r2, #2049	; 0x801
  4009ee:	6e99      	ldr	r1, [r3, #104]	; 0x68
  4009f0:	0709      	lsls	r1, r1, #28
  4009f2:	d50b      	bpl.n	400a0c <pmc_switch_mck_to_mainck+0x30>
		if (ul_timeout == 0) {
			return 1;
		}
	}

	PMC->PMC_MCKR = (PMC->PMC_MCKR & (~PMC_MCKR_PRES_Msk)) | ul_pres;
  4009f4:	6b1a      	ldr	r2, [r3, #48]	; 0x30
  4009f6:	f022 0270 	bic.w	r2, r2, #112	; 0x70
  4009fa:	4310      	orrs	r0, r2
  4009fc:	6318      	str	r0, [r3, #48]	; 0x30
	for (ul_timeout = PMC_TIMEOUT; !(PMC->PMC_SR & PMC_SR_MCKRDY);
  4009fe:	f640 0201 	movw	r2, #2049	; 0x801
  400a02:	6e99      	ldr	r1, [r3, #104]	; 0x68
  400a04:	0709      	lsls	r1, r1, #28
  400a06:	d505      	bpl.n	400a14 <pmc_switch_mck_to_mainck+0x38>
		if (ul_timeout == 0) {
			return 1;
		}
	}

	return 0;
  400a08:	2000      	movs	r0, #0
}
  400a0a:	4770      	bx	lr
		if (ul_timeout == 0) {
  400a0c:	3a01      	subs	r2, #1
  400a0e:	d1ee      	bne.n	4009ee <pmc_switch_mck_to_mainck+0x12>
			return 1;
  400a10:	2001      	movs	r0, #1
  400a12:	4770      	bx	lr
		if (ul_timeout == 0) {
  400a14:	3a01      	subs	r2, #1
  400a16:	d1f4      	bne.n	400a02 <pmc_switch_mck_to_mainck+0x26>
  400a18:	e7fa      	b.n	400a10 <pmc_switch_mck_to_mainck+0x34>
  400a1a:	bf00      	nop
  400a1c:	400e0400 	.word	0x400e0400

00400a20 <pmc_switch_mainck_to_xtal>:
 */
void pmc_switch_mainck_to_xtal(uint32_t ul_bypass,
		uint32_t ul_xtal_startup_time)
{
	/* Enable Main Xtal oscillator */
	if (ul_bypass) {
  400a20:	4a0f      	ldr	r2, [pc, #60]	; (400a60 <pmc_switch_mainck_to_xtal+0x40>)
  400a22:	b130      	cbz	r0, 400a32 <pmc_switch_mainck_to_xtal+0x12>
		PMC->CKGR_MOR = (PMC->CKGR_MOR & ~CKGR_MOR_MOSCXTEN) |
  400a24:	6a13      	ldr	r3, [r2, #32]
				CKGR_MOR_KEY_PASSWD | CKGR_MOR_MOSCXTBY |
  400a26:	490f      	ldr	r1, [pc, #60]	; (400a64 <pmc_switch_mainck_to_xtal+0x44>)
  400a28:	4019      	ands	r1, r3
  400a2a:	4b0f      	ldr	r3, [pc, #60]	; (400a68 <pmc_switch_mainck_to_xtal+0x48>)
  400a2c:	430b      	orrs	r3, r1
				CKGR_MOR_KEY_PASSWD | CKGR_MOR_MOSCXTEN |
				CKGR_MOR_MOSCXTST(ul_xtal_startup_time);
		/* Wait the Xtal to stabilize */
		while (!(PMC->PMC_SR & PMC_SR_MOSCXTS));

		PMC->CKGR_MOR |= CKGR_MOR_KEY_PASSWD | CKGR_MOR_MOSCSEL;
  400a2e:	6213      	str	r3, [r2, #32]
	}
}
  400a30:	4770      	bx	lr
		PMC->CKGR_MOR = (PMC->CKGR_MOR & ~CKGR_MOR_MOSCXTBY) |
  400a32:	6a10      	ldr	r0, [r2, #32]
				CKGR_MOR_MOSCXTST(ul_xtal_startup_time);
  400a34:	020b      	lsls	r3, r1, #8
				CKGR_MOR_KEY_PASSWD | CKGR_MOR_MOSCXTEN |
  400a36:	f420 115c 	bic.w	r1, r0, #3604480	; 0x370000
				CKGR_MOR_MOSCXTST(ul_xtal_startup_time);
  400a3a:	b29b      	uxth	r3, r3
				CKGR_MOR_KEY_PASSWD | CKGR_MOR_MOSCXTEN |
  400a3c:	f021 0103 	bic.w	r1, r1, #3
  400a40:	430b      	orrs	r3, r1
  400a42:	f443 135c 	orr.w	r3, r3, #3604480	; 0x370000
  400a46:	f043 0301 	orr.w	r3, r3, #1
		PMC->CKGR_MOR = (PMC->CKGR_MOR & ~CKGR_MOR_MOSCXTBY) |
  400a4a:	6213      	str	r3, [r2, #32]
		while (!(PMC->PMC_SR & PMC_SR_MOSCXTS));
  400a4c:	6e93      	ldr	r3, [r2, #104]	; 0x68
  400a4e:	07db      	lsls	r3, r3, #31
  400a50:	d5fc      	bpl.n	400a4c <pmc_switch_mainck_to_xtal+0x2c>
		PMC->CKGR_MOR |= CKGR_MOR_KEY_PASSWD | CKGR_MOR_MOSCSEL;
  400a52:	6a13      	ldr	r3, [r2, #32]
  400a54:	f043 739b 	orr.w	r3, r3, #20316160	; 0x1360000
  400a58:	f443 3380 	orr.w	r3, r3, #65536	; 0x10000
  400a5c:	e7e7      	b.n	400a2e <pmc_switch_mainck_to_xtal+0xe>
  400a5e:	bf00      	nop
  400a60:	400e0400 	.word	0x400e0400
  400a64:	fec8fffc 	.word	0xfec8fffc
  400a68:	01370002 	.word	0x01370002

00400a6c <pmc_osc_is_ready_mainck>:
 * \retval 1 Xtal is ready.
 * \retval 0 Xtal is not ready.
 */
uint32_t pmc_osc_is_ready_mainck(void)
{
	return PMC->PMC_SR & PMC_SR_MOSCSELS;
  400a6c:	4b02      	ldr	r3, [pc, #8]	; (400a78 <pmc_osc_is_ready_mainck+0xc>)
  400a6e:	6e98      	ldr	r0, [r3, #104]	; 0x68
}
  400a70:	f400 3080 	and.w	r0, r0, #65536	; 0x10000
  400a74:	4770      	bx	lr
  400a76:	bf00      	nop
  400a78:	400e0400 	.word	0x400e0400

00400a7c <pmc_enable_periph_clk>:
	PMC->PMC_PCR = ul_id & 0x7F;
	pcr = PMC->PMC_PCR | PMC_PCR_EN | PMC_PCR_CMD;
	PMC->PMC_PCR = pcr;
	return 0;
#else
	if (ul_id > MAX_PERIPH_ID) {
  400a7c:	2822      	cmp	r0, #34	; 0x22
  400a7e:	d818      	bhi.n	400ab2 <pmc_enable_periph_clk+0x36>
		return 1;
	}

	if (ul_id < 32) {
  400a80:	281f      	cmp	r0, #31
  400a82:	4a0d      	ldr	r2, [pc, #52]	; (400ab8 <pmc_enable_periph_clk+0x3c>)
  400a84:	f04f 0301 	mov.w	r3, #1
  400a88:	d808      	bhi.n	400a9c <pmc_enable_periph_clk+0x20>
		if ((PMC->PMC_PCSR0 & (1u << ul_id)) != (1u << ul_id)) {
  400a8a:	6991      	ldr	r1, [r2, #24]
  400a8c:	fa03 f000 	lsl.w	r0, r3, r0
  400a90:	ea30 0301 	bics.w	r3, r0, r1
  400a94:	d000      	beq.n	400a98 <pmc_enable_periph_clk+0x1c>
			PMC->PMC_PCER0 = 1 << ul_id;
  400a96:	6110      	str	r0, [r2, #16]
			PMC->PMC_PCER1 = 1 << ul_id;
		}
#endif
	}

	return 0;
  400a98:	2000      	movs	r0, #0
#endif /* defined(REG_PMC_PCR) && !SAMG55 */
}
  400a9a:	4770      	bx	lr
		if ((PMC->PMC_PCSR1 & (1u << ul_id)) != (1u << ul_id)) {
  400a9c:	f8d2 1108 	ldr.w	r1, [r2, #264]	; 0x108
		ul_id -= 32;
  400aa0:	3820      	subs	r0, #32
		if ((PMC->PMC_PCSR1 & (1u << ul_id)) != (1u << ul_id)) {
  400aa2:	fa03 f000 	lsl.w	r0, r3, r0
  400aa6:	ea30 0301 	bics.w	r3, r0, r1
  400aaa:	d0f5      	beq.n	400a98 <pmc_enable_periph_clk+0x1c>
			PMC->PMC_PCER1 = 1 << ul_id;
  400aac:	f8c2 0100 	str.w	r0, [r2, #256]	; 0x100
  400ab0:	e7f2      	b.n	400a98 <pmc_enable_periph_clk+0x1c>
		return 1;
  400ab2:	2001      	movs	r0, #1
  400ab4:	4770      	bx	lr
  400ab6:	bf00      	nop
  400ab8:	400e0400 	.word	0x400e0400

00400abc <pmc_set_writeprotect>:
 *
 * \param ul_enable 1 to enable, 0 to disable.
 */
void pmc_set_writeprotect(uint32_t ul_enable)
{
	if (ul_enable) {
  400abc:	4b03      	ldr	r3, [pc, #12]	; (400acc <pmc_set_writeprotect+0x10>)
  400abe:	b118      	cbz	r0, 400ac8 <pmc_set_writeprotect+0xc>
		PMC->PMC_WPMR = PMC_WPMR_WPKEY_PASSWD | PMC_WPMR_WPEN;
  400ac0:	4a03      	ldr	r2, [pc, #12]	; (400ad0 <pmc_set_writeprotect+0x14>)
	} else {
		PMC->PMC_WPMR = PMC_WPMR_WPKEY_PASSWD;
  400ac2:	f8c3 20e4 	str.w	r2, [r3, #228]	; 0xe4
	}
}
  400ac6:	4770      	bx	lr
		PMC->PMC_WPMR = PMC_WPMR_WPKEY_PASSWD;
  400ac8:	4a02      	ldr	r2, [pc, #8]	; (400ad4 <pmc_set_writeprotect+0x18>)
  400aca:	e7fa      	b.n	400ac2 <pmc_set_writeprotect+0x6>
  400acc:	400e0400 	.word	0x400e0400
  400ad0:	504d4301 	.word	0x504d4301
  400ad4:	504d4300 	.word	0x504d4300

00400ad8 <round>:
  400ad8:	b538      	push	{r3, r4, r5, lr}
  400ada:	f3c1 550a 	ubfx	r5, r1, #20, #11
  400ade:	f2a5 32ff 	subw	r2, r5, #1023	; 0x3ff
  400ae2:	2a13      	cmp	r2, #19
  400ae4:	460b      	mov	r3, r1
  400ae6:	4684      	mov	ip, r0
  400ae8:	468e      	mov	lr, r1
  400aea:	4604      	mov	r4, r0
  400aec:	dc1e      	bgt.n	400b2c <round+0x54>
  400aee:	2a00      	cmp	r2, #0
  400af0:	db0e      	blt.n	400b10 <round+0x38>
  400af2:	491d      	ldr	r1, [pc, #116]	; (400b68 <round+0x90>)
  400af4:	4111      	asrs	r1, r2
  400af6:	ea03 0001 	and.w	r0, r3, r1
  400afa:	4320      	orrs	r0, r4
  400afc:	d013      	beq.n	400b26 <round+0x4e>
  400afe:	f44f 2300 	mov.w	r3, #524288	; 0x80000
  400b02:	fa43 f202 	asr.w	r2, r3, r2
  400b06:	4496      	add	lr, r2
  400b08:	ea2e 0e01 	bic.w	lr, lr, r1
  400b0c:	2400      	movs	r4, #0
  400b0e:	e008      	b.n	400b22 <round+0x4a>
  400b10:	f001 4e00 	and.w	lr, r1, #2147483648	; 0x80000000
  400b14:	3201      	adds	r2, #1
  400b16:	bf04      	itt	eq
  400b18:	f04e 5e7f 	orreq.w	lr, lr, #1069547520	; 0x3fc00000
  400b1c:	f44e 1e40 	orreq.w	lr, lr, #3145728	; 0x300000
  400b20:	2400      	movs	r4, #0
  400b22:	4673      	mov	r3, lr
  400b24:	46a4      	mov	ip, r4
  400b26:	4660      	mov	r0, ip
  400b28:	4619      	mov	r1, r3
  400b2a:	bd38      	pop	{r3, r4, r5, pc}
  400b2c:	2a33      	cmp	r2, #51	; 0x33
  400b2e:	dd08      	ble.n	400b42 <round+0x6a>
  400b30:	f5b2 6f80 	cmp.w	r2, #1024	; 0x400
  400b34:	d1f7      	bne.n	400b26 <round+0x4e>
  400b36:	4602      	mov	r2, r0
  400b38:	f000 fa5e 	bl	400ff8 <__adddf3>
  400b3c:	4684      	mov	ip, r0
  400b3e:	460b      	mov	r3, r1
  400b40:	e7f1      	b.n	400b26 <round+0x4e>
  400b42:	f2a5 4513 	subw	r5, r5, #1043	; 0x413
  400b46:	f04f 31ff 	mov.w	r1, #4294967295	; 0xffffffff
  400b4a:	fa21 f505 	lsr.w	r5, r1, r5
  400b4e:	4228      	tst	r0, r5
  400b50:	d0e9      	beq.n	400b26 <round+0x4e>
  400b52:	2301      	movs	r3, #1
  400b54:	f1c2 0233 	rsb	r2, r2, #51	; 0x33
  400b58:	fa03 f202 	lsl.w	r2, r3, r2
  400b5c:	1884      	adds	r4, r0, r2
  400b5e:	bf28      	it	cs
  400b60:	449e      	addcs	lr, r3
  400b62:	ea24 0405 	bic.w	r4, r4, r5
  400b66:	e7dc      	b.n	400b22 <round+0x4a>
  400b68:	000fffff 	.word	0x000fffff

00400b6c <log>:
  400b6c:	b5f8      	push	{r3, r4, r5, r6, r7, lr}
  400b6e:	4604      	mov	r4, r0
  400b70:	460d      	mov	r5, r1
  400b72:	f000 f835 	bl	400be0 <__ieee754_log>
  400b76:	4b17      	ldr	r3, [pc, #92]	; (400bd4 <log+0x68>)
  400b78:	f993 3000 	ldrsb.w	r3, [r3]
  400b7c:	3301      	adds	r3, #1
  400b7e:	4606      	mov	r6, r0
  400b80:	460f      	mov	r7, r1
  400b82:	d01a      	beq.n	400bba <log+0x4e>
  400b84:	4622      	mov	r2, r4
  400b86:	462b      	mov	r3, r5
  400b88:	4620      	mov	r0, r4
  400b8a:	4629      	mov	r1, r5
  400b8c:	f000 fe84 	bl	401898 <__aeabi_dcmpun>
  400b90:	b998      	cbnz	r0, 400bba <log+0x4e>
  400b92:	2200      	movs	r2, #0
  400b94:	2300      	movs	r3, #0
  400b96:	4620      	mov	r0, r4
  400b98:	4629      	mov	r1, r5
  400b9a:	f000 fe73 	bl	401884 <__aeabi_dcmpgt>
  400b9e:	b960      	cbnz	r0, 400bba <log+0x4e>
  400ba0:	2200      	movs	r2, #0
  400ba2:	2300      	movs	r3, #0
  400ba4:	4620      	mov	r0, r4
  400ba6:	4629      	mov	r1, r5
  400ba8:	f000 fe44 	bl	401834 <__aeabi_dcmpeq>
  400bac:	b140      	cbz	r0, 400bc0 <log+0x54>
  400bae:	f001 fb2f 	bl	402210 <__errno>
  400bb2:	4f09      	ldr	r7, [pc, #36]	; (400bd8 <log+0x6c>)
  400bb4:	2322      	movs	r3, #34	; 0x22
  400bb6:	6003      	str	r3, [r0, #0]
  400bb8:	2600      	movs	r6, #0
  400bba:	4630      	mov	r0, r6
  400bbc:	4639      	mov	r1, r7
  400bbe:	bdf8      	pop	{r3, r4, r5, r6, r7, pc}
  400bc0:	f001 fb26 	bl	402210 <__errno>
  400bc4:	4603      	mov	r3, r0
  400bc6:	2221      	movs	r2, #33	; 0x21
  400bc8:	601a      	str	r2, [r3, #0]
  400bca:	4804      	ldr	r0, [pc, #16]	; (400bdc <log+0x70>)
  400bcc:	e8bd 40f8 	ldmia.w	sp!, {r3, r4, r5, r6, r7, lr}
  400bd0:	f000 ba06 	b.w	400fe0 <nan>
  400bd4:	20000004 	.word	0x20000004
  400bd8:	fff00000 	.word	0xfff00000
  400bdc:	0040263c 	.word	0x0040263c

00400be0 <__ieee754_log>:
  400be0:	e92d 4ff0 	stmdb	sp!, {r4, r5, r6, r7, r8, r9, sl, fp, lr}
  400be4:	f5b1 1f80 	cmp.w	r1, #1048576	; 0x100000
  400be8:	b087      	sub	sp, #28
  400bea:	4602      	mov	r2, r0
  400bec:	460b      	mov	r3, r1
  400bee:	460f      	mov	r7, r1
  400bf0:	da58      	bge.n	400ca4 <__ieee754_log+0xc4>
  400bf2:	f021 4400 	bic.w	r4, r1, #2147483648	; 0x80000000
  400bf6:	4304      	orrs	r4, r0
  400bf8:	f000 80f8 	beq.w	400dec <__ieee754_log+0x20c>
  400bfc:	2900      	cmp	r1, #0
  400bfe:	f2c0 8132 	blt.w	400e66 <__ieee754_log+0x286>
  400c02:	4bd7      	ldr	r3, [pc, #860]	; (400f60 <__ieee754_log+0x380>)
  400c04:	2200      	movs	r2, #0
  400c06:	f000 fbad 	bl	401364 <__aeabi_dmul>
  400c0a:	460f      	mov	r7, r1
  400c0c:	460b      	mov	r3, r1
  400c0e:	49d5      	ldr	r1, [pc, #852]	; (400f64 <__ieee754_log+0x384>)
  400c10:	428f      	cmp	r7, r1
  400c12:	4602      	mov	r2, r0
  400c14:	f06f 0035 	mvn.w	r0, #53	; 0x35
  400c18:	dc49      	bgt.n	400cae <__ieee754_log+0xce>
  400c1a:	153e      	asrs	r6, r7, #20
  400c1c:	f3c7 0713 	ubfx	r7, r7, #0, #20
  400c20:	f507 2115 	add.w	r1, r7, #610304	; 0x95000
  400c24:	f2a6 36ff 	subw	r6, r6, #1023	; 0x3ff
  400c28:	f601 7164 	addw	r1, r1, #3940	; 0xf64
  400c2c:	4406      	add	r6, r0
  400c2e:	f401 1180 	and.w	r1, r1, #1048576	; 0x100000
  400c32:	eb06 5611 	add.w	r6, r6, r1, lsr #20
  400c36:	f081 517f 	eor.w	r1, r1, #1069547520	; 0x3fc00000
  400c3a:	f481 1140 	eor.w	r1, r1, #3145728	; 0x300000
  400c3e:	ea41 0307 	orr.w	r3, r1, r7
  400c42:	4610      	mov	r0, r2
  400c44:	4619      	mov	r1, r3
  400c46:	2200      	movs	r2, #0
  400c48:	4bc7      	ldr	r3, [pc, #796]	; (400f68 <__ieee754_log+0x388>)
  400c4a:	f000 f9d3 	bl	400ff4 <__aeabi_dsub>
  400c4e:	1cbb      	adds	r3, r7, #2
  400c50:	f3c3 0313 	ubfx	r3, r3, #0, #20
  400c54:	2b02      	cmp	r3, #2
  400c56:	4682      	mov	sl, r0
  400c58:	468b      	mov	fp, r1
  400c5a:	dc2f      	bgt.n	400cbc <__ieee754_log+0xdc>
  400c5c:	2200      	movs	r2, #0
  400c5e:	2300      	movs	r3, #0
  400c60:	f000 fde8 	bl	401834 <__aeabi_dcmpeq>
  400c64:	2800      	cmp	r0, #0
  400c66:	f000 80ca 	beq.w	400dfe <__ieee754_log+0x21e>
  400c6a:	2e00      	cmp	r6, #0
  400c6c:	f000 814b 	beq.w	400f06 <__ieee754_log+0x326>
  400c70:	4630      	mov	r0, r6
  400c72:	f000 fb0d 	bl	401290 <__aeabi_i2d>
  400c76:	a3a6      	add	r3, pc, #664	; (adr r3, 400f10 <__ieee754_log+0x330>)
  400c78:	e9d3 2300 	ldrd	r2, r3, [r3]
  400c7c:	4606      	mov	r6, r0
  400c7e:	460f      	mov	r7, r1
  400c80:	f000 fb70 	bl	401364 <__aeabi_dmul>
  400c84:	a3a4      	add	r3, pc, #656	; (adr r3, 400f18 <__ieee754_log+0x338>)
  400c86:	e9d3 2300 	ldrd	r2, r3, [r3]
  400c8a:	4604      	mov	r4, r0
  400c8c:	460d      	mov	r5, r1
  400c8e:	4630      	mov	r0, r6
  400c90:	4639      	mov	r1, r7
  400c92:	f000 fb67 	bl	401364 <__aeabi_dmul>
  400c96:	4602      	mov	r2, r0
  400c98:	460b      	mov	r3, r1
  400c9a:	4620      	mov	r0, r4
  400c9c:	4629      	mov	r1, r5
  400c9e:	f000 f9ab 	bl	400ff8 <__adddf3>
  400ca2:	e008      	b.n	400cb6 <__ieee754_log+0xd6>
  400ca4:	49af      	ldr	r1, [pc, #700]	; (400f64 <__ieee754_log+0x384>)
  400ca6:	428f      	cmp	r7, r1
  400ca8:	f04f 0000 	mov.w	r0, #0
  400cac:	ddb5      	ble.n	400c1a <__ieee754_log+0x3a>
  400cae:	4610      	mov	r0, r2
  400cb0:	4619      	mov	r1, r3
  400cb2:	f000 f9a1 	bl	400ff8 <__adddf3>
  400cb6:	b007      	add	sp, #28
  400cb8:	e8bd 8ff0 	ldmia.w	sp!, {r4, r5, r6, r7, r8, r9, sl, fp, pc}
  400cbc:	f5a7 23c2 	sub.w	r3, r7, #397312	; 0x61000
  400cc0:	f2a3 437a 	subw	r3, r3, #1146	; 0x47a
  400cc4:	9301      	str	r3, [sp, #4]
  400cc6:	2200      	movs	r2, #0
  400cc8:	f04f 4380 	mov.w	r3, #1073741824	; 0x40000000
  400ccc:	f000 f994 	bl	400ff8 <__adddf3>
  400cd0:	4602      	mov	r2, r0
  400cd2:	460b      	mov	r3, r1
  400cd4:	4650      	mov	r0, sl
  400cd6:	4659      	mov	r1, fp
  400cd8:	f000 fc6e 	bl	4015b8 <__aeabi_ddiv>
  400cdc:	4604      	mov	r4, r0
  400cde:	4630      	mov	r0, r6
  400ce0:	460d      	mov	r5, r1
  400ce2:	f000 fad5 	bl	401290 <__aeabi_i2d>
  400ce6:	4622      	mov	r2, r4
  400ce8:	e9cd 0104 	strd	r0, r1, [sp, #16]
  400cec:	462b      	mov	r3, r5
  400cee:	4620      	mov	r0, r4
  400cf0:	4629      	mov	r1, r5
  400cf2:	e9cd 4502 	strd	r4, r5, [sp, #8]
  400cf6:	f000 fb35 	bl	401364 <__aeabi_dmul>
  400cfa:	4602      	mov	r2, r0
  400cfc:	460b      	mov	r3, r1
  400cfe:	4680      	mov	r8, r0
  400d00:	4689      	mov	r9, r1
  400d02:	f000 fb2f 	bl	401364 <__aeabi_dmul>
  400d06:	a386      	add	r3, pc, #536	; (adr r3, 400f20 <__ieee754_log+0x340>)
  400d08:	e9d3 2300 	ldrd	r2, r3, [r3]
  400d0c:	4604      	mov	r4, r0
  400d0e:	460d      	mov	r5, r1
  400d10:	f000 fb28 	bl	401364 <__aeabi_dmul>
  400d14:	a384      	add	r3, pc, #528	; (adr r3, 400f28 <__ieee754_log+0x348>)
  400d16:	e9d3 2300 	ldrd	r2, r3, [r3]
  400d1a:	f000 f96d 	bl	400ff8 <__adddf3>
  400d1e:	4622      	mov	r2, r4
  400d20:	462b      	mov	r3, r5
  400d22:	f000 fb1f 	bl	401364 <__aeabi_dmul>
  400d26:	a382      	add	r3, pc, #520	; (adr r3, 400f30 <__ieee754_log+0x350>)
  400d28:	e9d3 2300 	ldrd	r2, r3, [r3]
  400d2c:	f000 f964 	bl	400ff8 <__adddf3>
  400d30:	4622      	mov	r2, r4
  400d32:	462b      	mov	r3, r5
  400d34:	f000 fb16 	bl	401364 <__aeabi_dmul>
  400d38:	a37f      	add	r3, pc, #508	; (adr r3, 400f38 <__ieee754_log+0x358>)
  400d3a:	e9d3 2300 	ldrd	r2, r3, [r3]
  400d3e:	f000 f95b 	bl	400ff8 <__adddf3>
  400d42:	4642      	mov	r2, r8
  400d44:	464b      	mov	r3, r9
  400d46:	f000 fb0d 	bl	401364 <__aeabi_dmul>
  400d4a:	a37d      	add	r3, pc, #500	; (adr r3, 400f40 <__ieee754_log+0x360>)
  400d4c:	e9d3 2300 	ldrd	r2, r3, [r3]
  400d50:	4680      	mov	r8, r0
  400d52:	4689      	mov	r9, r1
  400d54:	4620      	mov	r0, r4
  400d56:	4629      	mov	r1, r5
  400d58:	f000 fb04 	bl	401364 <__aeabi_dmul>
  400d5c:	a37a      	add	r3, pc, #488	; (adr r3, 400f48 <__ieee754_log+0x368>)
  400d5e:	e9d3 2300 	ldrd	r2, r3, [r3]
  400d62:	f000 f949 	bl	400ff8 <__adddf3>
  400d66:	4622      	mov	r2, r4
  400d68:	462b      	mov	r3, r5
  400d6a:	f000 fafb 	bl	401364 <__aeabi_dmul>
  400d6e:	a378      	add	r3, pc, #480	; (adr r3, 400f50 <__ieee754_log+0x370>)
  400d70:	e9d3 2300 	ldrd	r2, r3, [r3]
  400d74:	f000 f940 	bl	400ff8 <__adddf3>
  400d78:	4622      	mov	r2, r4
  400d7a:	462b      	mov	r3, r5
  400d7c:	f000 faf2 	bl	401364 <__aeabi_dmul>
  400d80:	460b      	mov	r3, r1
  400d82:	4602      	mov	r2, r0
  400d84:	4649      	mov	r1, r9
  400d86:	4640      	mov	r0, r8
  400d88:	f000 f936 	bl	400ff8 <__adddf3>
  400d8c:	f5c7 27d7 	rsb	r7, r7, #440320	; 0x6b800
  400d90:	9b01      	ldr	r3, [sp, #4]
  400d92:	3751      	adds	r7, #81	; 0x51
  400d94:	431f      	orrs	r7, r3
  400d96:	2f00      	cmp	r7, #0
  400d98:	4680      	mov	r8, r0
  400d9a:	4689      	mov	r9, r1
  400d9c:	dd55      	ble.n	400e4a <__ieee754_log+0x26a>
  400d9e:	4b73      	ldr	r3, [pc, #460]	; (400f6c <__ieee754_log+0x38c>)
  400da0:	2200      	movs	r2, #0
  400da2:	4650      	mov	r0, sl
  400da4:	4659      	mov	r1, fp
  400da6:	f000 fadd 	bl	401364 <__aeabi_dmul>
  400daa:	4652      	mov	r2, sl
  400dac:	465b      	mov	r3, fp
  400dae:	f000 fad9 	bl	401364 <__aeabi_dmul>
  400db2:	4604      	mov	r4, r0
  400db4:	460d      	mov	r5, r1
  400db6:	2e00      	cmp	r6, #0
  400db8:	d15c      	bne.n	400e74 <__ieee754_log+0x294>
  400dba:	4622      	mov	r2, r4
  400dbc:	462b      	mov	r3, r5
  400dbe:	4640      	mov	r0, r8
  400dc0:	4649      	mov	r1, r9
  400dc2:	f000 f919 	bl	400ff8 <__adddf3>
  400dc6:	e9dd 2302 	ldrd	r2, r3, [sp, #8]
  400dca:	f000 facb 	bl	401364 <__aeabi_dmul>
  400dce:	4602      	mov	r2, r0
  400dd0:	460b      	mov	r3, r1
  400dd2:	4620      	mov	r0, r4
  400dd4:	4629      	mov	r1, r5
  400dd6:	f000 f90d 	bl	400ff4 <__aeabi_dsub>
  400dda:	4602      	mov	r2, r0
  400ddc:	460b      	mov	r3, r1
  400dde:	4650      	mov	r0, sl
  400de0:	4659      	mov	r1, fp
  400de2:	f000 f907 	bl	400ff4 <__aeabi_dsub>
  400de6:	b007      	add	sp, #28
  400de8:	e8bd 8ff0 	ldmia.w	sp!, {r4, r5, r6, r7, r8, r9, sl, fp, pc}
  400dec:	2200      	movs	r2, #0
  400dee:	2300      	movs	r3, #0
  400df0:	495f      	ldr	r1, [pc, #380]	; (400f70 <__ieee754_log+0x390>)
  400df2:	2000      	movs	r0, #0
  400df4:	f000 fbe0 	bl	4015b8 <__aeabi_ddiv>
  400df8:	b007      	add	sp, #28
  400dfa:	e8bd 8ff0 	ldmia.w	sp!, {r4, r5, r6, r7, r8, r9, sl, fp, pc}
  400dfe:	a356      	add	r3, pc, #344	; (adr r3, 400f58 <__ieee754_log+0x378>)
  400e00:	e9d3 2300 	ldrd	r2, r3, [r3]
  400e04:	4650      	mov	r0, sl
  400e06:	4659      	mov	r1, fp
  400e08:	f000 faac 	bl	401364 <__aeabi_dmul>
  400e0c:	4602      	mov	r2, r0
  400e0e:	460b      	mov	r3, r1
  400e10:	2000      	movs	r0, #0
  400e12:	4956      	ldr	r1, [pc, #344]	; (400f6c <__ieee754_log+0x38c>)
  400e14:	f000 f8ee 	bl	400ff4 <__aeabi_dsub>
  400e18:	4652      	mov	r2, sl
  400e1a:	4604      	mov	r4, r0
  400e1c:	460d      	mov	r5, r1
  400e1e:	465b      	mov	r3, fp
  400e20:	4650      	mov	r0, sl
  400e22:	4659      	mov	r1, fp
  400e24:	f000 fa9e 	bl	401364 <__aeabi_dmul>
  400e28:	4602      	mov	r2, r0
  400e2a:	460b      	mov	r3, r1
  400e2c:	4620      	mov	r0, r4
  400e2e:	4629      	mov	r1, r5
  400e30:	f000 fa98 	bl	401364 <__aeabi_dmul>
  400e34:	4604      	mov	r4, r0
  400e36:	460d      	mov	r5, r1
  400e38:	2e00      	cmp	r6, #0
  400e3a:	d150      	bne.n	400ede <__ieee754_log+0x2fe>
  400e3c:	4602      	mov	r2, r0
  400e3e:	460b      	mov	r3, r1
  400e40:	4650      	mov	r0, sl
  400e42:	4659      	mov	r1, fp
  400e44:	f000 f8d6 	bl	400ff4 <__aeabi_dsub>
  400e48:	e735      	b.n	400cb6 <__ieee754_log+0xd6>
  400e4a:	2e00      	cmp	r6, #0
  400e4c:	f040 8092 	bne.w	400f74 <__ieee754_log+0x394>
  400e50:	4602      	mov	r2, r0
  400e52:	460b      	mov	r3, r1
  400e54:	4650      	mov	r0, sl
  400e56:	4659      	mov	r1, fp
  400e58:	f000 f8cc 	bl	400ff4 <__aeabi_dsub>
  400e5c:	e9dd 2302 	ldrd	r2, r3, [sp, #8]
  400e60:	f000 fa80 	bl	401364 <__aeabi_dmul>
  400e64:	e7b9      	b.n	400dda <__ieee754_log+0x1fa>
  400e66:	f000 f8c5 	bl	400ff4 <__aeabi_dsub>
  400e6a:	2200      	movs	r2, #0
  400e6c:	2300      	movs	r3, #0
  400e6e:	f000 fba3 	bl	4015b8 <__aeabi_ddiv>
  400e72:	e720      	b.n	400cb6 <__ieee754_log+0xd6>
  400e74:	a326      	add	r3, pc, #152	; (adr r3, 400f10 <__ieee754_log+0x330>)
  400e76:	e9d3 2300 	ldrd	r2, r3, [r3]
  400e7a:	e9dd 0104 	ldrd	r0, r1, [sp, #16]
  400e7e:	f000 fa71 	bl	401364 <__aeabi_dmul>
  400e82:	4622      	mov	r2, r4
  400e84:	462b      	mov	r3, r5
  400e86:	4606      	mov	r6, r0
  400e88:	460f      	mov	r7, r1
  400e8a:	4640      	mov	r0, r8
  400e8c:	4649      	mov	r1, r9
  400e8e:	f000 f8b3 	bl	400ff8 <__adddf3>
  400e92:	e9dd 2302 	ldrd	r2, r3, [sp, #8]
  400e96:	f000 fa65 	bl	401364 <__aeabi_dmul>
  400e9a:	a31f      	add	r3, pc, #124	; (adr r3, 400f18 <__ieee754_log+0x338>)
  400e9c:	e9d3 2300 	ldrd	r2, r3, [r3]
  400ea0:	4680      	mov	r8, r0
  400ea2:	4689      	mov	r9, r1
  400ea4:	e9dd 0104 	ldrd	r0, r1, [sp, #16]
  400ea8:	f000 fa5c 	bl	401364 <__aeabi_dmul>
  400eac:	4602      	mov	r2, r0
  400eae:	460b      	mov	r3, r1
  400eb0:	4640      	mov	r0, r8
  400eb2:	4649      	mov	r1, r9
  400eb4:	f000 f8a0 	bl	400ff8 <__adddf3>
  400eb8:	4602      	mov	r2, r0
  400eba:	460b      	mov	r3, r1
  400ebc:	4620      	mov	r0, r4
  400ebe:	4629      	mov	r1, r5
  400ec0:	f000 f898 	bl	400ff4 <__aeabi_dsub>
  400ec4:	4652      	mov	r2, sl
  400ec6:	465b      	mov	r3, fp
  400ec8:	f000 f894 	bl	400ff4 <__aeabi_dsub>
  400ecc:	4602      	mov	r2, r0
  400ece:	460b      	mov	r3, r1
  400ed0:	4630      	mov	r0, r6
  400ed2:	4639      	mov	r1, r7
  400ed4:	f000 f88e 	bl	400ff4 <__aeabi_dsub>
  400ed8:	b007      	add	sp, #28
  400eda:	e8bd 8ff0 	ldmia.w	sp!, {r4, r5, r6, r7, r8, r9, sl, fp, pc}
  400ede:	4630      	mov	r0, r6
  400ee0:	f000 f9d6 	bl	401290 <__aeabi_i2d>
  400ee4:	a30a      	add	r3, pc, #40	; (adr r3, 400f10 <__ieee754_log+0x330>)
  400ee6:	e9d3 2300 	ldrd	r2, r3, [r3]
  400eea:	4680      	mov	r8, r0
  400eec:	4689      	mov	r9, r1
  400eee:	f000 fa39 	bl	401364 <__aeabi_dmul>
  400ef2:	a309      	add	r3, pc, #36	; (adr r3, 400f18 <__ieee754_log+0x338>)
  400ef4:	e9d3 2300 	ldrd	r2, r3, [r3]
  400ef8:	4606      	mov	r6, r0
  400efa:	460f      	mov	r7, r1
  400efc:	4640      	mov	r0, r8
  400efe:	4649      	mov	r1, r9
  400f00:	f000 fa30 	bl	401364 <__aeabi_dmul>
  400f04:	e7d8      	b.n	400eb8 <__ieee754_log+0x2d8>
  400f06:	2000      	movs	r0, #0
  400f08:	2100      	movs	r1, #0
  400f0a:	e6d4      	b.n	400cb6 <__ieee754_log+0xd6>
  400f0c:	f3af 8000 	nop.w
  400f10:	fee00000 	.word	0xfee00000
  400f14:	3fe62e42 	.word	0x3fe62e42
  400f18:	35793c76 	.word	0x35793c76
  400f1c:	3dea39ef 	.word	0x3dea39ef
  400f20:	df3e5244 	.word	0xdf3e5244
  400f24:	3fc2f112 	.word	0x3fc2f112
  400f28:	96cb03de 	.word	0x96cb03de
  400f2c:	3fc74664 	.word	0x3fc74664
  400f30:	94229359 	.word	0x94229359
  400f34:	3fd24924 	.word	0x3fd24924
  400f38:	55555593 	.word	0x55555593
  400f3c:	3fe55555 	.word	0x3fe55555
  400f40:	d078c69f 	.word	0xd078c69f
  400f44:	3fc39a09 	.word	0x3fc39a09
  400f48:	1d8e78af 	.word	0x1d8e78af
  400f4c:	3fcc71c5 	.word	0x3fcc71c5
  400f50:	9997fa04 	.word	0x9997fa04
  400f54:	3fd99999 	.word	0x3fd99999
  400f58:	55555555 	.word	0x55555555
  400f5c:	3fd55555 	.word	0x3fd55555
  400f60:	43500000 	.word	0x43500000
  400f64:	7fefffff 	.word	0x7fefffff
  400f68:	3ff00000 	.word	0x3ff00000
  400f6c:	3fe00000 	.word	0x3fe00000
  400f70:	c3500000 	.word	0xc3500000
  400f74:	a316      	add	r3, pc, #88	; (adr r3, 400fd0 <__ieee754_log+0x3f0>)
  400f76:	e9d3 2300 	ldrd	r2, r3, [r3]
  400f7a:	e9dd 0104 	ldrd	r0, r1, [sp, #16]
  400f7e:	f000 f9f1 	bl	401364 <__aeabi_dmul>
  400f82:	4642      	mov	r2, r8
  400f84:	464b      	mov	r3, r9
  400f86:	4604      	mov	r4, r0
  400f88:	460d      	mov	r5, r1
  400f8a:	4650      	mov	r0, sl
  400f8c:	4659      	mov	r1, fp
  400f8e:	f000 f831 	bl	400ff4 <__aeabi_dsub>
  400f92:	e9dd 2302 	ldrd	r2, r3, [sp, #8]
  400f96:	f000 f9e5 	bl	401364 <__aeabi_dmul>
  400f9a:	a30f      	add	r3, pc, #60	; (adr r3, 400fd8 <__ieee754_log+0x3f8>)
  400f9c:	e9d3 2300 	ldrd	r2, r3, [r3]
  400fa0:	4606      	mov	r6, r0
  400fa2:	460f      	mov	r7, r1
  400fa4:	e9dd 0104 	ldrd	r0, r1, [sp, #16]
  400fa8:	f000 f9dc 	bl	401364 <__aeabi_dmul>
  400fac:	4602      	mov	r2, r0
  400fae:	460b      	mov	r3, r1
  400fb0:	4630      	mov	r0, r6
  400fb2:	4639      	mov	r1, r7
  400fb4:	f000 f81e 	bl	400ff4 <__aeabi_dsub>
  400fb8:	4652      	mov	r2, sl
  400fba:	465b      	mov	r3, fp
  400fbc:	f000 f81a 	bl	400ff4 <__aeabi_dsub>
  400fc0:	4602      	mov	r2, r0
  400fc2:	460b      	mov	r3, r1
  400fc4:	4620      	mov	r0, r4
  400fc6:	4629      	mov	r1, r5
  400fc8:	f000 f814 	bl	400ff4 <__aeabi_dsub>
  400fcc:	e673      	b.n	400cb6 <__ieee754_log+0xd6>
  400fce:	bf00      	nop
  400fd0:	fee00000 	.word	0xfee00000
  400fd4:	3fe62e42 	.word	0x3fe62e42
  400fd8:	35793c76 	.word	0x35793c76
  400fdc:	3dea39ef 	.word	0x3dea39ef

00400fe0 <nan>:
  400fe0:	4901      	ldr	r1, [pc, #4]	; (400fe8 <nan+0x8>)
  400fe2:	2000      	movs	r0, #0
  400fe4:	4770      	bx	lr
  400fe6:	bf00      	nop
  400fe8:	7ff80000 	.word	0x7ff80000

00400fec <__aeabi_drsub>:
  400fec:	f081 4100 	eor.w	r1, r1, #2147483648	; 0x80000000
  400ff0:	e002      	b.n	400ff8 <__adddf3>
  400ff2:	bf00      	nop

00400ff4 <__aeabi_dsub>:
  400ff4:	f083 4300 	eor.w	r3, r3, #2147483648	; 0x80000000

00400ff8 <__adddf3>:
  400ff8:	b530      	push	{r4, r5, lr}
  400ffa:	ea4f 0441 	mov.w	r4, r1, lsl #1
  400ffe:	ea4f 0543 	mov.w	r5, r3, lsl #1
  401002:	ea94 0f05 	teq	r4, r5
  401006:	bf08      	it	eq
  401008:	ea90 0f02 	teqeq	r0, r2
  40100c:	bf1f      	itttt	ne
  40100e:	ea54 0c00 	orrsne.w	ip, r4, r0
  401012:	ea55 0c02 	orrsne.w	ip, r5, r2
  401016:	ea7f 5c64 	mvnsne.w	ip, r4, asr #21
  40101a:	ea7f 5c65 	mvnsne.w	ip, r5, asr #21
  40101e:	f000 80e2 	beq.w	4011e6 <__adddf3+0x1ee>
  401022:	ea4f 5454 	mov.w	r4, r4, lsr #21
  401026:	ebd4 5555 	rsbs	r5, r4, r5, lsr #21
  40102a:	bfb8      	it	lt
  40102c:	426d      	neglt	r5, r5
  40102e:	dd0c      	ble.n	40104a <__adddf3+0x52>
  401030:	442c      	add	r4, r5
  401032:	ea80 0202 	eor.w	r2, r0, r2
  401036:	ea81 0303 	eor.w	r3, r1, r3
  40103a:	ea82 0000 	eor.w	r0, r2, r0
  40103e:	ea83 0101 	eor.w	r1, r3, r1
  401042:	ea80 0202 	eor.w	r2, r0, r2
  401046:	ea81 0303 	eor.w	r3, r1, r3
  40104a:	2d36      	cmp	r5, #54	; 0x36
  40104c:	bf88      	it	hi
  40104e:	bd30      	pophi	{r4, r5, pc}
  401050:	f011 4f00 	tst.w	r1, #2147483648	; 0x80000000
  401054:	ea4f 3101 	mov.w	r1, r1, lsl #12
  401058:	f44f 1c80 	mov.w	ip, #1048576	; 0x100000
  40105c:	ea4c 3111 	orr.w	r1, ip, r1, lsr #12
  401060:	d002      	beq.n	401068 <__adddf3+0x70>
  401062:	4240      	negs	r0, r0
  401064:	eb61 0141 	sbc.w	r1, r1, r1, lsl #1
  401068:	f013 4f00 	tst.w	r3, #2147483648	; 0x80000000
  40106c:	ea4f 3303 	mov.w	r3, r3, lsl #12
  401070:	ea4c 3313 	orr.w	r3, ip, r3, lsr #12
  401074:	d002      	beq.n	40107c <__adddf3+0x84>
  401076:	4252      	negs	r2, r2
  401078:	eb63 0343 	sbc.w	r3, r3, r3, lsl #1
  40107c:	ea94 0f05 	teq	r4, r5
  401080:	f000 80a7 	beq.w	4011d2 <__adddf3+0x1da>
  401084:	f1a4 0401 	sub.w	r4, r4, #1
  401088:	f1d5 0e20 	rsbs	lr, r5, #32
  40108c:	db0d      	blt.n	4010aa <__adddf3+0xb2>
  40108e:	fa02 fc0e 	lsl.w	ip, r2, lr
  401092:	fa22 f205 	lsr.w	r2, r2, r5
  401096:	1880      	adds	r0, r0, r2
  401098:	f141 0100 	adc.w	r1, r1, #0
  40109c:	fa03 f20e 	lsl.w	r2, r3, lr
  4010a0:	1880      	adds	r0, r0, r2
  4010a2:	fa43 f305 	asr.w	r3, r3, r5
  4010a6:	4159      	adcs	r1, r3
  4010a8:	e00e      	b.n	4010c8 <__adddf3+0xd0>
  4010aa:	f1a5 0520 	sub.w	r5, r5, #32
  4010ae:	f10e 0e20 	add.w	lr, lr, #32
  4010b2:	2a01      	cmp	r2, #1
  4010b4:	fa03 fc0e 	lsl.w	ip, r3, lr
  4010b8:	bf28      	it	cs
  4010ba:	f04c 0c02 	orrcs.w	ip, ip, #2
  4010be:	fa43 f305 	asr.w	r3, r3, r5
  4010c2:	18c0      	adds	r0, r0, r3
  4010c4:	eb51 71e3 	adcs.w	r1, r1, r3, asr #31
  4010c8:	f001 4500 	and.w	r5, r1, #2147483648	; 0x80000000
  4010cc:	d507      	bpl.n	4010de <__adddf3+0xe6>
  4010ce:	f04f 0e00 	mov.w	lr, #0
  4010d2:	f1dc 0c00 	rsbs	ip, ip, #0
  4010d6:	eb7e 0000 	sbcs.w	r0, lr, r0
  4010da:	eb6e 0101 	sbc.w	r1, lr, r1
  4010de:	f5b1 1f80 	cmp.w	r1, #1048576	; 0x100000
  4010e2:	d31b      	bcc.n	40111c <__adddf3+0x124>
  4010e4:	f5b1 1f00 	cmp.w	r1, #2097152	; 0x200000
  4010e8:	d30c      	bcc.n	401104 <__adddf3+0x10c>
  4010ea:	0849      	lsrs	r1, r1, #1
  4010ec:	ea5f 0030 	movs.w	r0, r0, rrx
  4010f0:	ea4f 0c3c 	mov.w	ip, ip, rrx
  4010f4:	f104 0401 	add.w	r4, r4, #1
  4010f8:	ea4f 5244 	mov.w	r2, r4, lsl #21
  4010fc:	f512 0f80 	cmn.w	r2, #4194304	; 0x400000
  401100:	f080 809a 	bcs.w	401238 <__adddf3+0x240>
  401104:	f1bc 4f00 	cmp.w	ip, #2147483648	; 0x80000000
  401108:	bf08      	it	eq
  40110a:	ea5f 0c50 	movseq.w	ip, r0, lsr #1
  40110e:	f150 0000 	adcs.w	r0, r0, #0
  401112:	eb41 5104 	adc.w	r1, r1, r4, lsl #20
  401116:	ea41 0105 	orr.w	r1, r1, r5
  40111a:	bd30      	pop	{r4, r5, pc}
  40111c:	ea5f 0c4c 	movs.w	ip, ip, lsl #1
  401120:	4140      	adcs	r0, r0
  401122:	eb41 0101 	adc.w	r1, r1, r1
  401126:	3c01      	subs	r4, #1
  401128:	bf28      	it	cs
  40112a:	f5b1 1f80 	cmpcs.w	r1, #1048576	; 0x100000
  40112e:	d2e9      	bcs.n	401104 <__adddf3+0x10c>
  401130:	f091 0f00 	teq	r1, #0
  401134:	bf04      	itt	eq
  401136:	4601      	moveq	r1, r0
  401138:	2000      	moveq	r0, #0
  40113a:	fab1 f381 	clz	r3, r1
  40113e:	bf08      	it	eq
  401140:	3320      	addeq	r3, #32
  401142:	f1a3 030b 	sub.w	r3, r3, #11
  401146:	f1b3 0220 	subs.w	r2, r3, #32
  40114a:	da0c      	bge.n	401166 <__adddf3+0x16e>
  40114c:	320c      	adds	r2, #12
  40114e:	dd08      	ble.n	401162 <__adddf3+0x16a>
  401150:	f102 0c14 	add.w	ip, r2, #20
  401154:	f1c2 020c 	rsb	r2, r2, #12
  401158:	fa01 f00c 	lsl.w	r0, r1, ip
  40115c:	fa21 f102 	lsr.w	r1, r1, r2
  401160:	e00c      	b.n	40117c <__adddf3+0x184>
  401162:	f102 0214 	add.w	r2, r2, #20
  401166:	bfd8      	it	le
  401168:	f1c2 0c20 	rsble	ip, r2, #32
  40116c:	fa01 f102 	lsl.w	r1, r1, r2
  401170:	fa20 fc0c 	lsr.w	ip, r0, ip
  401174:	bfdc      	itt	le
  401176:	ea41 010c 	orrle.w	r1, r1, ip
  40117a:	4090      	lslle	r0, r2
  40117c:	1ae4      	subs	r4, r4, r3
  40117e:	bfa2      	ittt	ge
  401180:	eb01 5104 	addge.w	r1, r1, r4, lsl #20
  401184:	4329      	orrge	r1, r5
  401186:	bd30      	popge	{r4, r5, pc}
  401188:	ea6f 0404 	mvn.w	r4, r4
  40118c:	3c1f      	subs	r4, #31
  40118e:	da1c      	bge.n	4011ca <__adddf3+0x1d2>
  401190:	340c      	adds	r4, #12
  401192:	dc0e      	bgt.n	4011b2 <__adddf3+0x1ba>
  401194:	f104 0414 	add.w	r4, r4, #20
  401198:	f1c4 0220 	rsb	r2, r4, #32
  40119c:	fa20 f004 	lsr.w	r0, r0, r4
  4011a0:	fa01 f302 	lsl.w	r3, r1, r2
  4011a4:	ea40 0003 	orr.w	r0, r0, r3
  4011a8:	fa21 f304 	lsr.w	r3, r1, r4
  4011ac:	ea45 0103 	orr.w	r1, r5, r3
  4011b0:	bd30      	pop	{r4, r5, pc}
  4011b2:	f1c4 040c 	rsb	r4, r4, #12
  4011b6:	f1c4 0220 	rsb	r2, r4, #32
  4011ba:	fa20 f002 	lsr.w	r0, r0, r2
  4011be:	fa01 f304 	lsl.w	r3, r1, r4
  4011c2:	ea40 0003 	orr.w	r0, r0, r3
  4011c6:	4629      	mov	r1, r5
  4011c8:	bd30      	pop	{r4, r5, pc}
  4011ca:	fa21 f004 	lsr.w	r0, r1, r4
  4011ce:	4629      	mov	r1, r5
  4011d0:	bd30      	pop	{r4, r5, pc}
  4011d2:	f094 0f00 	teq	r4, #0
  4011d6:	f483 1380 	eor.w	r3, r3, #1048576	; 0x100000
  4011da:	bf06      	itte	eq
  4011dc:	f481 1180 	eoreq.w	r1, r1, #1048576	; 0x100000
  4011e0:	3401      	addeq	r4, #1
  4011e2:	3d01      	subne	r5, #1
  4011e4:	e74e      	b.n	401084 <__adddf3+0x8c>
  4011e6:	ea7f 5c64 	mvns.w	ip, r4, asr #21
  4011ea:	bf18      	it	ne
  4011ec:	ea7f 5c65 	mvnsne.w	ip, r5, asr #21
  4011f0:	d029      	beq.n	401246 <__adddf3+0x24e>
  4011f2:	ea94 0f05 	teq	r4, r5
  4011f6:	bf08      	it	eq
  4011f8:	ea90 0f02 	teqeq	r0, r2
  4011fc:	d005      	beq.n	40120a <__adddf3+0x212>
  4011fe:	ea54 0c00 	orrs.w	ip, r4, r0
  401202:	bf04      	itt	eq
  401204:	4619      	moveq	r1, r3
  401206:	4610      	moveq	r0, r2
  401208:	bd30      	pop	{r4, r5, pc}
  40120a:	ea91 0f03 	teq	r1, r3
  40120e:	bf1e      	ittt	ne
  401210:	2100      	movne	r1, #0
  401212:	2000      	movne	r0, #0
  401214:	bd30      	popne	{r4, r5, pc}
  401216:	ea5f 5c54 	movs.w	ip, r4, lsr #21
  40121a:	d105      	bne.n	401228 <__adddf3+0x230>
  40121c:	0040      	lsls	r0, r0, #1
  40121e:	4149      	adcs	r1, r1
  401220:	bf28      	it	cs
  401222:	f041 4100 	orrcs.w	r1, r1, #2147483648	; 0x80000000
  401226:	bd30      	pop	{r4, r5, pc}
  401228:	f514 0480 	adds.w	r4, r4, #4194304	; 0x400000
  40122c:	bf3c      	itt	cc
  40122e:	f501 1180 	addcc.w	r1, r1, #1048576	; 0x100000
  401232:	bd30      	popcc	{r4, r5, pc}
  401234:	f001 4500 	and.w	r5, r1, #2147483648	; 0x80000000
  401238:	f045 41fe 	orr.w	r1, r5, #2130706432	; 0x7f000000
  40123c:	f441 0170 	orr.w	r1, r1, #15728640	; 0xf00000
  401240:	f04f 0000 	mov.w	r0, #0
  401244:	bd30      	pop	{r4, r5, pc}
  401246:	ea7f 5c64 	mvns.w	ip, r4, asr #21
  40124a:	bf1a      	itte	ne
  40124c:	4619      	movne	r1, r3
  40124e:	4610      	movne	r0, r2
  401250:	ea7f 5c65 	mvnseq.w	ip, r5, asr #21
  401254:	bf1c      	itt	ne
  401256:	460b      	movne	r3, r1
  401258:	4602      	movne	r2, r0
  40125a:	ea50 3401 	orrs.w	r4, r0, r1, lsl #12
  40125e:	bf06      	itte	eq
  401260:	ea52 3503 	orrseq.w	r5, r2, r3, lsl #12
  401264:	ea91 0f03 	teqeq	r1, r3
  401268:	f441 2100 	orrne.w	r1, r1, #524288	; 0x80000
  40126c:	bd30      	pop	{r4, r5, pc}
  40126e:	bf00      	nop

00401270 <__aeabi_ui2d>:
  401270:	f090 0f00 	teq	r0, #0
  401274:	bf04      	itt	eq
  401276:	2100      	moveq	r1, #0
  401278:	4770      	bxeq	lr
  40127a:	b530      	push	{r4, r5, lr}
  40127c:	f44f 6480 	mov.w	r4, #1024	; 0x400
  401280:	f104 0432 	add.w	r4, r4, #50	; 0x32
  401284:	f04f 0500 	mov.w	r5, #0
  401288:	f04f 0100 	mov.w	r1, #0
  40128c:	e750      	b.n	401130 <__adddf3+0x138>
  40128e:	bf00      	nop

00401290 <__aeabi_i2d>:
  401290:	f090 0f00 	teq	r0, #0
  401294:	bf04      	itt	eq
  401296:	2100      	moveq	r1, #0
  401298:	4770      	bxeq	lr
  40129a:	b530      	push	{r4, r5, lr}
  40129c:	f44f 6480 	mov.w	r4, #1024	; 0x400
  4012a0:	f104 0432 	add.w	r4, r4, #50	; 0x32
  4012a4:	f010 4500 	ands.w	r5, r0, #2147483648	; 0x80000000
  4012a8:	bf48      	it	mi
  4012aa:	4240      	negmi	r0, r0
  4012ac:	f04f 0100 	mov.w	r1, #0
  4012b0:	e73e      	b.n	401130 <__adddf3+0x138>
  4012b2:	bf00      	nop

004012b4 <__aeabi_f2d>:
  4012b4:	0042      	lsls	r2, r0, #1
  4012b6:	ea4f 01e2 	mov.w	r1, r2, asr #3
  4012ba:	ea4f 0131 	mov.w	r1, r1, rrx
  4012be:	ea4f 7002 	mov.w	r0, r2, lsl #28
  4012c2:	bf1f      	itttt	ne
  4012c4:	f012 437f 	andsne.w	r3, r2, #4278190080	; 0xff000000
  4012c8:	f093 4f7f 	teqne	r3, #4278190080	; 0xff000000
  4012cc:	f081 5160 	eorne.w	r1, r1, #939524096	; 0x38000000
  4012d0:	4770      	bxne	lr
  4012d2:	f032 427f 	bics.w	r2, r2, #4278190080	; 0xff000000
  4012d6:	bf08      	it	eq
  4012d8:	4770      	bxeq	lr
  4012da:	f093 4f7f 	teq	r3, #4278190080	; 0xff000000
  4012de:	bf04      	itt	eq
  4012e0:	f441 2100 	orreq.w	r1, r1, #524288	; 0x80000
  4012e4:	4770      	bxeq	lr
  4012e6:	b530      	push	{r4, r5, lr}
  4012e8:	f44f 7460 	mov.w	r4, #896	; 0x380
  4012ec:	f001 4500 	and.w	r5, r1, #2147483648	; 0x80000000
  4012f0:	f021 4100 	bic.w	r1, r1, #2147483648	; 0x80000000
  4012f4:	e71c      	b.n	401130 <__adddf3+0x138>
  4012f6:	bf00      	nop

004012f8 <__aeabi_ul2d>:
  4012f8:	ea50 0201 	orrs.w	r2, r0, r1
  4012fc:	bf08      	it	eq
  4012fe:	4770      	bxeq	lr
  401300:	b530      	push	{r4, r5, lr}
  401302:	f04f 0500 	mov.w	r5, #0
  401306:	e00a      	b.n	40131e <__aeabi_l2d+0x16>

00401308 <__aeabi_l2d>:
  401308:	ea50 0201 	orrs.w	r2, r0, r1
  40130c:	bf08      	it	eq
  40130e:	4770      	bxeq	lr
  401310:	b530      	push	{r4, r5, lr}
  401312:	f011 4500 	ands.w	r5, r1, #2147483648	; 0x80000000
  401316:	d502      	bpl.n	40131e <__aeabi_l2d+0x16>
  401318:	4240      	negs	r0, r0
  40131a:	eb61 0141 	sbc.w	r1, r1, r1, lsl #1
  40131e:	f44f 6480 	mov.w	r4, #1024	; 0x400
  401322:	f104 0432 	add.w	r4, r4, #50	; 0x32
  401326:	ea5f 5c91 	movs.w	ip, r1, lsr #22
  40132a:	f43f aed8 	beq.w	4010de <__adddf3+0xe6>
  40132e:	f04f 0203 	mov.w	r2, #3
  401332:	ea5f 0cdc 	movs.w	ip, ip, lsr #3
  401336:	bf18      	it	ne
  401338:	3203      	addne	r2, #3
  40133a:	ea5f 0cdc 	movs.w	ip, ip, lsr #3
  40133e:	bf18      	it	ne
  401340:	3203      	addne	r2, #3
  401342:	eb02 02dc 	add.w	r2, r2, ip, lsr #3
  401346:	f1c2 0320 	rsb	r3, r2, #32
  40134a:	fa00 fc03 	lsl.w	ip, r0, r3
  40134e:	fa20 f002 	lsr.w	r0, r0, r2
  401352:	fa01 fe03 	lsl.w	lr, r1, r3
  401356:	ea40 000e 	orr.w	r0, r0, lr
  40135a:	fa21 f102 	lsr.w	r1, r1, r2
  40135e:	4414      	add	r4, r2
  401360:	e6bd      	b.n	4010de <__adddf3+0xe6>
  401362:	bf00      	nop

00401364 <__aeabi_dmul>:
  401364:	b570      	push	{r4, r5, r6, lr}
  401366:	f04f 0cff 	mov.w	ip, #255	; 0xff
  40136a:	f44c 6ce0 	orr.w	ip, ip, #1792	; 0x700
  40136e:	ea1c 5411 	ands.w	r4, ip, r1, lsr #20
  401372:	bf1d      	ittte	ne
  401374:	ea1c 5513 	andsne.w	r5, ip, r3, lsr #20
  401378:	ea94 0f0c 	teqne	r4, ip
  40137c:	ea95 0f0c 	teqne	r5, ip
  401380:	f000 f8de 	bleq	401540 <__aeabi_dmul+0x1dc>
  401384:	442c      	add	r4, r5
  401386:	ea81 0603 	eor.w	r6, r1, r3
  40138a:	ea21 514c 	bic.w	r1, r1, ip, lsl #21
  40138e:	ea23 534c 	bic.w	r3, r3, ip, lsl #21
  401392:	ea50 3501 	orrs.w	r5, r0, r1, lsl #12
  401396:	bf18      	it	ne
  401398:	ea52 3503 	orrsne.w	r5, r2, r3, lsl #12
  40139c:	f441 1180 	orr.w	r1, r1, #1048576	; 0x100000
  4013a0:	f443 1380 	orr.w	r3, r3, #1048576	; 0x100000
  4013a4:	d038      	beq.n	401418 <__aeabi_dmul+0xb4>
  4013a6:	fba0 ce02 	umull	ip, lr, r0, r2
  4013aa:	f04f 0500 	mov.w	r5, #0
  4013ae:	fbe1 e502 	umlal	lr, r5, r1, r2
  4013b2:	f006 4200 	and.w	r2, r6, #2147483648	; 0x80000000
  4013b6:	fbe0 e503 	umlal	lr, r5, r0, r3
  4013ba:	f04f 0600 	mov.w	r6, #0
  4013be:	fbe1 5603 	umlal	r5, r6, r1, r3
  4013c2:	f09c 0f00 	teq	ip, #0
  4013c6:	bf18      	it	ne
  4013c8:	f04e 0e01 	orrne.w	lr, lr, #1
  4013cc:	f1a4 04ff 	sub.w	r4, r4, #255	; 0xff
  4013d0:	f5b6 7f00 	cmp.w	r6, #512	; 0x200
  4013d4:	f564 7440 	sbc.w	r4, r4, #768	; 0x300
  4013d8:	d204      	bcs.n	4013e4 <__aeabi_dmul+0x80>
  4013da:	ea5f 0e4e 	movs.w	lr, lr, lsl #1
  4013de:	416d      	adcs	r5, r5
  4013e0:	eb46 0606 	adc.w	r6, r6, r6
  4013e4:	ea42 21c6 	orr.w	r1, r2, r6, lsl #11
  4013e8:	ea41 5155 	orr.w	r1, r1, r5, lsr #21
  4013ec:	ea4f 20c5 	mov.w	r0, r5, lsl #11
  4013f0:	ea40 505e 	orr.w	r0, r0, lr, lsr #21
  4013f4:	ea4f 2ece 	mov.w	lr, lr, lsl #11
  4013f8:	f1b4 0cfd 	subs.w	ip, r4, #253	; 0xfd
  4013fc:	bf88      	it	hi
  4013fe:	f5bc 6fe0 	cmphi.w	ip, #1792	; 0x700
  401402:	d81e      	bhi.n	401442 <__aeabi_dmul+0xde>
  401404:	f1be 4f00 	cmp.w	lr, #2147483648	; 0x80000000
  401408:	bf08      	it	eq
  40140a:	ea5f 0e50 	movseq.w	lr, r0, lsr #1
  40140e:	f150 0000 	adcs.w	r0, r0, #0
  401412:	eb41 5104 	adc.w	r1, r1, r4, lsl #20
  401416:	bd70      	pop	{r4, r5, r6, pc}
  401418:	f006 4600 	and.w	r6, r6, #2147483648	; 0x80000000
  40141c:	ea46 0101 	orr.w	r1, r6, r1
  401420:	ea40 0002 	orr.w	r0, r0, r2
  401424:	ea81 0103 	eor.w	r1, r1, r3
  401428:	ebb4 045c 	subs.w	r4, r4, ip, lsr #1
  40142c:	bfc2      	ittt	gt
  40142e:	ebd4 050c 	rsbsgt	r5, r4, ip
  401432:	ea41 5104 	orrgt.w	r1, r1, r4, lsl #20
  401436:	bd70      	popgt	{r4, r5, r6, pc}
  401438:	f441 1180 	orr.w	r1, r1, #1048576	; 0x100000
  40143c:	f04f 0e00 	mov.w	lr, #0
  401440:	3c01      	subs	r4, #1
  401442:	f300 80ab 	bgt.w	40159c <__aeabi_dmul+0x238>
  401446:	f114 0f36 	cmn.w	r4, #54	; 0x36
  40144a:	bfde      	ittt	le
  40144c:	2000      	movle	r0, #0
  40144e:	f001 4100 	andle.w	r1, r1, #2147483648	; 0x80000000
  401452:	bd70      	pople	{r4, r5, r6, pc}
  401454:	f1c4 0400 	rsb	r4, r4, #0
  401458:	3c20      	subs	r4, #32
  40145a:	da35      	bge.n	4014c8 <__aeabi_dmul+0x164>
  40145c:	340c      	adds	r4, #12
  40145e:	dc1b      	bgt.n	401498 <__aeabi_dmul+0x134>
  401460:	f104 0414 	add.w	r4, r4, #20
  401464:	f1c4 0520 	rsb	r5, r4, #32
  401468:	fa00 f305 	lsl.w	r3, r0, r5
  40146c:	fa20 f004 	lsr.w	r0, r0, r4
  401470:	fa01 f205 	lsl.w	r2, r1, r5
  401474:	ea40 0002 	orr.w	r0, r0, r2
  401478:	f001 4200 	and.w	r2, r1, #2147483648	; 0x80000000
  40147c:	f021 4100 	bic.w	r1, r1, #2147483648	; 0x80000000
  401480:	eb10 70d3 	adds.w	r0, r0, r3, lsr #31
  401484:	fa21 f604 	lsr.w	r6, r1, r4
  401488:	eb42 0106 	adc.w	r1, r2, r6
  40148c:	ea5e 0e43 	orrs.w	lr, lr, r3, lsl #1
  401490:	bf08      	it	eq
  401492:	ea20 70d3 	biceq.w	r0, r0, r3, lsr #31
  401496:	bd70      	pop	{r4, r5, r6, pc}
  401498:	f1c4 040c 	rsb	r4, r4, #12
  40149c:	f1c4 0520 	rsb	r5, r4, #32
  4014a0:	fa00 f304 	lsl.w	r3, r0, r4
  4014a4:	fa20 f005 	lsr.w	r0, r0, r5
  4014a8:	fa01 f204 	lsl.w	r2, r1, r4
  4014ac:	ea40 0002 	orr.w	r0, r0, r2
  4014b0:	f001 4100 	and.w	r1, r1, #2147483648	; 0x80000000
  4014b4:	eb10 70d3 	adds.w	r0, r0, r3, lsr #31
  4014b8:	f141 0100 	adc.w	r1, r1, #0
  4014bc:	ea5e 0e43 	orrs.w	lr, lr, r3, lsl #1
  4014c0:	bf08      	it	eq
  4014c2:	ea20 70d3 	biceq.w	r0, r0, r3, lsr #31
  4014c6:	bd70      	pop	{r4, r5, r6, pc}
  4014c8:	f1c4 0520 	rsb	r5, r4, #32
  4014cc:	fa00 f205 	lsl.w	r2, r0, r5
  4014d0:	ea4e 0e02 	orr.w	lr, lr, r2
  4014d4:	fa20 f304 	lsr.w	r3, r0, r4
  4014d8:	fa01 f205 	lsl.w	r2, r1, r5
  4014dc:	ea43 0302 	orr.w	r3, r3, r2
  4014e0:	fa21 f004 	lsr.w	r0, r1, r4
  4014e4:	f001 4100 	and.w	r1, r1, #2147483648	; 0x80000000
  4014e8:	fa21 f204 	lsr.w	r2, r1, r4
  4014ec:	ea20 0002 	bic.w	r0, r0, r2
  4014f0:	eb00 70d3 	add.w	r0, r0, r3, lsr #31
  4014f4:	ea5e 0e43 	orrs.w	lr, lr, r3, lsl #1
  4014f8:	bf08      	it	eq
  4014fa:	ea20 70d3 	biceq.w	r0, r0, r3, lsr #31
  4014fe:	bd70      	pop	{r4, r5, r6, pc}
  401500:	f094 0f00 	teq	r4, #0
  401504:	d10f      	bne.n	401526 <__aeabi_dmul+0x1c2>
  401506:	f001 4600 	and.w	r6, r1, #2147483648	; 0x80000000
  40150a:	0040      	lsls	r0, r0, #1
  40150c:	eb41 0101 	adc.w	r1, r1, r1
  401510:	f411 1f80 	tst.w	r1, #1048576	; 0x100000
  401514:	bf08      	it	eq
  401516:	3c01      	subeq	r4, #1
  401518:	d0f7      	beq.n	40150a <__aeabi_dmul+0x1a6>
  40151a:	ea41 0106 	orr.w	r1, r1, r6
  40151e:	f095 0f00 	teq	r5, #0
  401522:	bf18      	it	ne
  401524:	4770      	bxne	lr
  401526:	f003 4600 	and.w	r6, r3, #2147483648	; 0x80000000
  40152a:	0052      	lsls	r2, r2, #1
  40152c:	eb43 0303 	adc.w	r3, r3, r3
  401530:	f413 1f80 	tst.w	r3, #1048576	; 0x100000
  401534:	bf08      	it	eq
  401536:	3d01      	subeq	r5, #1
  401538:	d0f7      	beq.n	40152a <__aeabi_dmul+0x1c6>
  40153a:	ea43 0306 	orr.w	r3, r3, r6
  40153e:	4770      	bx	lr
  401540:	ea94 0f0c 	teq	r4, ip
  401544:	ea0c 5513 	and.w	r5, ip, r3, lsr #20
  401548:	bf18      	it	ne
  40154a:	ea95 0f0c 	teqne	r5, ip
  40154e:	d00c      	beq.n	40156a <__aeabi_dmul+0x206>
  401550:	ea50 0641 	orrs.w	r6, r0, r1, lsl #1
  401554:	bf18      	it	ne
  401556:	ea52 0643 	orrsne.w	r6, r2, r3, lsl #1
  40155a:	d1d1      	bne.n	401500 <__aeabi_dmul+0x19c>
  40155c:	ea81 0103 	eor.w	r1, r1, r3
  401560:	f001 4100 	and.w	r1, r1, #2147483648	; 0x80000000
  401564:	f04f 0000 	mov.w	r0, #0
  401568:	bd70      	pop	{r4, r5, r6, pc}
  40156a:	ea50 0641 	orrs.w	r6, r0, r1, lsl #1
  40156e:	bf06      	itte	eq
  401570:	4610      	moveq	r0, r2
  401572:	4619      	moveq	r1, r3
  401574:	ea52 0643 	orrsne.w	r6, r2, r3, lsl #1
  401578:	d019      	beq.n	4015ae <__aeabi_dmul+0x24a>
  40157a:	ea94 0f0c 	teq	r4, ip
  40157e:	d102      	bne.n	401586 <__aeabi_dmul+0x222>
  401580:	ea50 3601 	orrs.w	r6, r0, r1, lsl #12
  401584:	d113      	bne.n	4015ae <__aeabi_dmul+0x24a>
  401586:	ea95 0f0c 	teq	r5, ip
  40158a:	d105      	bne.n	401598 <__aeabi_dmul+0x234>
  40158c:	ea52 3603 	orrs.w	r6, r2, r3, lsl #12
  401590:	bf1c      	itt	ne
  401592:	4610      	movne	r0, r2
  401594:	4619      	movne	r1, r3
  401596:	d10a      	bne.n	4015ae <__aeabi_dmul+0x24a>
  401598:	ea81 0103 	eor.w	r1, r1, r3
  40159c:	f001 4100 	and.w	r1, r1, #2147483648	; 0x80000000
  4015a0:	f041 41fe 	orr.w	r1, r1, #2130706432	; 0x7f000000
  4015a4:	f441 0170 	orr.w	r1, r1, #15728640	; 0xf00000
  4015a8:	f04f 0000 	mov.w	r0, #0
  4015ac:	bd70      	pop	{r4, r5, r6, pc}
  4015ae:	f041 41fe 	orr.w	r1, r1, #2130706432	; 0x7f000000
  4015b2:	f441 0178 	orr.w	r1, r1, #16252928	; 0xf80000
  4015b6:	bd70      	pop	{r4, r5, r6, pc}

004015b8 <__aeabi_ddiv>:
  4015b8:	b570      	push	{r4, r5, r6, lr}
  4015ba:	f04f 0cff 	mov.w	ip, #255	; 0xff
  4015be:	f44c 6ce0 	orr.w	ip, ip, #1792	; 0x700
  4015c2:	ea1c 5411 	ands.w	r4, ip, r1, lsr #20
  4015c6:	bf1d      	ittte	ne
  4015c8:	ea1c 5513 	andsne.w	r5, ip, r3, lsr #20
  4015cc:	ea94 0f0c 	teqne	r4, ip
  4015d0:	ea95 0f0c 	teqne	r5, ip
  4015d4:	f000 f8a7 	bleq	401726 <__aeabi_ddiv+0x16e>
  4015d8:	eba4 0405 	sub.w	r4, r4, r5
  4015dc:	ea81 0e03 	eor.w	lr, r1, r3
  4015e0:	ea52 3503 	orrs.w	r5, r2, r3, lsl #12
  4015e4:	ea4f 3101 	mov.w	r1, r1, lsl #12
  4015e8:	f000 8088 	beq.w	4016fc <__aeabi_ddiv+0x144>
  4015ec:	ea4f 3303 	mov.w	r3, r3, lsl #12
  4015f0:	f04f 5580 	mov.w	r5, #268435456	; 0x10000000
  4015f4:	ea45 1313 	orr.w	r3, r5, r3, lsr #4
  4015f8:	ea43 6312 	orr.w	r3, r3, r2, lsr #24
  4015fc:	ea4f 2202 	mov.w	r2, r2, lsl #8
  401600:	ea45 1511 	orr.w	r5, r5, r1, lsr #4
  401604:	ea45 6510 	orr.w	r5, r5, r0, lsr #24
  401608:	ea4f 2600 	mov.w	r6, r0, lsl #8
  40160c:	f00e 4100 	and.w	r1, lr, #2147483648	; 0x80000000
  401610:	429d      	cmp	r5, r3
  401612:	bf08      	it	eq
  401614:	4296      	cmpeq	r6, r2
  401616:	f144 04fd 	adc.w	r4, r4, #253	; 0xfd
  40161a:	f504 7440 	add.w	r4, r4, #768	; 0x300
  40161e:	d202      	bcs.n	401626 <__aeabi_ddiv+0x6e>
  401620:	085b      	lsrs	r3, r3, #1
  401622:	ea4f 0232 	mov.w	r2, r2, rrx
  401626:	1ab6      	subs	r6, r6, r2
  401628:	eb65 0503 	sbc.w	r5, r5, r3
  40162c:	085b      	lsrs	r3, r3, #1
  40162e:	ea4f 0232 	mov.w	r2, r2, rrx
  401632:	f44f 1080 	mov.w	r0, #1048576	; 0x100000
  401636:	f44f 2c00 	mov.w	ip, #524288	; 0x80000
  40163a:	ebb6 0e02 	subs.w	lr, r6, r2
  40163e:	eb75 0e03 	sbcs.w	lr, r5, r3
  401642:	bf22      	ittt	cs
  401644:	1ab6      	subcs	r6, r6, r2
  401646:	4675      	movcs	r5, lr
  401648:	ea40 000c 	orrcs.w	r0, r0, ip
  40164c:	085b      	lsrs	r3, r3, #1
  40164e:	ea4f 0232 	mov.w	r2, r2, rrx
  401652:	ebb6 0e02 	subs.w	lr, r6, r2
  401656:	eb75 0e03 	sbcs.w	lr, r5, r3
  40165a:	bf22      	ittt	cs
  40165c:	1ab6      	subcs	r6, r6, r2
  40165e:	4675      	movcs	r5, lr
  401660:	ea40 005c 	orrcs.w	r0, r0, ip, lsr #1
  401664:	085b      	lsrs	r3, r3, #1
  401666:	ea4f 0232 	mov.w	r2, r2, rrx
  40166a:	ebb6 0e02 	subs.w	lr, r6, r2
  40166e:	eb75 0e03 	sbcs.w	lr, r5, r3
  401672:	bf22      	ittt	cs
  401674:	1ab6      	subcs	r6, r6, r2
  401676:	4675      	movcs	r5, lr
  401678:	ea40 009c 	orrcs.w	r0, r0, ip, lsr #2
  40167c:	085b      	lsrs	r3, r3, #1
  40167e:	ea4f 0232 	mov.w	r2, r2, rrx
  401682:	ebb6 0e02 	subs.w	lr, r6, r2
  401686:	eb75 0e03 	sbcs.w	lr, r5, r3
  40168a:	bf22      	ittt	cs
  40168c:	1ab6      	subcs	r6, r6, r2
  40168e:	4675      	movcs	r5, lr
  401690:	ea40 00dc 	orrcs.w	r0, r0, ip, lsr #3
  401694:	ea55 0e06 	orrs.w	lr, r5, r6
  401698:	d018      	beq.n	4016cc <__aeabi_ddiv+0x114>
  40169a:	ea4f 1505 	mov.w	r5, r5, lsl #4
  40169e:	ea45 7516 	orr.w	r5, r5, r6, lsr #28
  4016a2:	ea4f 1606 	mov.w	r6, r6, lsl #4
  4016a6:	ea4f 03c3 	mov.w	r3, r3, lsl #3
  4016aa:	ea43 7352 	orr.w	r3, r3, r2, lsr #29
  4016ae:	ea4f 02c2 	mov.w	r2, r2, lsl #3
  4016b2:	ea5f 1c1c 	movs.w	ip, ip, lsr #4
  4016b6:	d1c0      	bne.n	40163a <__aeabi_ddiv+0x82>
  4016b8:	f411 1f80 	tst.w	r1, #1048576	; 0x100000
  4016bc:	d10b      	bne.n	4016d6 <__aeabi_ddiv+0x11e>
  4016be:	ea41 0100 	orr.w	r1, r1, r0
  4016c2:	f04f 0000 	mov.w	r0, #0
  4016c6:	f04f 4c00 	mov.w	ip, #2147483648	; 0x80000000
  4016ca:	e7b6      	b.n	40163a <__aeabi_ddiv+0x82>
  4016cc:	f411 1f80 	tst.w	r1, #1048576	; 0x100000
  4016d0:	bf04      	itt	eq
  4016d2:	4301      	orreq	r1, r0
  4016d4:	2000      	moveq	r0, #0
  4016d6:	f1b4 0cfd 	subs.w	ip, r4, #253	; 0xfd
  4016da:	bf88      	it	hi
  4016dc:	f5bc 6fe0 	cmphi.w	ip, #1792	; 0x700
  4016e0:	f63f aeaf 	bhi.w	401442 <__aeabi_dmul+0xde>
  4016e4:	ebb5 0c03 	subs.w	ip, r5, r3
  4016e8:	bf04      	itt	eq
  4016ea:	ebb6 0c02 	subseq.w	ip, r6, r2
  4016ee:	ea5f 0c50 	movseq.w	ip, r0, lsr #1
  4016f2:	f150 0000 	adcs.w	r0, r0, #0
  4016f6:	eb41 5104 	adc.w	r1, r1, r4, lsl #20
  4016fa:	bd70      	pop	{r4, r5, r6, pc}
  4016fc:	f00e 4e00 	and.w	lr, lr, #2147483648	; 0x80000000
  401700:	ea4e 3111 	orr.w	r1, lr, r1, lsr #12
  401704:	eb14 045c 	adds.w	r4, r4, ip, lsr #1
  401708:	bfc2      	ittt	gt
  40170a:	ebd4 050c 	rsbsgt	r5, r4, ip
  40170e:	ea41 5104 	orrgt.w	r1, r1, r4, lsl #20
  401712:	bd70      	popgt	{r4, r5, r6, pc}
  401714:	f441 1180 	orr.w	r1, r1, #1048576	; 0x100000
  401718:	f04f 0e00 	mov.w	lr, #0
  40171c:	3c01      	subs	r4, #1
  40171e:	e690      	b.n	401442 <__aeabi_dmul+0xde>
  401720:	ea45 0e06 	orr.w	lr, r5, r6
  401724:	e68d      	b.n	401442 <__aeabi_dmul+0xde>
  401726:	ea0c 5513 	and.w	r5, ip, r3, lsr #20
  40172a:	ea94 0f0c 	teq	r4, ip
  40172e:	bf08      	it	eq
  401730:	ea95 0f0c 	teqeq	r5, ip
  401734:	f43f af3b 	beq.w	4015ae <__aeabi_dmul+0x24a>
  401738:	ea94 0f0c 	teq	r4, ip
  40173c:	d10a      	bne.n	401754 <__aeabi_ddiv+0x19c>
  40173e:	ea50 3401 	orrs.w	r4, r0, r1, lsl #12
  401742:	f47f af34 	bne.w	4015ae <__aeabi_dmul+0x24a>
  401746:	ea95 0f0c 	teq	r5, ip
  40174a:	f47f af25 	bne.w	401598 <__aeabi_dmul+0x234>
  40174e:	4610      	mov	r0, r2
  401750:	4619      	mov	r1, r3
  401752:	e72c      	b.n	4015ae <__aeabi_dmul+0x24a>
  401754:	ea95 0f0c 	teq	r5, ip
  401758:	d106      	bne.n	401768 <__aeabi_ddiv+0x1b0>
  40175a:	ea52 3503 	orrs.w	r5, r2, r3, lsl #12
  40175e:	f43f aefd 	beq.w	40155c <__aeabi_dmul+0x1f8>
  401762:	4610      	mov	r0, r2
  401764:	4619      	mov	r1, r3
  401766:	e722      	b.n	4015ae <__aeabi_dmul+0x24a>
  401768:	ea50 0641 	orrs.w	r6, r0, r1, lsl #1
  40176c:	bf18      	it	ne
  40176e:	ea52 0643 	orrsne.w	r6, r2, r3, lsl #1
  401772:	f47f aec5 	bne.w	401500 <__aeabi_dmul+0x19c>
  401776:	ea50 0441 	orrs.w	r4, r0, r1, lsl #1
  40177a:	f47f af0d 	bne.w	401598 <__aeabi_dmul+0x234>
  40177e:	ea52 0543 	orrs.w	r5, r2, r3, lsl #1
  401782:	f47f aeeb 	bne.w	40155c <__aeabi_dmul+0x1f8>
  401786:	e712      	b.n	4015ae <__aeabi_dmul+0x24a>

00401788 <__gedf2>:
  401788:	f04f 3cff 	mov.w	ip, #4294967295	; 0xffffffff
  40178c:	e006      	b.n	40179c <__cmpdf2+0x4>
  40178e:	bf00      	nop

00401790 <__ledf2>:
  401790:	f04f 0c01 	mov.w	ip, #1
  401794:	e002      	b.n	40179c <__cmpdf2+0x4>
  401796:	bf00      	nop

00401798 <__cmpdf2>:
  401798:	f04f 0c01 	mov.w	ip, #1
  40179c:	f84d cd04 	str.w	ip, [sp, #-4]!
  4017a0:	ea4f 0c41 	mov.w	ip, r1, lsl #1
  4017a4:	ea7f 5c6c 	mvns.w	ip, ip, asr #21
  4017a8:	ea4f 0c43 	mov.w	ip, r3, lsl #1
  4017ac:	bf18      	it	ne
  4017ae:	ea7f 5c6c 	mvnsne.w	ip, ip, asr #21
  4017b2:	d01b      	beq.n	4017ec <__cmpdf2+0x54>
  4017b4:	b001      	add	sp, #4
  4017b6:	ea50 0c41 	orrs.w	ip, r0, r1, lsl #1
  4017ba:	bf0c      	ite	eq
  4017bc:	ea52 0c43 	orrseq.w	ip, r2, r3, lsl #1
  4017c0:	ea91 0f03 	teqne	r1, r3
  4017c4:	bf02      	ittt	eq
  4017c6:	ea90 0f02 	teqeq	r0, r2
  4017ca:	2000      	moveq	r0, #0
  4017cc:	4770      	bxeq	lr
  4017ce:	f110 0f00 	cmn.w	r0, #0
  4017d2:	ea91 0f03 	teq	r1, r3
  4017d6:	bf58      	it	pl
  4017d8:	4299      	cmppl	r1, r3
  4017da:	bf08      	it	eq
  4017dc:	4290      	cmpeq	r0, r2
  4017de:	bf2c      	ite	cs
  4017e0:	17d8      	asrcs	r0, r3, #31
  4017e2:	ea6f 70e3 	mvncc.w	r0, r3, asr #31
  4017e6:	f040 0001 	orr.w	r0, r0, #1
  4017ea:	4770      	bx	lr
  4017ec:	ea4f 0c41 	mov.w	ip, r1, lsl #1
  4017f0:	ea7f 5c6c 	mvns.w	ip, ip, asr #21
  4017f4:	d102      	bne.n	4017fc <__cmpdf2+0x64>
  4017f6:	ea50 3c01 	orrs.w	ip, r0, r1, lsl #12
  4017fa:	d107      	bne.n	40180c <__cmpdf2+0x74>
  4017fc:	ea4f 0c43 	mov.w	ip, r3, lsl #1
  401800:	ea7f 5c6c 	mvns.w	ip, ip, asr #21
  401804:	d1d6      	bne.n	4017b4 <__cmpdf2+0x1c>
  401806:	ea52 3c03 	orrs.w	ip, r2, r3, lsl #12
  40180a:	d0d3      	beq.n	4017b4 <__cmpdf2+0x1c>
  40180c:	f85d 0b04 	ldr.w	r0, [sp], #4
  401810:	4770      	bx	lr
  401812:	bf00      	nop

00401814 <__aeabi_cdrcmple>:
  401814:	4684      	mov	ip, r0
  401816:	4610      	mov	r0, r2
  401818:	4662      	mov	r2, ip
  40181a:	468c      	mov	ip, r1
  40181c:	4619      	mov	r1, r3
  40181e:	4663      	mov	r3, ip
  401820:	e000      	b.n	401824 <__aeabi_cdcmpeq>
  401822:	bf00      	nop

00401824 <__aeabi_cdcmpeq>:
  401824:	b501      	push	{r0, lr}
  401826:	f7ff ffb7 	bl	401798 <__cmpdf2>
  40182a:	2800      	cmp	r0, #0
  40182c:	bf48      	it	mi
  40182e:	f110 0f00 	cmnmi.w	r0, #0
  401832:	bd01      	pop	{r0, pc}

00401834 <__aeabi_dcmpeq>:
  401834:	f84d ed08 	str.w	lr, [sp, #-8]!
  401838:	f7ff fff4 	bl	401824 <__aeabi_cdcmpeq>
  40183c:	bf0c      	ite	eq
  40183e:	2001      	moveq	r0, #1
  401840:	2000      	movne	r0, #0
  401842:	f85d fb08 	ldr.w	pc, [sp], #8
  401846:	bf00      	nop

00401848 <__aeabi_dcmplt>:
  401848:	f84d ed08 	str.w	lr, [sp, #-8]!
  40184c:	f7ff ffea 	bl	401824 <__aeabi_cdcmpeq>
  401850:	bf34      	ite	cc
  401852:	2001      	movcc	r0, #1
  401854:	2000      	movcs	r0, #0
  401856:	f85d fb08 	ldr.w	pc, [sp], #8
  40185a:	bf00      	nop

0040185c <__aeabi_dcmple>:
  40185c:	f84d ed08 	str.w	lr, [sp, #-8]!
  401860:	f7ff ffe0 	bl	401824 <__aeabi_cdcmpeq>
  401864:	bf94      	ite	ls
  401866:	2001      	movls	r0, #1
  401868:	2000      	movhi	r0, #0
  40186a:	f85d fb08 	ldr.w	pc, [sp], #8
  40186e:	bf00      	nop

00401870 <__aeabi_dcmpge>:
  401870:	f84d ed08 	str.w	lr, [sp, #-8]!
  401874:	f7ff ffce 	bl	401814 <__aeabi_cdrcmple>
  401878:	bf94      	ite	ls
  40187a:	2001      	movls	r0, #1
  40187c:	2000      	movhi	r0, #0
  40187e:	f85d fb08 	ldr.w	pc, [sp], #8
  401882:	bf00      	nop

00401884 <__aeabi_dcmpgt>:
  401884:	f84d ed08 	str.w	lr, [sp, #-8]!
  401888:	f7ff ffc4 	bl	401814 <__aeabi_cdrcmple>
  40188c:	bf34      	ite	cc
  40188e:	2001      	movcc	r0, #1
  401890:	2000      	movcs	r0, #0
  401892:	f85d fb08 	ldr.w	pc, [sp], #8
  401896:	bf00      	nop

00401898 <__aeabi_dcmpun>:
  401898:	ea4f 0c41 	mov.w	ip, r1, lsl #1
  40189c:	ea7f 5c6c 	mvns.w	ip, ip, asr #21
  4018a0:	d102      	bne.n	4018a8 <__aeabi_dcmpun+0x10>
  4018a2:	ea50 3c01 	orrs.w	ip, r0, r1, lsl #12
  4018a6:	d10a      	bne.n	4018be <__aeabi_dcmpun+0x26>
  4018a8:	ea4f 0c43 	mov.w	ip, r3, lsl #1
  4018ac:	ea7f 5c6c 	mvns.w	ip, ip, asr #21
  4018b0:	d102      	bne.n	4018b8 <__aeabi_dcmpun+0x20>
  4018b2:	ea52 3c03 	orrs.w	ip, r2, r3, lsl #12
  4018b6:	d102      	bne.n	4018be <__aeabi_dcmpun+0x26>
  4018b8:	f04f 0000 	mov.w	r0, #0
  4018bc:	4770      	bx	lr
  4018be:	f04f 0001 	mov.w	r0, #1
  4018c2:	4770      	bx	lr

004018c4 <__aeabi_d2iz>:
  4018c4:	ea4f 0241 	mov.w	r2, r1, lsl #1
  4018c8:	f512 1200 	adds.w	r2, r2, #2097152	; 0x200000
  4018cc:	d215      	bcs.n	4018fa <__aeabi_d2iz+0x36>
  4018ce:	d511      	bpl.n	4018f4 <__aeabi_d2iz+0x30>
  4018d0:	f46f 7378 	mvn.w	r3, #992	; 0x3e0
  4018d4:	ebb3 5262 	subs.w	r2, r3, r2, asr #21
  4018d8:	d912      	bls.n	401900 <__aeabi_d2iz+0x3c>
  4018da:	ea4f 23c1 	mov.w	r3, r1, lsl #11
  4018de:	f043 4300 	orr.w	r3, r3, #2147483648	; 0x80000000
  4018e2:	ea43 5350 	orr.w	r3, r3, r0, lsr #21
  4018e6:	f011 4f00 	tst.w	r1, #2147483648	; 0x80000000
  4018ea:	fa23 f002 	lsr.w	r0, r3, r2
  4018ee:	bf18      	it	ne
  4018f0:	4240      	negne	r0, r0
  4018f2:	4770      	bx	lr
  4018f4:	f04f 0000 	mov.w	r0, #0
  4018f8:	4770      	bx	lr
  4018fa:	ea50 3001 	orrs.w	r0, r0, r1, lsl #12
  4018fe:	d105      	bne.n	40190c <__aeabi_d2iz+0x48>
  401900:	f011 4000 	ands.w	r0, r1, #2147483648	; 0x80000000
  401904:	bf08      	it	eq
  401906:	f06f 4000 	mvneq.w	r0, #2147483648	; 0x80000000
  40190a:	4770      	bx	lr
  40190c:	f04f 0000 	mov.w	r0, #0
  401910:	4770      	bx	lr
  401912:	bf00      	nop

00401914 <__aeabi_frsub>:
  401914:	f080 4000 	eor.w	r0, r0, #2147483648	; 0x80000000
  401918:	e002      	b.n	401920 <__addsf3>
  40191a:	bf00      	nop

0040191c <__aeabi_fsub>:
  40191c:	f081 4100 	eor.w	r1, r1, #2147483648	; 0x80000000

00401920 <__addsf3>:
  401920:	0042      	lsls	r2, r0, #1
  401922:	bf1f      	itttt	ne
  401924:	ea5f 0341 	movsne.w	r3, r1, lsl #1
  401928:	ea92 0f03 	teqne	r2, r3
  40192c:	ea7f 6c22 	mvnsne.w	ip, r2, asr #24
  401930:	ea7f 6c23 	mvnsne.w	ip, r3, asr #24
  401934:	d06a      	beq.n	401a0c <__addsf3+0xec>
  401936:	ea4f 6212 	mov.w	r2, r2, lsr #24
  40193a:	ebd2 6313 	rsbs	r3, r2, r3, lsr #24
  40193e:	bfc1      	itttt	gt
  401940:	18d2      	addgt	r2, r2, r3
  401942:	4041      	eorgt	r1, r0
  401944:	4048      	eorgt	r0, r1
  401946:	4041      	eorgt	r1, r0
  401948:	bfb8      	it	lt
  40194a:	425b      	neglt	r3, r3
  40194c:	2b19      	cmp	r3, #25
  40194e:	bf88      	it	hi
  401950:	4770      	bxhi	lr
  401952:	f010 4f00 	tst.w	r0, #2147483648	; 0x80000000
  401956:	f440 0000 	orr.w	r0, r0, #8388608	; 0x800000
  40195a:	f020 407f 	bic.w	r0, r0, #4278190080	; 0xff000000
  40195e:	bf18      	it	ne
  401960:	4240      	negne	r0, r0
  401962:	f011 4f00 	tst.w	r1, #2147483648	; 0x80000000
  401966:	f441 0100 	orr.w	r1, r1, #8388608	; 0x800000
  40196a:	f021 417f 	bic.w	r1, r1, #4278190080	; 0xff000000
  40196e:	bf18      	it	ne
  401970:	4249      	negne	r1, r1
  401972:	ea92 0f03 	teq	r2, r3
  401976:	d03f      	beq.n	4019f8 <__addsf3+0xd8>
  401978:	f1a2 0201 	sub.w	r2, r2, #1
  40197c:	fa41 fc03 	asr.w	ip, r1, r3
  401980:	eb10 000c 	adds.w	r0, r0, ip
  401984:	f1c3 0320 	rsb	r3, r3, #32
  401988:	fa01 f103 	lsl.w	r1, r1, r3
  40198c:	f000 4300 	and.w	r3, r0, #2147483648	; 0x80000000
  401990:	d502      	bpl.n	401998 <__addsf3+0x78>
  401992:	4249      	negs	r1, r1
  401994:	eb60 0040 	sbc.w	r0, r0, r0, lsl #1
  401998:	f5b0 0f00 	cmp.w	r0, #8388608	; 0x800000
  40199c:	d313      	bcc.n	4019c6 <__addsf3+0xa6>
  40199e:	f1b0 7f80 	cmp.w	r0, #16777216	; 0x1000000
  4019a2:	d306      	bcc.n	4019b2 <__addsf3+0x92>
  4019a4:	0840      	lsrs	r0, r0, #1
  4019a6:	ea4f 0131 	mov.w	r1, r1, rrx
  4019aa:	f102 0201 	add.w	r2, r2, #1
  4019ae:	2afe      	cmp	r2, #254	; 0xfe
  4019b0:	d251      	bcs.n	401a56 <__addsf3+0x136>
  4019b2:	f1b1 4f00 	cmp.w	r1, #2147483648	; 0x80000000
  4019b6:	eb40 50c2 	adc.w	r0, r0, r2, lsl #23
  4019ba:	bf08      	it	eq
  4019bc:	f020 0001 	biceq.w	r0, r0, #1
  4019c0:	ea40 0003 	orr.w	r0, r0, r3
  4019c4:	4770      	bx	lr
  4019c6:	0049      	lsls	r1, r1, #1
  4019c8:	eb40 0000 	adc.w	r0, r0, r0
  4019cc:	3a01      	subs	r2, #1
  4019ce:	bf28      	it	cs
  4019d0:	f5b0 0f00 	cmpcs.w	r0, #8388608	; 0x800000
  4019d4:	d2ed      	bcs.n	4019b2 <__addsf3+0x92>
  4019d6:	fab0 fc80 	clz	ip, r0
  4019da:	f1ac 0c08 	sub.w	ip, ip, #8
  4019de:	ebb2 020c 	subs.w	r2, r2, ip
  4019e2:	fa00 f00c 	lsl.w	r0, r0, ip
  4019e6:	bfaa      	itet	ge
  4019e8:	eb00 50c2 	addge.w	r0, r0, r2, lsl #23
  4019ec:	4252      	neglt	r2, r2
  4019ee:	4318      	orrge	r0, r3
  4019f0:	bfbc      	itt	lt
  4019f2:	40d0      	lsrlt	r0, r2
  4019f4:	4318      	orrlt	r0, r3
  4019f6:	4770      	bx	lr
  4019f8:	f092 0f00 	teq	r2, #0
  4019fc:	f481 0100 	eor.w	r1, r1, #8388608	; 0x800000
  401a00:	bf06      	itte	eq
  401a02:	f480 0000 	eoreq.w	r0, r0, #8388608	; 0x800000
  401a06:	3201      	addeq	r2, #1
  401a08:	3b01      	subne	r3, #1
  401a0a:	e7b5      	b.n	401978 <__addsf3+0x58>
  401a0c:	ea4f 0341 	mov.w	r3, r1, lsl #1
  401a10:	ea7f 6c22 	mvns.w	ip, r2, asr #24
  401a14:	bf18      	it	ne
  401a16:	ea7f 6c23 	mvnsne.w	ip, r3, asr #24
  401a1a:	d021      	beq.n	401a60 <__addsf3+0x140>
  401a1c:	ea92 0f03 	teq	r2, r3
  401a20:	d004      	beq.n	401a2c <__addsf3+0x10c>
  401a22:	f092 0f00 	teq	r2, #0
  401a26:	bf08      	it	eq
  401a28:	4608      	moveq	r0, r1
  401a2a:	4770      	bx	lr
  401a2c:	ea90 0f01 	teq	r0, r1
  401a30:	bf1c      	itt	ne
  401a32:	2000      	movne	r0, #0
  401a34:	4770      	bxne	lr
  401a36:	f012 4f7f 	tst.w	r2, #4278190080	; 0xff000000
  401a3a:	d104      	bne.n	401a46 <__addsf3+0x126>
  401a3c:	0040      	lsls	r0, r0, #1
  401a3e:	bf28      	it	cs
  401a40:	f040 4000 	orrcs.w	r0, r0, #2147483648	; 0x80000000
  401a44:	4770      	bx	lr
  401a46:	f112 7200 	adds.w	r2, r2, #33554432	; 0x2000000
  401a4a:	bf3c      	itt	cc
  401a4c:	f500 0000 	addcc.w	r0, r0, #8388608	; 0x800000
  401a50:	4770      	bxcc	lr
  401a52:	f000 4300 	and.w	r3, r0, #2147483648	; 0x80000000
  401a56:	f043 40fe 	orr.w	r0, r3, #2130706432	; 0x7f000000
  401a5a:	f440 0000 	orr.w	r0, r0, #8388608	; 0x800000
  401a5e:	4770      	bx	lr
  401a60:	ea7f 6222 	mvns.w	r2, r2, asr #24
  401a64:	bf16      	itet	ne
  401a66:	4608      	movne	r0, r1
  401a68:	ea7f 6323 	mvnseq.w	r3, r3, asr #24
  401a6c:	4601      	movne	r1, r0
  401a6e:	0242      	lsls	r2, r0, #9
  401a70:	bf06      	itte	eq
  401a72:	ea5f 2341 	movseq.w	r3, r1, lsl #9
  401a76:	ea90 0f01 	teqeq	r0, r1
  401a7a:	f440 0080 	orrne.w	r0, r0, #4194304	; 0x400000
  401a7e:	4770      	bx	lr

00401a80 <__aeabi_ui2f>:
  401a80:	f04f 0300 	mov.w	r3, #0
  401a84:	e004      	b.n	401a90 <__aeabi_i2f+0x8>
  401a86:	bf00      	nop

00401a88 <__aeabi_i2f>:
  401a88:	f010 4300 	ands.w	r3, r0, #2147483648	; 0x80000000
  401a8c:	bf48      	it	mi
  401a8e:	4240      	negmi	r0, r0
  401a90:	ea5f 0c00 	movs.w	ip, r0
  401a94:	bf08      	it	eq
  401a96:	4770      	bxeq	lr
  401a98:	f043 4396 	orr.w	r3, r3, #1258291200	; 0x4b000000
  401a9c:	4601      	mov	r1, r0
  401a9e:	f04f 0000 	mov.w	r0, #0
  401aa2:	e01c      	b.n	401ade <__aeabi_l2f+0x2a>

00401aa4 <__aeabi_ul2f>:
  401aa4:	ea50 0201 	orrs.w	r2, r0, r1
  401aa8:	bf08      	it	eq
  401aaa:	4770      	bxeq	lr
  401aac:	f04f 0300 	mov.w	r3, #0
  401ab0:	e00a      	b.n	401ac8 <__aeabi_l2f+0x14>
  401ab2:	bf00      	nop

00401ab4 <__aeabi_l2f>:
  401ab4:	ea50 0201 	orrs.w	r2, r0, r1
  401ab8:	bf08      	it	eq
  401aba:	4770      	bxeq	lr
  401abc:	f011 4300 	ands.w	r3, r1, #2147483648	; 0x80000000
  401ac0:	d502      	bpl.n	401ac8 <__aeabi_l2f+0x14>
  401ac2:	4240      	negs	r0, r0
  401ac4:	eb61 0141 	sbc.w	r1, r1, r1, lsl #1
  401ac8:	ea5f 0c01 	movs.w	ip, r1
  401acc:	bf02      	ittt	eq
  401ace:	4684      	moveq	ip, r0
  401ad0:	4601      	moveq	r1, r0
  401ad2:	2000      	moveq	r0, #0
  401ad4:	f043 43b6 	orr.w	r3, r3, #1526726656	; 0x5b000000
  401ad8:	bf08      	it	eq
  401ada:	f1a3 5380 	subeq.w	r3, r3, #268435456	; 0x10000000
  401ade:	f5a3 0300 	sub.w	r3, r3, #8388608	; 0x800000
  401ae2:	fabc f28c 	clz	r2, ip
  401ae6:	3a08      	subs	r2, #8
  401ae8:	eba3 53c2 	sub.w	r3, r3, r2, lsl #23
  401aec:	db10      	blt.n	401b10 <__aeabi_l2f+0x5c>
  401aee:	fa01 fc02 	lsl.w	ip, r1, r2
  401af2:	4463      	add	r3, ip
  401af4:	fa00 fc02 	lsl.w	ip, r0, r2
  401af8:	f1c2 0220 	rsb	r2, r2, #32
  401afc:	f1bc 4f00 	cmp.w	ip, #2147483648	; 0x80000000
  401b00:	fa20 f202 	lsr.w	r2, r0, r2
  401b04:	eb43 0002 	adc.w	r0, r3, r2
  401b08:	bf08      	it	eq
  401b0a:	f020 0001 	biceq.w	r0, r0, #1
  401b0e:	4770      	bx	lr
  401b10:	f102 0220 	add.w	r2, r2, #32
  401b14:	fa01 fc02 	lsl.w	ip, r1, r2
  401b18:	f1c2 0220 	rsb	r2, r2, #32
  401b1c:	ea50 004c 	orrs.w	r0, r0, ip, lsl #1
  401b20:	fa21 f202 	lsr.w	r2, r1, r2
  401b24:	eb43 0002 	adc.w	r0, r3, r2
  401b28:	bf08      	it	eq
  401b2a:	ea20 70dc 	biceq.w	r0, r0, ip, lsr #31
  401b2e:	4770      	bx	lr

00401b30 <__aeabi_fmul>:
  401b30:	f04f 0cff 	mov.w	ip, #255	; 0xff
  401b34:	ea1c 52d0 	ands.w	r2, ip, r0, lsr #23
  401b38:	bf1e      	ittt	ne
  401b3a:	ea1c 53d1 	andsne.w	r3, ip, r1, lsr #23
  401b3e:	ea92 0f0c 	teqne	r2, ip
  401b42:	ea93 0f0c 	teqne	r3, ip
  401b46:	d06f      	beq.n	401c28 <__aeabi_fmul+0xf8>
  401b48:	441a      	add	r2, r3
  401b4a:	ea80 0c01 	eor.w	ip, r0, r1
  401b4e:	0240      	lsls	r0, r0, #9
  401b50:	bf18      	it	ne
  401b52:	ea5f 2141 	movsne.w	r1, r1, lsl #9
  401b56:	d01e      	beq.n	401b96 <__aeabi_fmul+0x66>
  401b58:	f04f 6300 	mov.w	r3, #134217728	; 0x8000000
  401b5c:	ea43 1050 	orr.w	r0, r3, r0, lsr #5
  401b60:	ea43 1151 	orr.w	r1, r3, r1, lsr #5
  401b64:	fba0 3101 	umull	r3, r1, r0, r1
  401b68:	f00c 4000 	and.w	r0, ip, #2147483648	; 0x80000000
  401b6c:	f5b1 0f00 	cmp.w	r1, #8388608	; 0x800000
  401b70:	bf3e      	ittt	cc
  401b72:	0049      	lslcc	r1, r1, #1
  401b74:	ea41 71d3 	orrcc.w	r1, r1, r3, lsr #31
  401b78:	005b      	lslcc	r3, r3, #1
  401b7a:	ea40 0001 	orr.w	r0, r0, r1
  401b7e:	f162 027f 	sbc.w	r2, r2, #127	; 0x7f
  401b82:	2afd      	cmp	r2, #253	; 0xfd
  401b84:	d81d      	bhi.n	401bc2 <__aeabi_fmul+0x92>
  401b86:	f1b3 4f00 	cmp.w	r3, #2147483648	; 0x80000000
  401b8a:	eb40 50c2 	adc.w	r0, r0, r2, lsl #23
  401b8e:	bf08      	it	eq
  401b90:	f020 0001 	biceq.w	r0, r0, #1
  401b94:	4770      	bx	lr
  401b96:	f090 0f00 	teq	r0, #0
  401b9a:	f00c 4c00 	and.w	ip, ip, #2147483648	; 0x80000000
  401b9e:	bf08      	it	eq
  401ba0:	0249      	lsleq	r1, r1, #9
  401ba2:	ea4c 2050 	orr.w	r0, ip, r0, lsr #9
  401ba6:	ea40 2051 	orr.w	r0, r0, r1, lsr #9
  401baa:	3a7f      	subs	r2, #127	; 0x7f
  401bac:	bfc2      	ittt	gt
  401bae:	f1d2 03ff 	rsbsgt	r3, r2, #255	; 0xff
  401bb2:	ea40 50c2 	orrgt.w	r0, r0, r2, lsl #23
  401bb6:	4770      	bxgt	lr
  401bb8:	f440 0000 	orr.w	r0, r0, #8388608	; 0x800000
  401bbc:	f04f 0300 	mov.w	r3, #0
  401bc0:	3a01      	subs	r2, #1
  401bc2:	dc5d      	bgt.n	401c80 <__aeabi_fmul+0x150>
  401bc4:	f112 0f19 	cmn.w	r2, #25
  401bc8:	bfdc      	itt	le
  401bca:	f000 4000 	andle.w	r0, r0, #2147483648	; 0x80000000
  401bce:	4770      	bxle	lr
  401bd0:	f1c2 0200 	rsb	r2, r2, #0
  401bd4:	0041      	lsls	r1, r0, #1
  401bd6:	fa21 f102 	lsr.w	r1, r1, r2
  401bda:	f1c2 0220 	rsb	r2, r2, #32
  401bde:	fa00 fc02 	lsl.w	ip, r0, r2
  401be2:	ea5f 0031 	movs.w	r0, r1, rrx
  401be6:	f140 0000 	adc.w	r0, r0, #0
  401bea:	ea53 034c 	orrs.w	r3, r3, ip, lsl #1
  401bee:	bf08      	it	eq
  401bf0:	ea20 70dc 	biceq.w	r0, r0, ip, lsr #31
  401bf4:	4770      	bx	lr
  401bf6:	f092 0f00 	teq	r2, #0
  401bfa:	f000 4c00 	and.w	ip, r0, #2147483648	; 0x80000000
  401bfe:	bf02      	ittt	eq
  401c00:	0040      	lsleq	r0, r0, #1
  401c02:	f410 0f00 	tsteq.w	r0, #8388608	; 0x800000
  401c06:	3a01      	subeq	r2, #1
  401c08:	d0f9      	beq.n	401bfe <__aeabi_fmul+0xce>
  401c0a:	ea40 000c 	orr.w	r0, r0, ip
  401c0e:	f093 0f00 	teq	r3, #0
  401c12:	f001 4c00 	and.w	ip, r1, #2147483648	; 0x80000000
  401c16:	bf02      	ittt	eq
  401c18:	0049      	lsleq	r1, r1, #1
  401c1a:	f411 0f00 	tsteq.w	r1, #8388608	; 0x800000
  401c1e:	3b01      	subeq	r3, #1
  401c20:	d0f9      	beq.n	401c16 <__aeabi_fmul+0xe6>
  401c22:	ea41 010c 	orr.w	r1, r1, ip
  401c26:	e78f      	b.n	401b48 <__aeabi_fmul+0x18>
  401c28:	ea0c 53d1 	and.w	r3, ip, r1, lsr #23
  401c2c:	ea92 0f0c 	teq	r2, ip
  401c30:	bf18      	it	ne
  401c32:	ea93 0f0c 	teqne	r3, ip
  401c36:	d00a      	beq.n	401c4e <__aeabi_fmul+0x11e>
  401c38:	f030 4c00 	bics.w	ip, r0, #2147483648	; 0x80000000
  401c3c:	bf18      	it	ne
  401c3e:	f031 4c00 	bicsne.w	ip, r1, #2147483648	; 0x80000000
  401c42:	d1d8      	bne.n	401bf6 <__aeabi_fmul+0xc6>
  401c44:	ea80 0001 	eor.w	r0, r0, r1
  401c48:	f000 4000 	and.w	r0, r0, #2147483648	; 0x80000000
  401c4c:	4770      	bx	lr
  401c4e:	f090 0f00 	teq	r0, #0
  401c52:	bf17      	itett	ne
  401c54:	f090 4f00 	teqne	r0, #2147483648	; 0x80000000
  401c58:	4608      	moveq	r0, r1
  401c5a:	f091 0f00 	teqne	r1, #0
  401c5e:	f091 4f00 	teqne	r1, #2147483648	; 0x80000000
  401c62:	d014      	beq.n	401c8e <__aeabi_fmul+0x15e>
  401c64:	ea92 0f0c 	teq	r2, ip
  401c68:	d101      	bne.n	401c6e <__aeabi_fmul+0x13e>
  401c6a:	0242      	lsls	r2, r0, #9
  401c6c:	d10f      	bne.n	401c8e <__aeabi_fmul+0x15e>
  401c6e:	ea93 0f0c 	teq	r3, ip
  401c72:	d103      	bne.n	401c7c <__aeabi_fmul+0x14c>
  401c74:	024b      	lsls	r3, r1, #9
  401c76:	bf18      	it	ne
  401c78:	4608      	movne	r0, r1
  401c7a:	d108      	bne.n	401c8e <__aeabi_fmul+0x15e>
  401c7c:	ea80 0001 	eor.w	r0, r0, r1
  401c80:	f000 4000 	and.w	r0, r0, #2147483648	; 0x80000000
  401c84:	f040 40fe 	orr.w	r0, r0, #2130706432	; 0x7f000000
  401c88:	f440 0000 	orr.w	r0, r0, #8388608	; 0x800000
  401c8c:	4770      	bx	lr
  401c8e:	f040 40fe 	orr.w	r0, r0, #2130706432	; 0x7f000000
  401c92:	f440 0040 	orr.w	r0, r0, #12582912	; 0xc00000
  401c96:	4770      	bx	lr

00401c98 <__aeabi_fdiv>:
  401c98:	f04f 0cff 	mov.w	ip, #255	; 0xff
  401c9c:	ea1c 52d0 	ands.w	r2, ip, r0, lsr #23
  401ca0:	bf1e      	ittt	ne
  401ca2:	ea1c 53d1 	andsne.w	r3, ip, r1, lsr #23
  401ca6:	ea92 0f0c 	teqne	r2, ip
  401caa:	ea93 0f0c 	teqne	r3, ip
  401cae:	d069      	beq.n	401d84 <__aeabi_fdiv+0xec>
  401cb0:	eba2 0203 	sub.w	r2, r2, r3
  401cb4:	ea80 0c01 	eor.w	ip, r0, r1
  401cb8:	0249      	lsls	r1, r1, #9
  401cba:	ea4f 2040 	mov.w	r0, r0, lsl #9
  401cbe:	d037      	beq.n	401d30 <__aeabi_fdiv+0x98>
  401cc0:	f04f 5380 	mov.w	r3, #268435456	; 0x10000000
  401cc4:	ea43 1111 	orr.w	r1, r3, r1, lsr #4
  401cc8:	ea43 1310 	orr.w	r3, r3, r0, lsr #4
  401ccc:	f00c 4000 	and.w	r0, ip, #2147483648	; 0x80000000
  401cd0:	428b      	cmp	r3, r1
  401cd2:	bf38      	it	cc
  401cd4:	005b      	lslcc	r3, r3, #1
  401cd6:	f142 027d 	adc.w	r2, r2, #125	; 0x7d
  401cda:	f44f 0c00 	mov.w	ip, #8388608	; 0x800000
  401cde:	428b      	cmp	r3, r1
  401ce0:	bf24      	itt	cs
  401ce2:	1a5b      	subcs	r3, r3, r1
  401ce4:	ea40 000c 	orrcs.w	r0, r0, ip
  401ce8:	ebb3 0f51 	cmp.w	r3, r1, lsr #1
  401cec:	bf24      	itt	cs
  401cee:	eba3 0351 	subcs.w	r3, r3, r1, lsr #1
  401cf2:	ea40 005c 	orrcs.w	r0, r0, ip, lsr #1
  401cf6:	ebb3 0f91 	cmp.w	r3, r1, lsr #2
  401cfa:	bf24      	itt	cs
  401cfc:	eba3 0391 	subcs.w	r3, r3, r1, lsr #2
  401d00:	ea40 009c 	orrcs.w	r0, r0, ip, lsr #2
  401d04:	ebb3 0fd1 	cmp.w	r3, r1, lsr #3
  401d08:	bf24      	itt	cs
  401d0a:	eba3 03d1 	subcs.w	r3, r3, r1, lsr #3
  401d0e:	ea40 00dc 	orrcs.w	r0, r0, ip, lsr #3
  401d12:	011b      	lsls	r3, r3, #4
  401d14:	bf18      	it	ne
  401d16:	ea5f 1c1c 	movsne.w	ip, ip, lsr #4
  401d1a:	d1e0      	bne.n	401cde <__aeabi_fdiv+0x46>
  401d1c:	2afd      	cmp	r2, #253	; 0xfd
  401d1e:	f63f af50 	bhi.w	401bc2 <__aeabi_fmul+0x92>
  401d22:	428b      	cmp	r3, r1
  401d24:	eb40 50c2 	adc.w	r0, r0, r2, lsl #23
  401d28:	bf08      	it	eq
  401d2a:	f020 0001 	biceq.w	r0, r0, #1
  401d2e:	4770      	bx	lr
  401d30:	f00c 4c00 	and.w	ip, ip, #2147483648	; 0x80000000
  401d34:	ea4c 2050 	orr.w	r0, ip, r0, lsr #9
  401d38:	327f      	adds	r2, #127	; 0x7f
  401d3a:	bfc2      	ittt	gt
  401d3c:	f1d2 03ff 	rsbsgt	r3, r2, #255	; 0xff
  401d40:	ea40 50c2 	orrgt.w	r0, r0, r2, lsl #23
  401d44:	4770      	bxgt	lr
  401d46:	f440 0000 	orr.w	r0, r0, #8388608	; 0x800000
  401d4a:	f04f 0300 	mov.w	r3, #0
  401d4e:	3a01      	subs	r2, #1
  401d50:	e737      	b.n	401bc2 <__aeabi_fmul+0x92>
  401d52:	f092 0f00 	teq	r2, #0
  401d56:	f000 4c00 	and.w	ip, r0, #2147483648	; 0x80000000
  401d5a:	bf02      	ittt	eq
  401d5c:	0040      	lsleq	r0, r0, #1
  401d5e:	f410 0f00 	tsteq.w	r0, #8388608	; 0x800000
  401d62:	3a01      	subeq	r2, #1
  401d64:	d0f9      	beq.n	401d5a <__aeabi_fdiv+0xc2>
  401d66:	ea40 000c 	orr.w	r0, r0, ip
  401d6a:	f093 0f00 	teq	r3, #0
  401d6e:	f001 4c00 	and.w	ip, r1, #2147483648	; 0x80000000
  401d72:	bf02      	ittt	eq
  401d74:	0049      	lsleq	r1, r1, #1
  401d76:	f411 0f00 	tsteq.w	r1, #8388608	; 0x800000
  401d7a:	3b01      	subeq	r3, #1
  401d7c:	d0f9      	beq.n	401d72 <__aeabi_fdiv+0xda>
  401d7e:	ea41 010c 	orr.w	r1, r1, ip
  401d82:	e795      	b.n	401cb0 <__aeabi_fdiv+0x18>
  401d84:	ea0c 53d1 	and.w	r3, ip, r1, lsr #23
  401d88:	ea92 0f0c 	teq	r2, ip
  401d8c:	d108      	bne.n	401da0 <__aeabi_fdiv+0x108>
  401d8e:	0242      	lsls	r2, r0, #9
  401d90:	f47f af7d 	bne.w	401c8e <__aeabi_fmul+0x15e>
  401d94:	ea93 0f0c 	teq	r3, ip
  401d98:	f47f af70 	bne.w	401c7c <__aeabi_fmul+0x14c>
  401d9c:	4608      	mov	r0, r1
  401d9e:	e776      	b.n	401c8e <__aeabi_fmul+0x15e>
  401da0:	ea93 0f0c 	teq	r3, ip
  401da4:	d104      	bne.n	401db0 <__aeabi_fdiv+0x118>
  401da6:	024b      	lsls	r3, r1, #9
  401da8:	f43f af4c 	beq.w	401c44 <__aeabi_fmul+0x114>
  401dac:	4608      	mov	r0, r1
  401dae:	e76e      	b.n	401c8e <__aeabi_fmul+0x15e>
  401db0:	f030 4c00 	bics.w	ip, r0, #2147483648	; 0x80000000
  401db4:	bf18      	it	ne
  401db6:	f031 4c00 	bicsne.w	ip, r1, #2147483648	; 0x80000000
  401dba:	d1ca      	bne.n	401d52 <__aeabi_fdiv+0xba>
  401dbc:	f030 4200 	bics.w	r2, r0, #2147483648	; 0x80000000
  401dc0:	f47f af5c 	bne.w	401c7c <__aeabi_fmul+0x14c>
  401dc4:	f031 4300 	bics.w	r3, r1, #2147483648	; 0x80000000
  401dc8:	f47f af3c 	bne.w	401c44 <__aeabi_fmul+0x114>
  401dcc:	e75f      	b.n	401c8e <__aeabi_fmul+0x15e>
  401dce:	bf00      	nop

00401dd0 <__mulsc3>:
  401dd0:	e92d 4ff0 	stmdb	sp!, {r4, r5, r6, r7, r8, r9, sl, fp, lr}
  401dd4:	468b      	mov	fp, r1
  401dd6:	b087      	sub	sp, #28
  401dd8:	4619      	mov	r1, r3
  401dda:	4605      	mov	r5, r0
  401ddc:	4658      	mov	r0, fp
  401dde:	4616      	mov	r6, r2
  401de0:	461f      	mov	r7, r3
  401de2:	f7ff fea5 	bl	401b30 <__aeabi_fmul>
  401de6:	9910      	ldr	r1, [sp, #64]	; 0x40
  401de8:	4680      	mov	r8, r0
  401dea:	4630      	mov	r0, r6
  401dec:	f7ff fea0 	bl	401b30 <__aeabi_fmul>
  401df0:	9910      	ldr	r1, [sp, #64]	; 0x40
  401df2:	4681      	mov	r9, r0
  401df4:	4658      	mov	r0, fp
  401df6:	f7ff fe9b 	bl	401b30 <__aeabi_fmul>
  401dfa:	4631      	mov	r1, r6
  401dfc:	4682      	mov	sl, r0
  401dfe:	4638      	mov	r0, r7
  401e00:	f7ff fe96 	bl	401b30 <__aeabi_fmul>
  401e04:	4649      	mov	r1, r9
  401e06:	9002      	str	r0, [sp, #8]
  401e08:	4640      	mov	r0, r8
  401e0a:	f7ff fd87 	bl	40191c <__aeabi_fsub>
  401e0e:	9902      	ldr	r1, [sp, #8]
  401e10:	4604      	mov	r4, r0
  401e12:	4650      	mov	r0, sl
  401e14:	f7ff fd84 	bl	401920 <__addsf3>
  401e18:	4621      	mov	r1, r4
  401e1a:	9001      	str	r0, [sp, #4]
  401e1c:	4620      	mov	r0, r4
  401e1e:	f000 f9e1 	bl	4021e4 <__aeabi_fcmpun>
  401e22:	b930      	cbnz	r0, 401e32 <__mulsc3+0x62>
  401e24:	9b01      	ldr	r3, [sp, #4]
  401e26:	602c      	str	r4, [r5, #0]
  401e28:	4628      	mov	r0, r5
  401e2a:	606b      	str	r3, [r5, #4]
  401e2c:	b007      	add	sp, #28
  401e2e:	e8bd 8ff0 	ldmia.w	sp!, {r4, r5, r6, r7, r8, r9, sl, fp, pc}
  401e32:	9901      	ldr	r1, [sp, #4]
  401e34:	4608      	mov	r0, r1
  401e36:	f000 f9d5 	bl	4021e4 <__aeabi_fcmpun>
  401e3a:	2800      	cmp	r0, #0
  401e3c:	d0f2      	beq.n	401e24 <__mulsc3+0x54>
  401e3e:	f02b 4300 	bic.w	r3, fp, #2147483648	; 0x80000000
  401e42:	4618      	mov	r0, r3
  401e44:	499e      	ldr	r1, [pc, #632]	; (4020c0 <__mulsc3+0x2f0>)
  401e46:	9303      	str	r3, [sp, #12]
  401e48:	f000 f9cc 	bl	4021e4 <__aeabi_fcmpun>
  401e4c:	9b03      	ldr	r3, [sp, #12]
  401e4e:	f04f 0201 	mov.w	r2, #1
  401e52:	b940      	cbnz	r0, 401e66 <__mulsc3+0x96>
  401e54:	4618      	mov	r0, r3
  401e56:	499a      	ldr	r1, [pc, #616]	; (4020c0 <__mulsc3+0x2f0>)
  401e58:	9204      	str	r2, [sp, #16]
  401e5a:	f000 f9a5 	bl	4021a8 <__aeabi_fcmple>
  401e5e:	e9dd 3203 	ldrd	r3, r2, [sp, #12]
  401e62:	b900      	cbnz	r0, 401e66 <__mulsc3+0x96>
  401e64:	4602      	mov	r2, r0
  401e66:	f082 0201 	eor.w	r2, r2, #1
  401e6a:	b2d2      	uxtb	r2, r2
  401e6c:	4994      	ldr	r1, [pc, #592]	; (4020c0 <__mulsc3+0x2f0>)
  401e6e:	9204      	str	r2, [sp, #16]
  401e70:	4618      	mov	r0, r3
  401e72:	9303      	str	r3, [sp, #12]
  401e74:	f000 f9b6 	bl	4021e4 <__aeabi_fcmpun>
  401e78:	b938      	cbnz	r0, 401e8a <__mulsc3+0xba>
  401e7a:	9b03      	ldr	r3, [sp, #12]
  401e7c:	4990      	ldr	r1, [pc, #576]	; (4020c0 <__mulsc3+0x2f0>)
  401e7e:	4618      	mov	r0, r3
  401e80:	f000 f992 	bl	4021a8 <__aeabi_fcmple>
  401e84:	2800      	cmp	r0, #0
  401e86:	f000 8089 	beq.w	401f9c <__mulsc3+0x1cc>
  401e8a:	f026 4300 	bic.w	r3, r6, #2147483648	; 0x80000000
  401e8e:	498c      	ldr	r1, [pc, #560]	; (4020c0 <__mulsc3+0x2f0>)
  401e90:	9303      	str	r3, [sp, #12]
  401e92:	4618      	mov	r0, r3
  401e94:	f000 f9a6 	bl	4021e4 <__aeabi_fcmpun>
  401e98:	b930      	cbnz	r0, 401ea8 <__mulsc3+0xd8>
  401e9a:	9b03      	ldr	r3, [sp, #12]
  401e9c:	4988      	ldr	r1, [pc, #544]	; (4020c0 <__mulsc3+0x2f0>)
  401e9e:	4618      	mov	r0, r3
  401ea0:	f000 f982 	bl	4021a8 <__aeabi_fcmple>
  401ea4:	2800      	cmp	r0, #0
  401ea6:	d079      	beq.n	401f9c <__mulsc3+0x1cc>
  401ea8:	2300      	movs	r3, #0
  401eaa:	9305      	str	r3, [sp, #20]
  401eac:	f027 4300 	bic.w	r3, r7, #2147483648	; 0x80000000
  401eb0:	4983      	ldr	r1, [pc, #524]	; (4020c0 <__mulsc3+0x2f0>)
  401eb2:	9303      	str	r3, [sp, #12]
  401eb4:	4618      	mov	r0, r3
  401eb6:	f000 f995 	bl	4021e4 <__aeabi_fcmpun>
  401eba:	2800      	cmp	r0, #0
  401ebc:	f040 809d 	bne.w	401ffa <__mulsc3+0x22a>
  401ec0:	497f      	ldr	r1, [pc, #508]	; (4020c0 <__mulsc3+0x2f0>)
  401ec2:	9803      	ldr	r0, [sp, #12]
  401ec4:	f000 f970 	bl	4021a8 <__aeabi_fcmple>
  401ec8:	2800      	cmp	r0, #0
  401eca:	f040 8096 	bne.w	401ffa <__mulsc3+0x22a>
  401ece:	9b10      	ldr	r3, [sp, #64]	; 0x40
  401ed0:	f023 4300 	bic.w	r3, r3, #2147483648	; 0x80000000
  401ed4:	9304      	str	r3, [sp, #16]
  401ed6:	f8dd 800c 	ldr.w	r8, [sp, #12]
  401eda:	4979      	ldr	r1, [pc, #484]	; (4020c0 <__mulsc3+0x2f0>)
  401edc:	4640      	mov	r0, r8
  401ede:	f000 f981 	bl	4021e4 <__aeabi_fcmpun>
  401ee2:	f04f 0401 	mov.w	r4, #1
  401ee6:	b928      	cbnz	r0, 401ef4 <__mulsc3+0x124>
  401ee8:	4975      	ldr	r1, [pc, #468]	; (4020c0 <__mulsc3+0x2f0>)
  401eea:	4640      	mov	r0, r8
  401eec:	f000 f95c 	bl	4021a8 <__aeabi_fcmple>
  401ef0:	b900      	cbnz	r0, 401ef4 <__mulsc3+0x124>
  401ef2:	4604      	mov	r4, r0
  401ef4:	f084 0001 	eor.w	r0, r4, #1
  401ef8:	f000 0001 	and.w	r0, r0, #1
  401efc:	f7ff fdc4 	bl	401a88 <__aeabi_i2f>
  401f00:	f8dd 8010 	ldr.w	r8, [sp, #16]
  401f04:	496e      	ldr	r1, [pc, #440]	; (4020c0 <__mulsc3+0x2f0>)
  401f06:	f360 071e 	bfi	r7, r0, #0, #31
  401f0a:	4640      	mov	r0, r8
  401f0c:	f000 f96a 	bl	4021e4 <__aeabi_fcmpun>
  401f10:	f04f 0401 	mov.w	r4, #1
  401f14:	b928      	cbnz	r0, 401f22 <__mulsc3+0x152>
  401f16:	496a      	ldr	r1, [pc, #424]	; (4020c0 <__mulsc3+0x2f0>)
  401f18:	4640      	mov	r0, r8
  401f1a:	f000 f945 	bl	4021a8 <__aeabi_fcmple>
  401f1e:	b900      	cbnz	r0, 401f22 <__mulsc3+0x152>
  401f20:	4604      	mov	r4, r0
  401f22:	f084 0001 	eor.w	r0, r4, #1
  401f26:	f000 0001 	and.w	r0, r0, #1
  401f2a:	f7ff fdad 	bl	401a88 <__aeabi_i2f>
  401f2e:	9b10      	ldr	r3, [sp, #64]	; 0x40
  401f30:	4659      	mov	r1, fp
  401f32:	f360 031e 	bfi	r3, r0, #0, #31
  401f36:	4658      	mov	r0, fp
  401f38:	9310      	str	r3, [sp, #64]	; 0x40
  401f3a:	f000 f953 	bl	4021e4 <__aeabi_fcmpun>
  401f3e:	2800      	cmp	r0, #0
  401f40:	f040 80ca 	bne.w	4020d8 <__mulsc3+0x308>
  401f44:	4631      	mov	r1, r6
  401f46:	4630      	mov	r0, r6
  401f48:	f000 f94c 	bl	4021e4 <__aeabi_fcmpun>
  401f4c:	2800      	cmp	r0, #0
  401f4e:	f040 80c0 	bne.w	4020d2 <__mulsc3+0x302>
  401f52:	4639      	mov	r1, r7
  401f54:	4658      	mov	r0, fp
  401f56:	f7ff fdeb 	bl	401b30 <__aeabi_fmul>
  401f5a:	9910      	ldr	r1, [sp, #64]	; 0x40
  401f5c:	4604      	mov	r4, r0
  401f5e:	4630      	mov	r0, r6
  401f60:	f7ff fde6 	bl	401b30 <__aeabi_fmul>
  401f64:	4601      	mov	r1, r0
  401f66:	4620      	mov	r0, r4
  401f68:	f7ff fcd8 	bl	40191c <__aeabi_fsub>
  401f6c:	f04f 41ff 	mov.w	r1, #2139095040	; 0x7f800000
  401f70:	f7ff fdde 	bl	401b30 <__aeabi_fmul>
  401f74:	9910      	ldr	r1, [sp, #64]	; 0x40
  401f76:	4604      	mov	r4, r0
  401f78:	4658      	mov	r0, fp
  401f7a:	f7ff fdd9 	bl	401b30 <__aeabi_fmul>
  401f7e:	4639      	mov	r1, r7
  401f80:	4680      	mov	r8, r0
  401f82:	4630      	mov	r0, r6
  401f84:	f7ff fdd4 	bl	401b30 <__aeabi_fmul>
  401f88:	4601      	mov	r1, r0
  401f8a:	4640      	mov	r0, r8
  401f8c:	f7ff fcc8 	bl	401920 <__addsf3>
  401f90:	f04f 41ff 	mov.w	r1, #2139095040	; 0x7f800000
  401f94:	f7ff fdcc 	bl	401b30 <__aeabi_fmul>
  401f98:	9001      	str	r0, [sp, #4]
  401f9a:	e743      	b.n	401e24 <__mulsc3+0x54>
  401f9c:	9804      	ldr	r0, [sp, #16]
  401f9e:	f7ff fd73 	bl	401a88 <__aeabi_i2f>
  401fa2:	f026 4300 	bic.w	r3, r6, #2147483648	; 0x80000000
  401fa6:	4946      	ldr	r1, [pc, #280]	; (4020c0 <__mulsc3+0x2f0>)
  401fa8:	9303      	str	r3, [sp, #12]
  401faa:	f360 0b1e 	bfi	fp, r0, #0, #31
  401fae:	4618      	mov	r0, r3
  401fb0:	f000 f918 	bl	4021e4 <__aeabi_fcmpun>
  401fb4:	f04f 0201 	mov.w	r2, #1
  401fb8:	b940      	cbnz	r0, 401fcc <__mulsc3+0x1fc>
  401fba:	9b03      	ldr	r3, [sp, #12]
  401fbc:	4940      	ldr	r1, [pc, #256]	; (4020c0 <__mulsc3+0x2f0>)
  401fbe:	9204      	str	r2, [sp, #16]
  401fc0:	4618      	mov	r0, r3
  401fc2:	f000 f8f1 	bl	4021a8 <__aeabi_fcmple>
  401fc6:	9a04      	ldr	r2, [sp, #16]
  401fc8:	b900      	cbnz	r0, 401fcc <__mulsc3+0x1fc>
  401fca:	4602      	mov	r2, r0
  401fcc:	f082 0201 	eor.w	r2, r2, #1
  401fd0:	f002 0001 	and.w	r0, r2, #1
  401fd4:	f7ff fd58 	bl	401a88 <__aeabi_i2f>
  401fd8:	4639      	mov	r1, r7
  401fda:	f360 061e 	bfi	r6, r0, #0, #31
  401fde:	4638      	mov	r0, r7
  401fe0:	f000 f900 	bl	4021e4 <__aeabi_fcmpun>
  401fe4:	2800      	cmp	r0, #0
  401fe6:	d17a      	bne.n	4020de <__mulsc3+0x30e>
  401fe8:	9910      	ldr	r1, [sp, #64]	; 0x40
  401fea:	4608      	mov	r0, r1
  401fec:	f000 f8fa 	bl	4021e4 <__aeabi_fcmpun>
  401ff0:	2800      	cmp	r0, #0
  401ff2:	d167      	bne.n	4020c4 <__mulsc3+0x2f4>
  401ff4:	2301      	movs	r3, #1
  401ff6:	9305      	str	r3, [sp, #20]
  401ff8:	e758      	b.n	401eac <__mulsc3+0xdc>
  401ffa:	9b10      	ldr	r3, [sp, #64]	; 0x40
  401ffc:	4930      	ldr	r1, [pc, #192]	; (4020c0 <__mulsc3+0x2f0>)
  401ffe:	f023 4300 	bic.w	r3, r3, #2147483648	; 0x80000000
  402002:	4618      	mov	r0, r3
  402004:	9304      	str	r3, [sp, #16]
  402006:	f000 f8ed 	bl	4021e4 <__aeabi_fcmpun>
  40200a:	b930      	cbnz	r0, 40201a <__mulsc3+0x24a>
  40200c:	492c      	ldr	r1, [pc, #176]	; (4020c0 <__mulsc3+0x2f0>)
  40200e:	9804      	ldr	r0, [sp, #16]
  402010:	f000 f8ca 	bl	4021a8 <__aeabi_fcmple>
  402014:	2800      	cmp	r0, #0
  402016:	f43f af5e 	beq.w	401ed6 <__mulsc3+0x106>
  40201a:	9b05      	ldr	r3, [sp, #20]
  40201c:	2b00      	cmp	r3, #0
  40201e:	d198      	bne.n	401f52 <__mulsc3+0x182>
  402020:	f028 4800 	bic.w	r8, r8, #2147483648	; 0x80000000
  402024:	4926      	ldr	r1, [pc, #152]	; (4020c0 <__mulsc3+0x2f0>)
  402026:	4640      	mov	r0, r8
  402028:	f000 f8dc 	bl	4021e4 <__aeabi_fcmpun>
  40202c:	b920      	cbnz	r0, 402038 <__mulsc3+0x268>
  40202e:	4924      	ldr	r1, [pc, #144]	; (4020c0 <__mulsc3+0x2f0>)
  402030:	4640      	mov	r0, r8
  402032:	f000 f8b9 	bl	4021a8 <__aeabi_fcmple>
  402036:	b340      	cbz	r0, 40208a <__mulsc3+0x2ba>
  402038:	f029 4900 	bic.w	r9, r9, #2147483648	; 0x80000000
  40203c:	4920      	ldr	r1, [pc, #128]	; (4020c0 <__mulsc3+0x2f0>)
  40203e:	4648      	mov	r0, r9
  402040:	f000 f8d0 	bl	4021e4 <__aeabi_fcmpun>
  402044:	b920      	cbnz	r0, 402050 <__mulsc3+0x280>
  402046:	491e      	ldr	r1, [pc, #120]	; (4020c0 <__mulsc3+0x2f0>)
  402048:	4648      	mov	r0, r9
  40204a:	f000 f8ad 	bl	4021a8 <__aeabi_fcmple>
  40204e:	b1e0      	cbz	r0, 40208a <__mulsc3+0x2ba>
  402050:	f02a 4a00 	bic.w	sl, sl, #2147483648	; 0x80000000
  402054:	491a      	ldr	r1, [pc, #104]	; (4020c0 <__mulsc3+0x2f0>)
  402056:	4650      	mov	r0, sl
  402058:	f000 f8c4 	bl	4021e4 <__aeabi_fcmpun>
  40205c:	b920      	cbnz	r0, 402068 <__mulsc3+0x298>
  40205e:	4918      	ldr	r1, [pc, #96]	; (4020c0 <__mulsc3+0x2f0>)
  402060:	4650      	mov	r0, sl
  402062:	f000 f8a1 	bl	4021a8 <__aeabi_fcmple>
  402066:	b180      	cbz	r0, 40208a <__mulsc3+0x2ba>
  402068:	9b02      	ldr	r3, [sp, #8]
  40206a:	4915      	ldr	r1, [pc, #84]	; (4020c0 <__mulsc3+0x2f0>)
  40206c:	f023 4800 	bic.w	r8, r3, #2147483648	; 0x80000000
  402070:	4640      	mov	r0, r8
  402072:	f000 f8b7 	bl	4021e4 <__aeabi_fcmpun>
  402076:	2800      	cmp	r0, #0
  402078:	f47f aed4 	bne.w	401e24 <__mulsc3+0x54>
  40207c:	4910      	ldr	r1, [pc, #64]	; (4020c0 <__mulsc3+0x2f0>)
  40207e:	4640      	mov	r0, r8
  402080:	f000 f892 	bl	4021a8 <__aeabi_fcmple>
  402084:	2800      	cmp	r0, #0
  402086:	f47f aecd 	bne.w	401e24 <__mulsc3+0x54>
  40208a:	4659      	mov	r1, fp
  40208c:	4658      	mov	r0, fp
  40208e:	f000 f8a9 	bl	4021e4 <__aeabi_fcmpun>
  402092:	bb68      	cbnz	r0, 4020f0 <__mulsc3+0x320>
  402094:	4631      	mov	r1, r6
  402096:	4630      	mov	r0, r6
  402098:	f000 f8a4 	bl	4021e4 <__aeabi_fcmpun>
  40209c:	bb28      	cbnz	r0, 4020ea <__mulsc3+0x31a>
  40209e:	4639      	mov	r1, r7
  4020a0:	4638      	mov	r0, r7
  4020a2:	f000 f89f 	bl	4021e4 <__aeabi_fcmpun>
  4020a6:	b9e8      	cbnz	r0, 4020e4 <__mulsc3+0x314>
  4020a8:	9910      	ldr	r1, [sp, #64]	; 0x40
  4020aa:	4608      	mov	r0, r1
  4020ac:	f000 f89a 	bl	4021e4 <__aeabi_fcmpun>
  4020b0:	2800      	cmp	r0, #0
  4020b2:	f43f af4e 	beq.w	401f52 <__mulsc3+0x182>
  4020b6:	9b10      	ldr	r3, [sp, #64]	; 0x40
  4020b8:	f36f 031e 	bfc	r3, #0, #31
  4020bc:	9310      	str	r3, [sp, #64]	; 0x40
  4020be:	e748      	b.n	401f52 <__mulsc3+0x182>
  4020c0:	7f7fffff 	.word	0x7f7fffff
  4020c4:	9b10      	ldr	r3, [sp, #64]	; 0x40
  4020c6:	f36f 031e 	bfc	r3, #0, #31
  4020ca:	9310      	str	r3, [sp, #64]	; 0x40
  4020cc:	2301      	movs	r3, #1
  4020ce:	9305      	str	r3, [sp, #20]
  4020d0:	e6ec      	b.n	401eac <__mulsc3+0xdc>
  4020d2:	f36f 061e 	bfc	r6, #0, #31
  4020d6:	e73c      	b.n	401f52 <__mulsc3+0x182>
  4020d8:	f36f 0b1e 	bfc	fp, #0, #31
  4020dc:	e732      	b.n	401f44 <__mulsc3+0x174>
  4020de:	f36f 071e 	bfc	r7, #0, #31
  4020e2:	e781      	b.n	401fe8 <__mulsc3+0x218>
  4020e4:	f36f 071e 	bfc	r7, #0, #31
  4020e8:	e7de      	b.n	4020a8 <__mulsc3+0x2d8>
  4020ea:	f36f 061e 	bfc	r6, #0, #31
  4020ee:	e7d6      	b.n	40209e <__mulsc3+0x2ce>
  4020f0:	f36f 0b1e 	bfc	fp, #0, #31
  4020f4:	e7ce      	b.n	402094 <__mulsc3+0x2c4>
  4020f6:	bf00      	nop

004020f8 <__gesf2>:
  4020f8:	f04f 3cff 	mov.w	ip, #4294967295	; 0xffffffff
  4020fc:	e006      	b.n	40210c <__cmpsf2+0x4>
  4020fe:	bf00      	nop

00402100 <__lesf2>:
  402100:	f04f 0c01 	mov.w	ip, #1
  402104:	e002      	b.n	40210c <__cmpsf2+0x4>
  402106:	bf00      	nop

00402108 <__cmpsf2>:
  402108:	f04f 0c01 	mov.w	ip, #1
  40210c:	f84d cd04 	str.w	ip, [sp, #-4]!
  402110:	ea4f 0240 	mov.w	r2, r0, lsl #1
  402114:	ea4f 0341 	mov.w	r3, r1, lsl #1
  402118:	ea7f 6c22 	mvns.w	ip, r2, asr #24
  40211c:	bf18      	it	ne
  40211e:	ea7f 6c23 	mvnsne.w	ip, r3, asr #24
  402122:	d011      	beq.n	402148 <__cmpsf2+0x40>
  402124:	b001      	add	sp, #4
  402126:	ea52 0c53 	orrs.w	ip, r2, r3, lsr #1
  40212a:	bf18      	it	ne
  40212c:	ea90 0f01 	teqne	r0, r1
  402130:	bf58      	it	pl
  402132:	ebb2 0003 	subspl.w	r0, r2, r3
  402136:	bf88      	it	hi
  402138:	17c8      	asrhi	r0, r1, #31
  40213a:	bf38      	it	cc
  40213c:	ea6f 70e1 	mvncc.w	r0, r1, asr #31
  402140:	bf18      	it	ne
  402142:	f040 0001 	orrne.w	r0, r0, #1
  402146:	4770      	bx	lr
  402148:	ea7f 6c22 	mvns.w	ip, r2, asr #24
  40214c:	d102      	bne.n	402154 <__cmpsf2+0x4c>
  40214e:	ea5f 2c40 	movs.w	ip, r0, lsl #9
  402152:	d105      	bne.n	402160 <__cmpsf2+0x58>
  402154:	ea7f 6c23 	mvns.w	ip, r3, asr #24
  402158:	d1e4      	bne.n	402124 <__cmpsf2+0x1c>
  40215a:	ea5f 2c41 	movs.w	ip, r1, lsl #9
  40215e:	d0e1      	beq.n	402124 <__cmpsf2+0x1c>
  402160:	f85d 0b04 	ldr.w	r0, [sp], #4
  402164:	4770      	bx	lr
  402166:	bf00      	nop

00402168 <__aeabi_cfrcmple>:
  402168:	4684      	mov	ip, r0
  40216a:	4608      	mov	r0, r1
  40216c:	4661      	mov	r1, ip
  40216e:	e7ff      	b.n	402170 <__aeabi_cfcmpeq>

00402170 <__aeabi_cfcmpeq>:
  402170:	b50f      	push	{r0, r1, r2, r3, lr}
  402172:	f7ff ffc9 	bl	402108 <__cmpsf2>
  402176:	2800      	cmp	r0, #0
  402178:	bf48      	it	mi
  40217a:	f110 0f00 	cmnmi.w	r0, #0
  40217e:	bd0f      	pop	{r0, r1, r2, r3, pc}

00402180 <__aeabi_fcmpeq>:
  402180:	f84d ed08 	str.w	lr, [sp, #-8]!
  402184:	f7ff fff4 	bl	402170 <__aeabi_cfcmpeq>
  402188:	bf0c      	ite	eq
  40218a:	2001      	moveq	r0, #1
  40218c:	2000      	movne	r0, #0
  40218e:	f85d fb08 	ldr.w	pc, [sp], #8
  402192:	bf00      	nop

00402194 <__aeabi_fcmplt>:
  402194:	f84d ed08 	str.w	lr, [sp, #-8]!
  402198:	f7ff ffea 	bl	402170 <__aeabi_cfcmpeq>
  40219c:	bf34      	ite	cc
  40219e:	2001      	movcc	r0, #1
  4021a0:	2000      	movcs	r0, #0
  4021a2:	f85d fb08 	ldr.w	pc, [sp], #8
  4021a6:	bf00      	nop

004021a8 <__aeabi_fcmple>:
  4021a8:	f84d ed08 	str.w	lr, [sp, #-8]!
  4021ac:	f7ff ffe0 	bl	402170 <__aeabi_cfcmpeq>
  4021b0:	bf94      	ite	ls
  4021b2:	2001      	movls	r0, #1
  4021b4:	2000      	movhi	r0, #0
  4021b6:	f85d fb08 	ldr.w	pc, [sp], #8
  4021ba:	bf00      	nop

004021bc <__aeabi_fcmpge>:
  4021bc:	f84d ed08 	str.w	lr, [sp, #-8]!
  4021c0:	f7ff ffd2 	bl	402168 <__aeabi_cfrcmple>
  4021c4:	bf94      	ite	ls
  4021c6:	2001      	movls	r0, #1
  4021c8:	2000      	movhi	r0, #0
  4021ca:	f85d fb08 	ldr.w	pc, [sp], #8
  4021ce:	bf00      	nop

004021d0 <__aeabi_fcmpgt>:
  4021d0:	f84d ed08 	str.w	lr, [sp, #-8]!
  4021d4:	f7ff ffc8 	bl	402168 <__aeabi_cfrcmple>
  4021d8:	bf34      	ite	cc
  4021da:	2001      	movcc	r0, #1
  4021dc:	2000      	movcs	r0, #0
  4021de:	f85d fb08 	ldr.w	pc, [sp], #8
  4021e2:	bf00      	nop

004021e4 <__aeabi_fcmpun>:
  4021e4:	ea4f 0240 	mov.w	r2, r0, lsl #1
  4021e8:	ea4f 0341 	mov.w	r3, r1, lsl #1
  4021ec:	ea7f 6c22 	mvns.w	ip, r2, asr #24
  4021f0:	d102      	bne.n	4021f8 <__aeabi_fcmpun+0x14>
  4021f2:	ea5f 2c40 	movs.w	ip, r0, lsl #9
  4021f6:	d108      	bne.n	40220a <__aeabi_fcmpun+0x26>
  4021f8:	ea7f 6c23 	mvns.w	ip, r3, asr #24
  4021fc:	d102      	bne.n	402204 <__aeabi_fcmpun+0x20>
  4021fe:	ea5f 2c41 	movs.w	ip, r1, lsl #9
  402202:	d102      	bne.n	40220a <__aeabi_fcmpun+0x26>
  402204:	f04f 0000 	mov.w	r0, #0
  402208:	4770      	bx	lr
  40220a:	f04f 0001 	mov.w	r0, #1
  40220e:	4770      	bx	lr

00402210 <__errno>:
  402210:	4b01      	ldr	r3, [pc, #4]	; (402218 <__errno+0x8>)
  402212:	6818      	ldr	r0, [r3, #0]
  402214:	4770      	bx	lr
  402216:	bf00      	nop
  402218:	20000008 	.word	0x20000008

0040221c <__libc_init_array>:
  40221c:	b570      	push	{r4, r5, r6, lr}
  40221e:	4e0d      	ldr	r6, [pc, #52]	; (402254 <__libc_init_array+0x38>)
  402220:	4d0d      	ldr	r5, [pc, #52]	; (402258 <__libc_init_array+0x3c>)
  402222:	1b76      	subs	r6, r6, r5
  402224:	10b6      	asrs	r6, r6, #2
  402226:	d006      	beq.n	402236 <__libc_init_array+0x1a>
  402228:	2400      	movs	r4, #0
  40222a:	f855 3b04 	ldr.w	r3, [r5], #4
  40222e:	3401      	adds	r4, #1
  402230:	4798      	blx	r3
  402232:	42a6      	cmp	r6, r4
  402234:	d1f9      	bne.n	40222a <__libc_init_array+0xe>
  402236:	4e09      	ldr	r6, [pc, #36]	; (40225c <__libc_init_array+0x40>)
  402238:	4d09      	ldr	r5, [pc, #36]	; (402260 <__libc_init_array+0x44>)
  40223a:	1b76      	subs	r6, r6, r5
  40223c:	f000 fa00 	bl	402640 <_init>
  402240:	10b6      	asrs	r6, r6, #2
  402242:	d006      	beq.n	402252 <__libc_init_array+0x36>
  402244:	2400      	movs	r4, #0
  402246:	f855 3b04 	ldr.w	r3, [r5], #4
  40224a:	3401      	adds	r4, #1
  40224c:	4798      	blx	r3
  40224e:	42a6      	cmp	r6, r4
  402250:	d1f9      	bne.n	402246 <__libc_init_array+0x2a>
  402252:	bd70      	pop	{r4, r5, r6, pc}
  402254:	0040264c 	.word	0x0040264c
  402258:	0040264c 	.word	0x0040264c
  40225c:	00402650 	.word	0x00402650
  402260:	0040264c 	.word	0x0040264c

00402264 <memcpy>:
  402264:	4684      	mov	ip, r0
  402266:	ea41 0300 	orr.w	r3, r1, r0
  40226a:	f013 0303 	ands.w	r3, r3, #3
  40226e:	d16d      	bne.n	40234c <memcpy+0xe8>
  402270:	3a40      	subs	r2, #64	; 0x40
  402272:	d341      	bcc.n	4022f8 <memcpy+0x94>
  402274:	f851 3b04 	ldr.w	r3, [r1], #4
  402278:	f840 3b04 	str.w	r3, [r0], #4
  40227c:	f851 3b04 	ldr.w	r3, [r1], #4
  402280:	f840 3b04 	str.w	r3, [r0], #4
  402284:	f851 3b04 	ldr.w	r3, [r1], #4
  402288:	f840 3b04 	str.w	r3, [r0], #4
  40228c:	f851 3b04 	ldr.w	r3, [r1], #4
  402290:	f840 3b04 	str.w	r3, [r0], #4
  402294:	f851 3b04 	ldr.w	r3, [r1], #4
  402298:	f840 3b04 	str.w	r3, [r0], #4
  40229c:	f851 3b04 	ldr.w	r3, [r1], #4
  4022a0:	f840 3b04 	str.w	r3, [r0], #4
  4022a4:	f851 3b04 	ldr.w	r3, [r1], #4
  4022a8:	f840 3b04 	str.w	r3, [r0], #4
  4022ac:	f851 3b04 	ldr.w	r3, [r1], #4
  4022b0:	f840 3b04 	str.w	r3, [r0], #4
  4022b4:	f851 3b04 	ldr.w	r3, [r1], #4
  4022b8:	f840 3b04 	str.w	r3, [r0], #4
  4022bc:	f851 3b04 	ldr.w	r3, [r1], #4
  4022c0:	f840 3b04 	str.w	r3, [r0], #4
  4022c4:	f851 3b04 	ldr.w	r3, [r1], #4
  4022c8:	f840 3b04 	str.w	r3, [r0], #4
  4022cc:	f851 3b04 	ldr.w	r3, [r1], #4
  4022d0:	f840 3b04 	str.w	r3, [r0], #4
  4022d4:	f851 3b04 	ldr.w	r3, [r1], #4
  4022d8:	f840 3b04 	str.w	r3, [r0], #4
  4022dc:	f851 3b04 	ldr.w	r3, [r1], #4
  4022e0:	f840 3b04 	str.w	r3, [r0], #4
  4022e4:	f851 3b04 	ldr.w	r3, [r1], #4
  4022e8:	f840 3b04 	str.w	r3, [r0], #4
  4022ec:	f851 3b04 	ldr.w	r3, [r1], #4
  4022f0:	f840 3b04 	str.w	r3, [r0], #4
  4022f4:	3a40      	subs	r2, #64	; 0x40
  4022f6:	d2bd      	bcs.n	402274 <memcpy+0x10>
  4022f8:	3230      	adds	r2, #48	; 0x30
  4022fa:	d311      	bcc.n	402320 <memcpy+0xbc>
  4022fc:	f851 3b04 	ldr.w	r3, [r1], #4
  402300:	f840 3b04 	str.w	r3, [r0], #4
  402304:	f851 3b04 	ldr.w	r3, [r1], #4
  402308:	f840 3b04 	str.w	r3, [r0], #4
  40230c:	f851 3b04 	ldr.w	r3, [r1], #4
  402310:	f840 3b04 	str.w	r3, [r0], #4
  402314:	f851 3b04 	ldr.w	r3, [r1], #4
  402318:	f840 3b04 	str.w	r3, [r0], #4
  40231c:	3a10      	subs	r2, #16
  40231e:	d2ed      	bcs.n	4022fc <memcpy+0x98>
  402320:	320c      	adds	r2, #12
  402322:	d305      	bcc.n	402330 <memcpy+0xcc>
  402324:	f851 3b04 	ldr.w	r3, [r1], #4
  402328:	f840 3b04 	str.w	r3, [r0], #4
  40232c:	3a04      	subs	r2, #4
  40232e:	d2f9      	bcs.n	402324 <memcpy+0xc0>
  402330:	3204      	adds	r2, #4
  402332:	d008      	beq.n	402346 <memcpy+0xe2>
  402334:	07d2      	lsls	r2, r2, #31
  402336:	bf1c      	itt	ne
  402338:	f811 3b01 	ldrbne.w	r3, [r1], #1
  40233c:	f800 3b01 	strbne.w	r3, [r0], #1
  402340:	d301      	bcc.n	402346 <memcpy+0xe2>
  402342:	880b      	ldrh	r3, [r1, #0]
  402344:	8003      	strh	r3, [r0, #0]
  402346:	4660      	mov	r0, ip
  402348:	4770      	bx	lr
  40234a:	bf00      	nop
  40234c:	2a08      	cmp	r2, #8
  40234e:	d313      	bcc.n	402378 <memcpy+0x114>
  402350:	078b      	lsls	r3, r1, #30
  402352:	d08d      	beq.n	402270 <memcpy+0xc>
  402354:	f010 0303 	ands.w	r3, r0, #3
  402358:	d08a      	beq.n	402270 <memcpy+0xc>
  40235a:	f1c3 0304 	rsb	r3, r3, #4
  40235e:	1ad2      	subs	r2, r2, r3
  402360:	07db      	lsls	r3, r3, #31
  402362:	bf1c      	itt	ne
  402364:	f811 3b01 	ldrbne.w	r3, [r1], #1
  402368:	f800 3b01 	strbne.w	r3, [r0], #1
  40236c:	d380      	bcc.n	402270 <memcpy+0xc>
  40236e:	f831 3b02 	ldrh.w	r3, [r1], #2
  402372:	f820 3b02 	strh.w	r3, [r0], #2
  402376:	e77b      	b.n	402270 <memcpy+0xc>
  402378:	3a04      	subs	r2, #4
  40237a:	d3d9      	bcc.n	402330 <memcpy+0xcc>
  40237c:	3a01      	subs	r2, #1
  40237e:	f811 3b01 	ldrb.w	r3, [r1], #1
  402382:	f800 3b01 	strb.w	r3, [r0], #1
  402386:	d2f9      	bcs.n	40237c <memcpy+0x118>
  402388:	780b      	ldrb	r3, [r1, #0]
  40238a:	7003      	strb	r3, [r0, #0]
  40238c:	784b      	ldrb	r3, [r1, #1]
  40238e:	7043      	strb	r3, [r0, #1]
  402390:	788b      	ldrb	r3, [r1, #2]
  402392:	7083      	strb	r3, [r0, #2]
  402394:	4660      	mov	r0, ip
  402396:	4770      	bx	lr

00402398 <memset>:
  402398:	0783      	lsls	r3, r0, #30
  40239a:	b530      	push	{r4, r5, lr}
  40239c:	d048      	beq.n	402430 <memset+0x98>
  40239e:	1e54      	subs	r4, r2, #1
  4023a0:	2a00      	cmp	r2, #0
  4023a2:	d03f      	beq.n	402424 <memset+0x8c>
  4023a4:	b2ca      	uxtb	r2, r1
  4023a6:	4603      	mov	r3, r0
  4023a8:	e001      	b.n	4023ae <memset+0x16>
  4023aa:	3c01      	subs	r4, #1
  4023ac:	d33a      	bcc.n	402424 <memset+0x8c>
  4023ae:	f803 2b01 	strb.w	r2, [r3], #1
  4023b2:	079d      	lsls	r5, r3, #30
  4023b4:	d1f9      	bne.n	4023aa <memset+0x12>
  4023b6:	2c03      	cmp	r4, #3
  4023b8:	d92d      	bls.n	402416 <memset+0x7e>
  4023ba:	b2cd      	uxtb	r5, r1
  4023bc:	ea45 2505 	orr.w	r5, r5, r5, lsl #8
  4023c0:	2c0f      	cmp	r4, #15
  4023c2:	ea45 4505 	orr.w	r5, r5, r5, lsl #16
  4023c6:	d936      	bls.n	402436 <memset+0x9e>
  4023c8:	f1a4 0210 	sub.w	r2, r4, #16
  4023cc:	f022 0c0f 	bic.w	ip, r2, #15
  4023d0:	f103 0e20 	add.w	lr, r3, #32
  4023d4:	44e6      	add	lr, ip
  4023d6:	ea4f 1c12 	mov.w	ip, r2, lsr #4
  4023da:	f103 0210 	add.w	r2, r3, #16
  4023de:	e942 5504 	strd	r5, r5, [r2, #-16]
  4023e2:	e942 5502 	strd	r5, r5, [r2, #-8]
  4023e6:	3210      	adds	r2, #16
  4023e8:	4572      	cmp	r2, lr
  4023ea:	d1f8      	bne.n	4023de <memset+0x46>
  4023ec:	f10c 0201 	add.w	r2, ip, #1
  4023f0:	f014 0f0c 	tst.w	r4, #12
  4023f4:	eb03 1202 	add.w	r2, r3, r2, lsl #4
  4023f8:	f004 0c0f 	and.w	ip, r4, #15
  4023fc:	d013      	beq.n	402426 <memset+0x8e>
  4023fe:	f1ac 0304 	sub.w	r3, ip, #4
  402402:	f023 0303 	bic.w	r3, r3, #3
  402406:	3304      	adds	r3, #4
  402408:	4413      	add	r3, r2
  40240a:	f842 5b04 	str.w	r5, [r2], #4
  40240e:	4293      	cmp	r3, r2
  402410:	d1fb      	bne.n	40240a <memset+0x72>
  402412:	f00c 0403 	and.w	r4, ip, #3
  402416:	b12c      	cbz	r4, 402424 <memset+0x8c>
  402418:	b2ca      	uxtb	r2, r1
  40241a:	441c      	add	r4, r3
  40241c:	f803 2b01 	strb.w	r2, [r3], #1
  402420:	429c      	cmp	r4, r3
  402422:	d1fb      	bne.n	40241c <memset+0x84>
  402424:	bd30      	pop	{r4, r5, pc}
  402426:	4664      	mov	r4, ip
  402428:	4613      	mov	r3, r2
  40242a:	2c00      	cmp	r4, #0
  40242c:	d1f4      	bne.n	402418 <memset+0x80>
  40242e:	e7f9      	b.n	402424 <memset+0x8c>
  402430:	4603      	mov	r3, r0
  402432:	4614      	mov	r4, r2
  402434:	e7bf      	b.n	4023b6 <memset+0x1e>
  402436:	461a      	mov	r2, r3
  402438:	46a4      	mov	ip, r4
  40243a:	e7e0      	b.n	4023fe <memset+0x66>

0040243c <twiddle_table>:
  40243c:	0000 3f80 0000 8000 b10f 3f7f fb30 bd48     ...?.......?0.H.
  40244c:	c46d 3f7e bd36 bdc8 3aac 3f7d 4083 be16     m.~?6....:}?.@..
  40245c:	14be 3f7b c5c2 be47 53f8 3f78 cfcc be78     ..{?..G..Sx?..x.
  40246c:	fa0b 3f74 a031 be94 0908 3f71 7cd4 beac     ..t?1.....q?.|..
  40247c:	835e 3f6c ef15 bec3 6bd8 3f67 e880 beda     ^.l?.....kg?....
  40248c:	c598 3f61 5aea bef1 941a 3f5b 9c3d bf03     ..a?.Z....[?=...
  40249c:	db31 3f54 39da bf0e 9f02 3f4d 7fc0 bf18     1.T?.9....M?....
  4024ac:	e403 3f45 6799 bf22 aef9 3f3d eb4a bf2b     ..E?.g"...=?J.+.
  4024bc:	04f3 3f35 04f3 bf35 eb4a 3f2b aef9 bf3d     ..5?..5.J.+?..=.
  4024cc:	6799 3f22 e403 bf45 7fc0 3f18 9f02 bf4d     .g"?..E....?..M.
  4024dc:	39da 3f0e db31 bf54 9c3d 3f03 941a bf5b     .9.?1.T.=..?..[.
  4024ec:	5aea 3ef1 c598 bf61 e880 3eda 6bd8 bf67     .Z.>..a....>.kg.
  4024fc:	ef15 3ec3 835e bf6c 7cd4 3eac 0908 bf71     ...>^.l..|.>..q.
  40250c:	a031 3e94 fa0b bf74 cfcc 3e78 53f8 bf78     1..>..t...x>.Sx.
  40251c:	c5c2 3e47 14be bf7b 4083 3e16 3aac bf7d     ..G>..{..@.>.:}.
  40252c:	bd36 3dc8 c46d bf7e fb30 3d48 b10f bf7f     6..=m.~.0.H=....
  40253c:	3132 248d 0000 bf80 fb30 bd48 b10f bf7f     21.$....0.H.....
  40254c:	bd36 bdc8 c46d bf7e 4083 be16 3aac bf7d     6...m.~..@...:}.
  40255c:	c5c2 be47 14be bf7b cfcc be78 53f8 bf78     ..G...{...x..Sx.
  40256c:	a031 be94 fa0b bf74 7cd4 beac 0908 bf71     1.....t..|....q.
  40257c:	ef15 bec3 835e bf6c e880 beda 6bd8 bf67     ....^.l......kg.
  40258c:	5aea bef1 c598 bf61 9c3d bf03 941a bf5b     .Z....a.=.....[.
  40259c:	39da bf0e db31 bf54 7fc0 bf18 9f02 bf4d     .9..1.T.......M.
  4025ac:	6799 bf22 e403 bf45 eb4a bf2b aef9 bf3d     .g"...E.J.+...=.
  4025bc:	04f3 bf35 04f3 bf35 aef9 bf3d eb4a bf2b     ..5...5...=.J.+.
  4025cc:	e403 bf45 6799 bf22 9f02 bf4d 7fc0 bf18     ..E..g"...M.....
  4025dc:	db31 bf54 39da bf0e 941a bf5b 9c3d bf03     1.T..9....[.=...
  4025ec:	c598 bf61 5aea bef1 6bd8 bf67 e880 beda     ..a..Z...kg.....
  4025fc:	835e bf6c ef15 bec3 0908 bf71 7cd4 beac     ^.l.......q..|..
  40260c:	fa0b bf74 a031 be94 53f8 bf78 cfcc be78     ..t.1....Sx...x.
  40261c:	14be bf7b c5c2 be47 3aac bf7d 4083 be16     ..{...G..:}..@..
  40262c:	c46d bf7e bd36 bdc8 b10f bf7f fb30 bd48     m.~.6.......0.H.
  40263c:	0000 0000                                   ....

00402640 <_init>:
  402640:	b5f8      	push	{r3, r4, r5, r6, r7, lr}
  402642:	bf00      	nop
  402644:	bcf8      	pop	{r3, r4, r5, r6, r7}
  402646:	bc08      	pop	{r3}
  402648:	469e      	mov	lr, r3
  40264a:	4770      	bx	lr

0040264c <__frame_dummy_init_array_entry>:
  40264c:	0135 0040                                   5.@.

00402650 <_fini>:
  402650:	b5f8      	push	{r3, r4, r5, r6, r7, lr}
  402652:	bf00      	nop
  402654:	bcf8      	pop	{r3, r4, r5, r6, r7}
  402656:	bc08      	pop	{r3}
  402658:	469e      	mov	lr, r3
  40265a:	4770      	bx	lr

0040265c <__do_global_dtors_aux_fini_array_entry>:
  40265c:	010d 0040                                   ..@.
